Crude_Blend,API_Gravity,Inlet_BSW,Inlet_Salt_PTB,Target_Risk_Class
Ural,36.46,1.026,19.88,Low
Arab Light,33.91,1.317,15.51,Medium
Bonny Light,41.94,0.511,10.0,Low
Ural,31.89,2.18,31.98,Low
Basrah Heavy,22.71,1.022,13.32,Medium
Bonny Light,41.26,0.284,17.9,Low
Ural,29.98,1.311,21.92,Low
Ural,32.39,1.372,17.77,Medium
Basrah Heavy,24.99,0.634,10.0,Low
Arab Light,33.55,1.013,12.48,Low
Arab Light,34.31,0.907,24.32,Low
Bonny Light,34.72,1.219,21.47,Low
Arab Light,35.95,1.0,12.81,Low
Ural,36.4,0.442,37.21,Low
Arab Light,34.75,0.643,18.67,Low
Basrah Heavy,25.72,1.143,14.99,Medium
Arab Light,38.68,0.889,32.66,Medium
Basrah Heavy,22.19,1.985,32.96,High
Ural,31.59,0.917,10.0,Low
Arab Light,33.31,1.083,15.59,Low
Ural,34.39,0.663,16.88,Low
Arab Light,39.63,1.282,17.65,Low
Bonny Light,40.27,0.715,10.0,Low
Bonny Light,41.56,0.661,20.9,Low
Ural,27.64,2.255,29.39,Medium
Basrah Heavy,23.17,2.395,28.84,High
Arab Light,35.56,0.896,10.8,Low
Basrah Heavy,24.12,1.516,28.87,High
Basrah Heavy,22.65,2.5,18.98,High
Ural,27.56,1.411,15.73,High
Ural,34.02,0.757,15.65,Low
Bonny Light,44.38,0.641,16.42,Low
Basrah Heavy,22.69,1.232,33.12,Medium
Arab Light,31.79,0.614,15.85,Low
Arab Light,31.77,1.597,24.37,Medium
Basrah Heavy,29.09,1.006,10.31,Medium
Basrah Heavy,26.02,1.742,16.9,High
Arab Light,35.38,1.695,18.81,Medium
Basrah Heavy,25.63,0.94,15.92,High
Ural,30.55,1.189,17.28,Low
Arab Light,33.24,1.738,25.81,Medium
Ural,31.16,1.482,33.56,Medium
Ural,36.11,0.799,15.07,High
Basrah Heavy,26.02,2.5,35.54,Medium
Ural,30.32,1.181,12.35,Medium
Ural,32.8,1.221,33.43,Low
Arab Light,38.19,1.278,18.88,High
Basrah Heavy,28.62,1.875,38.2,Medium
Ural,30.31,1.94,22.47,High
Basrah Heavy,27.68,1.015,13.71,Medium
Basrah Heavy,22.12,2.5,24.4,High
Basrah Heavy,24.59,1.685,14.83,High
Ural,31.59,0.878,24.5,Medium
Ural,28.23,1.464,14.94,Medium
Ural,34.31,1.032,19.59,Low
Ural,34.5,1.834,15.41,Low
Arab Light,31.94,1.277,37.67,Low
Arab Light,31.25,0.884,24.83,Low
Basrah Heavy,28.28,0.949,24.58,Medium
Basrah Heavy,28.19,1.335,20.7,High
Ural,34.45,0.597,12.2,Low
Arab Light,31.95,0.869,11.59,Low
Arab Light,38.23,0.657,28.74,High
Ural,27.65,1.201,10.0,Medium
Arab Light,30.6,1.552,26.54,Medium
Arab Light,36.57,0.634,10.0,Low
Arab Light,38.08,0.305,10.0,Low
Basrah Heavy,21.0,1.007,14.09,High
Basrah Heavy,20.54,1.835,21.05,High
Arab Light,38.16,0.586,16.21,Low
Basrah Heavy,27.32,0.917,26.31,Medium
Arab Light,36.83,1.597,20.41,Medium
Bonny Light,40.59,0.754,10.0,Low
Basrah Heavy,27.36,1.382,14.11,Medium
Basrah Heavy,28.36,1.461,19.17,High
Basrah Heavy,23.1,1.534,17.76,High
Basrah Heavy,22.3,1.118,22.93,High
Ural,33.47,1.463,23.34,Low
Arab Light,33.54,1.368,26.74,Low
Ural,33.93,0.496,10.0,Low
Ural,28.8,1.427,29.42,Medium
Arab Light,36.26,0.946,10.0,Low
Ural,32.5,0.966,20.88,Low
Basrah Heavy,27.51,2.5,40.74,High
Basrah Heavy,23.92,2.5,16.56,High
Basrah Heavy,25.91,1.317,10.0,High
Ural,34.14,0.904,14.91,Low
Arab Light,35.94,0.765,11.44,Low
Basrah Heavy,26.15,1.201,10.0,Medium
Arab Light,36.87,0.581,10.0,Low
Basrah Heavy,22.78,2.034,34.54,High
Ural,27.35,2.5,20.32,Medium
Arab Light,29.83,2.155,54.66,High
Arab Light,31.63,1.499,12.95,Medium
Basrah Heavy,29.62,0.545,10.0,Low
Arab Light,33.39,0.534,10.0,Low
Arab Light,33.63,1.465,12.26,Low
Basrah Heavy,25.91,2.5,22.23,High
Basrah Heavy,21.9,2.136,25.48,High
Bonny Light,40.68,0.502,16.87,Low
Bonny Light,37.65,1.208,13.98,Medium
Ural,31.14,1.521,25.44,Medium
Basrah Heavy,23.9,2.43,44.12,Medium
Bonny Light,39.69,0.325,10.0,Low
Ural,32.35,1.231,14.52,Medium
Ural,28.17,2.5,21.22,High
Arab Light,37.51,0.916,15.5,Low
Basrah Heavy,24.6,2.212,40.4,High
Basrah Heavy,22.76,1.726,21.92,High
Bonny Light,41.37,0.534,17.41,Low
Arab Light,34.49,1.559,20.98,Low
Basrah Heavy,20.71,1.452,19.42,Medium
Basrah Heavy,27.42,1.075,44.82,High
Arab Light,34.85,0.788,17.39,Low
Basrah Heavy,24.33,1.617,29.7,High
Bonny Light,42.32,0.258,13.95,Low
Ural,27.27,1.829,22.96,High
Ural,33.65,0.952,10.0,Medium
Arab Light,35.36,1.212,13.79,High
Arab Light,35.84,0.413,26.34,Low
Arab Light,35.89,1.168,10.0,Low
Arab Light,37.18,1.249,13.25,Low
Basrah Heavy,26.4,1.716,17.11,Medium
Arab Light,32.16,1.115,26.36,Low
Basrah Heavy,29.35,1.737,37.0,Medium
Arab Light,36.14,1.325,10.27,Low
Basrah Heavy,24.28,1.93,22.64,High
Basrah Heavy,26.35,1.818,31.73,Medium
Basrah Heavy,23.36,2.5,23.79,High
Arab Light,29.98,1.622,26.52,Low
Basrah Heavy,23.26,1.264,16.75,High
Bonny Light,37.87,1.15,40.17,Medium
Arab Light,32.38,1.043,12.55,Low
Basrah Heavy,29.1,1.314,25.6,Low
Arab Light,39.53,0.656,10.3,Low
Basrah Heavy,23.65,2.313,28.45,High
Bonny Light,42.88,0.77,10.0,Low
Arab Light,35.45,0.901,20.56,Low
Ural,28.49,2.453,38.85,High
Basrah Heavy,26.82,1.531,11.49,Medium
Arab Light,37.51,1.244,12.88,Medium
Arab Light,35.33,0.965,25.64,Medium
Bonny Light,42.28,0.384,10.0,Low
Arab Light,35.29,1.77,21.82,Medium
Arab Light,36.87,0.653,10.0,Low
Basrah Heavy,24.04,1.29,29.82,Medium
Basrah Heavy,22.78,1.097,10.0,Medium
Arab Light,34.4,1.496,19.54,Low
Arab Light,32.91,1.786,18.46,Medium
Basrah Heavy,28.04,1.558,27.99,Low
Ural,32.05,0.787,43.87,Low
Bonny Light,40.58,0.564,10.0,Low
Basrah Heavy,21.5,1.606,16.58,High
Arab Light,32.77,0.742,11.37,Medium
Basrah Heavy,22.12,1.471,11.68,High
Ural,36.0,1.024,16.41,Low
Basrah Heavy,29.68,1.021,24.52,Medium
Ural,27.77,1.533,22.83,Medium
Ural,32.52,0.58,18.06,Low
Ural,31.24,2.092,20.07,High
Basrah Heavy,21.53,1.555,26.44,High
Bonny Light,44.89,0.392,12.71,Low
Basrah Heavy,23.12,1.796,14.96,High
Basrah Heavy,24.79,1.813,23.45,High
Arab Light,35.59,0.595,10.0,Low
Arab Light,29.59,0.972,54.84,Low
Ural,29.67,0.975,24.9,Medium
Ural,33.98,0.996,17.51,Low
Basrah Heavy,22.59,2.5,41.37,High
Bonny Light,42.2,0.537,18.05,Low
Basrah Heavy,28.64,0.969,10.0,Medium
Arab Light,35.28,0.932,33.25,Low
Basrah Heavy,25.24,1.503,11.56,Medium
Bonny Light,42.2,0.408,27.45,Low
Basrah Heavy,23.67,1.638,23.64,High
Basrah Heavy,27.55,1.827,23.1,Medium
Arab Light,37.15,0.61,10.0,Low
Bonny Light,42.67,0.382,13.29,Low
Bonny Light,40.95,0.763,19.38,Low
Ural,29.56,1.496,24.76,Medium
Bonny Light,40.51,0.891,17.21,Low
Bonny Light,39.15,1.085,15.85,Low
Arab Light,32.45,0.674,19.84,Medium
Basrah Heavy,25.68,1.679,19.1,High
Ural,33.99,0.826,14.35,Low
Ural,35.33,0.592,16.36,Low
Arab Light,35.8,0.66,13.61,Low
Basrah Heavy,26.91,1.295,10.08,Low
Ural,35.64,0.795,16.47,Low
Basrah Heavy,24.87,1.269,20.57,High
Bonny Light,37.0,0.79,15.74,Low
Basrah Heavy,21.1,2.5,27.66,High
Basrah Heavy,21.72,0.968,13.78,Medium
Ural,33.76,1.49,20.86,Medium
Basrah Heavy,23.28,1.661,16.56,Medium
Basrah Heavy,24.36,1.375,33.45,Medium
Arab Light,34.6,0.467,15.46,Low
Bonny Light,40.27,0.764,17.07,Low
Basrah Heavy,23.16,1.014,10.0,Medium
Basrah Heavy,26.46,1.961,34.68,High
Ural,33.18,1.91,17.73,Low
Bonny Light,41.71,0.314,10.0,Low
Arab Light,32.74,1.605,17.4,Medium
Basrah Heavy,25.66,1.533,24.03,Medium
Basrah Heavy,21.51,0.857,10.0,Low
Basrah Heavy,31.9,0.735,21.26,Low
Basrah Heavy,23.84,1.741,25.5,Medium
Ural,31.29,1.334,14.81,Low
Basrah Heavy,25.2,0.891,10.0,Medium
Arab Light,34.99,0.933,18.44,Low
Ural,31.49,1.529,10.62,Medium
Arab Light,36.0,1.217,13.34,Low
Basrah Heavy,26.9,1.246,17.7,Medium
Ural,31.15,1.362,18.13,Low
Ural,31.61,1.657,17.61,Medium
Ural,33.37,1.383,26.05,Medium
Basrah Heavy,24.79,2.151,20.05,High
Basrah Heavy,29.21,1.344,14.98,Medium
Bonny Light,38.77,0.658,14.43,Low
Arab Light,34.3,1.063,17.95,Low
Basrah Heavy,25.21,1.185,10.51,Medium
Arab Light,35.27,1.335,19.84,Medium
Ural,29.4,0.749,10.78,Low
Bonny Light,42.68,0.361,10.0,Low
Basrah Heavy,22.23,1.717,24.81,High
Bonny Light,36.71,0.958,10.0,Low
Basrah Heavy,24.97,1.968,22.72,Medium
Arab Light,37.76,1.255,18.18,Low
Arab Light,31.79,1.158,20.25,Low
Basrah Heavy,27.28,1.101,12.66,Medium
Basrah Heavy,23.2,1.594,25.69,High
Arab Light,35.63,0.788,21.44,Low
Bonny Light,40.62,0.675,20.24,Low
Arab Light,34.84,0.642,10.0,Low
Bonny Light,42.21,0.433,17.84,Low
Ural,31.8,1.988,31.31,Medium
Arab Light,35.44,0.952,33.05,Low
Ural,32.15,0.764,10.0,Low
Basrah Heavy,30.95,1.048,29.29,Low
Basrah Heavy,25.17,0.71,10.0,Low
Ural,28.77,1.293,25.95,Low
Ural,30.29,2.177,35.11,Low
Basrah Heavy,24.66,1.045,23.44,High
Arab Light,32.38,0.654,10.0,Low
Arab Light,36.28,0.668,25.44,Low
Bonny Light,41.37,0.71,41.55,Low
Arab Light,34.0,1.79,16.21,Medium
Arab Light,33.79,1.169,15.66,Low
Arab Light,33.87,0.634,10.0,Low
Arab Light,35.22,0.901,20.53,Low
Ural,29.7,2.358,24.43,Medium
Bonny Light,40.1,0.534,17.93,Low
Arab Light,37.34,0.811,13.63,Low
Basrah Heavy,20.14,2.037,26.15,Medium
Basrah Heavy,23.98,0.947,15.92,Medium
Ural,31.99,1.58,11.02,Medium
Ural,34.45,1.29,19.53,Low
Basrah Heavy,26.44,0.731,10.0,Medium
Basrah Heavy,26.83,0.907,10.0,Medium
Arab Light,36.21,0.601,25.17,Low
Basrah Heavy,23.69,2.138,30.65,High
Ural,32.56,0.829,18.95,Low
Basrah Heavy,22.77,1.961,25.25,High
Basrah Heavy,25.8,1.417,42.05,High
Bonny Light,41.97,0.488,12.55,Low
Basrah Heavy,21.37,2.134,25.13,High
Basrah Heavy,28.11,1.499,19.62,Medium
Basrah Heavy,20.75,1.821,32.89,High
Basrah Heavy,28.54,1.497,20.82,Medium
Basrah Heavy,23.21,1.808,25.59,High
Basrah Heavy,25.98,1.393,30.31,Medium
Basrah Heavy,21.76,1.521,25.02,High
Basrah Heavy,21.49,2.5,41.44,High
Arab Light,36.56,0.704,21.72,Low
Ural,32.76,1.719,17.46,High
Arab Light,35.88,0.681,10.0,Low
Basrah Heavy,24.14,2.146,39.73,High
Arab Light,34.71,1.756,30.07,Medium
Bonny Light,39.11,0.585,18.03,Low
Bonny Light,42.45,0.353,13.68,Low
Basrah Heavy,26.87,1.241,18.55,Medium
Basrah Heavy,28.01,1.36,14.78,Medium
Basrah Heavy,24.44,1.788,18.04,High
Basrah Heavy,23.22,1.652,14.41,High
Arab Light,30.15,1.064,10.0,Low
Arab Light,34.74,1.86,17.62,Medium
Basrah Heavy,22.11,1.628,19.1,High
Arab Light,35.74,0.704,28.58,Low
Arab Light,39.44,0.853,10.0,Low
Basrah Heavy,23.78,2.205,27.54,High
Ural,33.11,1.709,37.49,Medium
Basrah Heavy,20.36,2.5,38.26,Medium
Bonny Light,41.88,0.544,12.73,Low
Basrah Heavy,23.31,1.509,16.18,High
Ural,27.07,0.734,10.0,Low
Bonny Light,40.2,0.424,12.68,Low
Bonny Light,39.61,0.674,19.67,Low
Ural,33.71,0.664,10.0,Medium
Ural,28.1,0.783,25.22,Medium
Arab Light,37.5,0.78,13.91,Low
Ural,28.44,1.76,25.41,Medium
Basrah Heavy,28.23,1.243,18.74,Medium
Arab Light,29.69,1.727,32.66,Medium
Arab Light,31.05,1.457,30.86,Medium
Bonny Light,40.85,0.819,19.43,Low
Arab Light,33.87,2.127,23.89,Medium
Arab Light,38.11,1.805,23.14,Medium
Arab Light,31.49,1.481,43.22,Medium
Basrah Heavy,24.93,1.333,35.46,High
Basrah Heavy,25.97,1.532,21.56,Medium
Arab Light,34.93,1.606,14.36,High
Arab Light,34.28,0.708,22.41,Low
Basrah Heavy,25.34,2.5,25.63,High
Arab Light,35.75,0.823,28.79,Low
Arab Light,35.2,0.984,11.99,Low
Basrah Heavy,24.46,1.203,15.11,High
Arab Light,32.19,0.693,10.0,Low
Ural,32.39,0.987,35.64,Low
Basrah Heavy,22.01,2.5,22.48,High
Bonny Light,43.61,0.29,17.88,Low
Bonny Light,39.92,1.067,15.93,Low
Arab Light,33.22,0.847,12.25,Low
Basrah Heavy,23.21,1.153,14.42,High
Arab Light,35.99,0.938,29.38,Low
Ural,36.6,1.039,50.63,Low
Ural,31.31,1.237,30.26,Low
Ural,31.92,1.179,10.0,Low
Arab Light,34.16,1.71,29.86,Low
Arab Light,36.1,0.88,14.4,Low
Basrah Heavy,26.53,1.241,17.88,Medium
Ural,33.91,0.667,10.0,Low
Basrah Heavy,24.4,2.498,30.82,High
Ural,31.07,1.011,16.86,Low
Bonny Light,40.68,0.498,16.66,Medium
Basrah Heavy,21.65,2.5,27.5,High
Arab Light,34.42,1.968,33.01,Medium
Basrah Heavy,25.7,1.656,22.86,High
Ural,29.21,1.232,19.47,Medium
Basrah Heavy,25.91,1.5,20.84,Medium
Bonny Light,35.59,0.754,21.91,Low
Basrah Heavy,26.89,1.272,16.19,Medium
Bonny Light,43.06,0.359,15.44,Low
Ural,28.78,1.815,24.58,Medium
Arab Light,38.17,0.697,27.75,Low
Ural,32.83,1.707,20.22,Medium
Ural,36.35,0.802,23.72,Low
Bonny Light,41.89,0.423,14.32,Low
Basrah Heavy,29.13,2.029,37.12,Medium
Arab Light,34.61,0.954,17.07,Low
Basrah Heavy,23.59,1.58,18.51,High
Arab Light,38.0,0.739,11.47,Low
Basrah Heavy,24.42,2.5,31.03,High
Arab Light,32.49,1.205,18.56,Low
Arab Light,33.98,1.528,18.49,Medium
Arab Light,34.59,0.873,17.63,Low
Arab Light,33.84,1.458,10.0,Low
Ural,36.87,0.872,14.41,Low
Ural,34.82,1.271,19.36,Low
Arab Light,34.81,1.31,10.0,Low
Arab Light,37.87,0.531,10.0,Low
Bonny Light,42.62,0.445,10.0,Low
Basrah Heavy,21.1,2.5,28.86,High
Basrah Heavy,24.03,2.4,26.57,High
Basrah Heavy,30.31,1.895,22.53,Medium
Ural,28.66,1.377,10.26,Medium
Arab Light,33.78,1.714,32.15,Low
Ural,32.08,0.881,28.57,Low
Ural,29.78,0.744,10.0,Low
Basrah Heavy,26.38,1.337,17.43,Medium
Bonny Light,43.12,0.612,11.62,Low
Ural,34.37,0.658,17.12,Low
Basrah Heavy,29.54,0.76,11.63,Low
Arab Light,30.96,0.646,22.31,Low
Basrah Heavy,21.45,2.314,20.22,High
Basrah Heavy,21.34,1.082,23.21,Medium
Basrah Heavy,27.09,1.73,25.93,High
Bonny Light,43.16,0.356,10.0,Low
Arab Light,35.41,0.684,11.64,Low
Arab Light,32.79,0.75,10.0,Low
Ural,31.46,1.234,38.39,High
Arab Light,34.61,0.727,13.24,Low
Bonny Light,40.12,0.593,10.05,Low
Ural,31.21,1.34,10.0,Medium
Arab Light,36.05,1.059,19.79,Low
Arab Light,37.45,1.061,14.69,Low
Bonny Light,40.37,0.613,19.09,Low
Ural,34.2,0.674,29.36,Low
Bonny Light,38.69,0.807,22.18,Low
Basrah Heavy,27.51,1.763,16.31,Medium
Bonny Light,43.59,0.349,10.0,Low
Arab Light,35.94,0.779,10.0,Low
Basrah Heavy,27.76,2.5,24.17,High
Arab Light,34.44,0.609,22.63,Low
Ural,32.24,1.305,14.95,Medium
Basrah Heavy,30.76,1.72,28.49,Medium
Arab Light,34.02,0.874,12.1,Low
Ural,35.56,0.835,22.2,Low
Basrah Heavy,24.83,1.366,13.05,High
Arab Light,34.85,0.931,10.0,Low
Arab Light,37.36,1.056,37.04,Low
Basrah Heavy,23.24,1.562,15.1,High
Bonny Light,38.41,2.09,34.96,Medium
Ural,32.02,0.949,20.41,Low
Basrah Heavy,24.09,2.5,23.93,High
Bonny Light,44.87,0.351,10.0,Low
Bonny Light,40.29,0.606,11.21,Low
Basrah Heavy,30.77,1.995,34.43,Low
Ural,35.23,0.518,10.0,Low
Basrah Heavy,27.9,1.597,27.42,Medium
Bonny Light,38.32,0.552,15.81,Low
Ural,32.8,0.912,19.23,Medium
Ural,32.47,0.915,36.69,Medium
Basrah Heavy,29.58,0.905,20.82,Low
Bonny Light,43.33,0.218,12.92,Medium
Basrah Heavy,21.68,2.032,14.38,High
Basrah Heavy,28.49,1.308,31.86,Medium
Basrah Heavy,22.67,1.54,28.31,Medium
Ural,37.44,0.999,19.5,Low
Basrah Heavy,27.43,1.647,19.89,Medium
Bonny Light,41.41,0.466,10.0,Low
Ural,28.23,2.5,33.82,High
Basrah Heavy,25.89,2.148,26.51,Medium
Basrah Heavy,21.64,2.5,46.81,High
Basrah Heavy,26.6,1.262,24.69,Medium
Arab Light,38.24,0.78,16.04,Low
Ural,29.52,0.825,40.04,Medium
Basrah Heavy,23.78,1.46,20.77,High
Ural,31.03,0.958,34.23,Medium
Basrah Heavy,23.2,2.5,17.1,High
Ural,33.35,0.806,43.85,Low
Bonny Light,42.01,0.436,21.69,Low
Ural,32.65,0.645,10.0,Low
Ural,26.93,1.733,43.83,High
Ural,30.5,0.883,10.0,Low
Basrah Heavy,23.43,2.292,19.47,High
Basrah Heavy,22.91,0.906,20.28,Medium
Basrah Heavy,26.09,1.429,32.89,Medium
Arab Light,38.97,0.35,13.92,Low
Ural,32.29,0.922,10.0,Low
Arab Light,35.0,0.834,10.4,Low
Bonny Light,41.03,0.435,10.0,Low
Basrah Heavy,26.06,1.254,22.79,Medium
Ural,34.56,1.334,18.83,Medium
Basrah Heavy,24.6,2.5,43.08,High
Basrah Heavy,22.74,1.921,35.76,High
Ural,34.16,0.722,10.0,Medium
Bonny Light,44.47,0.323,16.69,Low
Arab Light,31.04,1.038,10.0,Medium
Basrah Heavy,23.57,2.256,41.56,Low
Arab Light,32.81,1.174,24.14,Medium
Basrah Heavy,27.38,0.811,14.41,Low
Bonny Light,39.25,0.954,13.86,Low
Ural,29.73,1.766,26.63,Medium
Basrah Heavy,23.36,2.5,39.99,High
Basrah Heavy,25.4,1.282,22.14,Medium
Basrah Heavy,24.34,1.782,22.52,Medium
Bonny Light,35.63,0.582,10.0,Low
Arab Light,35.99,0.843,14.3,Low
Ural,28.49,1.538,32.44,Medium
Arab Light,36.12,0.68,21.6,Low
Arab Light,31.2,1.313,32.34,Medium
Basrah Heavy,22.08,1.854,17.11,High
Bonny Light,42.31,0.388,10.0,Low
Basrah Heavy,24.12,2.5,35.61,High
Arab Light,38.59,0.638,10.0,Low
Ural,33.73,1.051,30.3,Low
Arab Light,33.95,0.592,20.17,Low
Bonny Light,42.0,0.569,15.74,Low
Basrah Heavy,22.52,1.456,13.2,Medium
Arab Light,34.37,1.345,19.88,Low
Arab Light,36.1,0.538,11.68,Low
Arab Light,34.69,1.095,20.68,Low
Basrah Heavy,24.93,0.73,32.2,Medium
Basrah Heavy,25.54,1.894,17.53,High
Basrah Heavy,26.85,1.357,17.48,Medium
Basrah Heavy,27.35,1.623,21.41,Medium
Arab Light,33.55,0.822,29.41,Medium
Arab Light,30.84,0.852,16.52,Medium
Arab Light,36.3,0.72,20.22,Low
Arab Light,33.87,1.063,32.37,Low
Arab Light,35.06,1.123,20.5,Low
Basrah Heavy,22.1,1.943,22.42,High
Arab Light,33.2,0.747,26.98,Low
Basrah Heavy,23.45,2.5,44.75,High
Basrah Heavy,21.19,2.028,30.35,High
Arab Light,32.52,0.869,11.25,Low
Arab Light,34.4,1.114,14.87,Low
Basrah Heavy,26.64,1.593,37.73,Medium
Arab Light,37.61,0.71,21.15,Low
Arab Light,36.62,0.738,12.8,Low
Ural,30.48,1.709,11.81,Medium
Arab Light,36.44,1.519,28.12,Medium
Ural,32.45,0.532,17.83,Low
Basrah Heavy,24.28,2.473,35.7,High
Ural,27.7,1.398,14.65,Medium
Arab Light,36.48,0.899,13.78,Medium
Arab Light,33.68,1.615,32.19,Low
Arab Light,37.64,0.297,10.0,Low
Arab Light,36.67,1.084,15.25,Low
Arab Light,29.88,1.957,15.07,High
Ural,36.91,0.628,10.0,Low
Bonny Light,39.62,0.384,20.27,Low
Bonny Light,44.63,0.543,11.94,Low
Arab Light,37.75,0.403,10.0,Low
Arab Light,34.63,1.095,21.86,Low
Ural,28.97,1.87,19.94,High
Basrah Heavy,24.78,1.81,22.34,High
Ural,30.73,1.456,22.33,Medium
Arab Light,31.23,1.06,30.46,Low
Basrah Heavy,25.1,1.828,25.43,High
Basrah Heavy,26.3,1.154,15.37,High
Ural,33.06,0.854,19.27,Low
Basrah Heavy,24.33,1.624,26.38,High
Basrah Heavy,27.84,0.805,11.84,Low
Basrah Heavy,25.32,1.886,23.27,High
Basrah Heavy,23.71,0.69,14.03,Low
Basrah Heavy,22.44,1.959,35.35,High
Ural,35.06,1.077,10.0,Low
Basrah Heavy,24.75,1.194,21.66,High
Ural,30.81,0.772,22.66,Low
Bonny Light,40.72,0.482,23.13,Low
Arab Light,28.83,1.647,12.35,Medium
Basrah Heavy,28.4,1.517,11.23,Medium
Arab Light,30.53,0.818,11.03,Low
Basrah Heavy,24.04,1.684,28.5,Medium
Arab Light,34.74,1.029,26.07,Low
Bonny Light,37.05,0.854,10.0,High
Bonny Light,39.31,0.457,13.94,Low
Ural,31.4,1.217,26.98,Medium
Basrah Heavy,25.83,2.08,22.67,High
Ural,32.42,1.311,22.02,Low
Ural,30.71,1.381,11.93,Medium
Arab Light,33.43,1.816,28.58,Medium
Arab Light,38.79,0.72,13.06,Low
Basrah Heavy,20.0,1.401,18.04,Medium
Basrah Heavy,24.6,1.183,20.55,Medium
Arab Light,36.54,0.876,10.0,Low
Basrah Heavy,23.03,1.02,12.9,Medium
Basrah Heavy,31.04,1.054,25.65,Medium
Ural,32.74,1.254,10.0,Low
Bonny Light,35.34,1.356,10.0,Low
Arab Light,35.44,0.521,10.0,Low
Ural,29.49,1.319,19.32,Low
Bonny Light,42.98,0.402,13.24,High
Basrah Heavy,21.81,1.789,41.4,High
Arab Light,34.77,0.984,18.66,Low
Arab Light,31.06,1.161,21.3,Low
Basrah Heavy,28.0,2.229,37.19,High
Ural,34.15,1.509,15.17,Medium
Arab Light,35.05,1.945,28.18,Medium
Arab Light,34.67,0.939,22.18,Low
Basrah Heavy,21.15,1.566,26.02,High
Basrah Heavy,27.05,1.019,18.67,Medium
Bonny Light,41.28,0.434,12.95,Low
Basrah Heavy,26.2,1.906,16.89,High
Basrah Heavy,23.42,2.253,24.46,High
Basrah Heavy,25.64,1.926,38.9,High
Arab Light,35.48,0.706,10.17,Low
Arab Light,37.89,0.585,13.52,High
Arab Light,32.92,2.092,25.72,Medium
Basrah Heavy,21.34,1.342,23.17,Medium
Basrah Heavy,24.2,2.5,29.0,High
Ural,30.13,1.421,18.81,Low
Arab Light,31.62,0.881,23.84,Medium
Arab Light,29.41,0.845,17.45,Low
Ural,33.93,0.778,16.0,Low
Ural,28.57,1.543,17.47,Medium
Basrah Heavy,21.27,1.309,16.89,Medium
Arab Light,36.14,1.463,23.05,Medium
Arab Light,34.64,0.879,24.94,Low
Basrah Heavy,24.11,2.068,38.18,High
Ural,37.45,0.95,19.42,Low
Arab Light,37.52,1.342,40.95,Low
Ural,32.15,0.947,14.43,Low
Bonny Light,40.77,0.574,11.21,Low
Arab Light,37.73,0.458,23.92,Low
Bonny Light,45.0,0.293,12.04,Low
Arab Light,35.24,1.351,16.1,High
Bonny Light,36.67,0.88,15.85,Low
Basrah Heavy,23.22,2.5,22.34,High
Arab Light,36.61,0.982,15.55,Low
Arab Light,32.95,0.871,10.0,Low
Basrah Heavy,27.32,1.657,15.62,Medium
Arab Light,37.09,0.472,14.43,Low
Bonny Light,37.21,0.59,10.0,Low
Arab Light,30.84,0.776,10.0,Low
Basrah Heavy,23.6,1.66,17.12,High
Basrah Heavy,21.58,1.743,20.2,High
Basrah Heavy,23.01,2.5,34.25,High
Basrah Heavy,29.67,1.22,15.65,Low
Bonny Light,41.88,0.339,26.51,Low
Arab Light,38.74,1.178,13.97,Low
Basrah Heavy,22.8,0.607,10.0,Low
Arab Light,40.24,0.595,10.0,Low
Basrah Heavy,25.25,1.668,24.54,High
Basrah Heavy,28.57,1.328,13.0,Medium
Ural,32.62,1.279,14.63,Low
Arab Light,35.0,0.958,27.78,Low
Bonny Light,41.29,0.619,29.17,Low
Arab Light,34.58,0.768,10.0,Low
Arab Light,32.13,0.663,12.33,Low
Ural,28.51,1.315,21.38,Low
Bonny Light,36.55,0.574,21.8,High
Ural,28.39,1.042,14.1,Medium
Bonny Light,44.66,0.456,13.89,Low
Ural,34.5,1.645,32.51,Low
Bonny Light,40.67,0.834,15.69,Low
Basrah Heavy,31.4,1.611,10.0,Medium
Ural,29.14,1.324,17.85,Medium
Arab Light,35.93,1.23,13.2,Low
Arab Light,36.24,0.954,11.36,Low
Ural,35.45,1.766,18.41,Medium
Bonny Light,42.34,0.328,10.0,Low
Bonny Light,38.5,0.883,30.09,Low
Basrah Heavy,28.19,0.872,25.02,Medium
Ural,30.37,1.544,37.12,Medium
Ural,29.21,0.708,38.47,Medium
Basrah Heavy,30.53,0.79,16.53,Low
Basrah Heavy,25.34,0.983,12.97,Medium
Basrah Heavy,30.0,1.356,23.71,Low
Ural,35.92,0.977,20.91,Low
Arab Light,34.83,2.199,22.91,Low
Bonny Light,42.9,0.403,10.0,Low
Arab Light,37.72,0.98,16.02,Low
Bonny Light,42.4,0.474,10.0,High
Arab Light,37.89,0.938,20.68,Low
Ural,34.01,1.036,10.0,Low
Basrah Heavy,22.55,2.5,35.65,Medium
Arab Light,34.77,0.648,26.77,Low
Ural,33.11,0.443,40.86,Low
Bonny Light,38.84,0.783,30.62,Low
Ural,33.35,0.546,40.86,Low
Basrah Heavy,29.4,2.026,29.91,Medium
Arab Light,34.56,0.784,10.0,Low
Basrah Heavy,21.74,1.231,19.69,Medium
Basrah Heavy,30.91,2.5,49.03,High
Ural,30.19,1.222,33.42,Medium
Ural,28.88,1.22,16.59,Medium
Ural,29.86,1.625,10.32,Medium
Bonny Light,40.34,0.772,18.91,Low
Ural,30.81,1.773,13.89,Medium
Ural,36.18,0.531,16.53,High
Basrah Heavy,25.89,1.815,28.52,High
Basrah Heavy,21.56,1.608,35.69,Medium
Arab Light,38.74,0.494,10.0,Low
Bonny Light,41.69,0.502,21.32,Low
Basrah Heavy,21.79,0.937,15.72,Medium
Arab Light,31.02,1.625,39.25,Medium
Ural,32.16,0.997,24.67,Low
Basrah Heavy,22.53,1.455,22.25,High
Arab Light,36.26,0.802,10.0,Low
Bonny Light,40.25,0.553,13.15,Low
Ural,32.44,1.618,33.15,Low
Basrah Heavy,26.55,0.996,17.04,Medium
Bonny Light,42.36,0.395,11.54,Low
Basrah Heavy,24.37,1.485,21.32,Medium
Bonny Light,44.21,0.229,10.0,Low
Basrah Heavy,22.0,1.854,17.36,High
Arab Light,36.66,0.633,10.0,Low
Arab Light,35.65,0.538,13.93,Low
Basrah Heavy,26.37,1.772,32.27,Medium
Bonny Light,38.81,1.165,20.5,Low
Basrah Heavy,30.72,1.216,30.22,Low
Basrah Heavy,23.25,1.614,36.63,High
Basrah Heavy,26.07,1.429,42.48,High
Ural,34.17,0.814,36.98,Low
Ural,28.83,1.983,16.15,High
Bonny Light,43.53,0.389,17.17,Low
Basrah Heavy,21.79,0.824,12.7,Medium
Arab Light,34.08,1.492,15.63,Low
Basrah Heavy,24.78,2.2,25.66,High
Arab Light,36.24,1.04,33.89,Low
Bonny Light,41.23,0.199,21.95,Low
Ural,31.4,1.151,19.33,Medium
Arab Light,32.17,1.508,28.32,Low
Arab Light,35.98,0.981,20.91,Low
Bonny Light,40.47,0.614,12.39,Low
Arab Light,35.85,1.187,13.96,Low
Basrah Heavy,23.64,1.731,23.16,High
Arab Light,34.98,1.407,28.2,Low
Basrah Heavy,23.45,1.757,40.79,High
Basrah Heavy,20.83,1.881,29.88,High
Basrah Heavy,26.01,2.046,22.16,High
Arab Light,33.81,0.868,10.0,Low
Arab Light,35.59,0.602,17.28,Low
Basrah Heavy,25.43,1.536,10.22,High
Arab Light,38.82,0.833,49.56,Low
Bonny Light,42.18,0.639,19.28,Low
Ural,26.88,1.996,38.58,High
Arab Light,38.81,0.662,24.8,Low
Basrah Heavy,27.63,1.312,24.81,Medium
Bonny Light,40.63,0.457,16.83,Low
Basrah Heavy,23.11,1.836,32.28,Medium
Basrah Heavy,25.96,0.845,13.72,High
Bonny Light,42.58,0.44,13.29,Low
Arab Light,39.02,1.802,32.64,Low
Ural,31.81,0.665,10.0,Low
Arab Light,34.43,1.012,18.0,Low
Ural,32.88,1.207,18.65,Low
Basrah Heavy,25.11,1.856,12.28,High
Basrah Heavy,28.7,0.944,22.74,Low
Basrah Heavy,25.01,1.869,27.1,High
Basrah Heavy,28.97,1.084,18.6,Medium
Bonny Light,44.53,0.189,22.02,Low
Basrah Heavy,24.81,2.196,35.99,High
Arab Light,34.71,1.187,28.78,Medium
Ural,32.08,0.79,15.2,Low
Ural,27.82,1.142,16.02,Medium
Arab Light,31.14,0.954,19.21,Low
Arab Light,32.94,0.593,18.6,Low
Bonny Light,42.82,0.551,20.8,Low
Ural,30.76,1.578,16.31,Low
Ural,32.57,0.959,21.07,Low
Bonny Light,39.96,0.599,26.89,Low
Ural,29.21,1.345,15.2,Low
Basrah Heavy,23.75,1.788,11.57,High
Arab Light,34.37,0.6,10.0,Medium
Basrah Heavy,24.01,1.928,22.45,Medium
Ural,27.2,0.941,10.13,Medium
Bonny Light,42.73,0.542,18.84,Low
Arab Light,36.6,0.564,17.27,Low
Arab Light,33.36,0.651,10.0,Low
Basrah Heavy,22.49,1.705,34.84,High
Bonny Light,43.87,0.348,10.0,Low
Basrah Heavy,25.71,1.572,15.89,High
Basrah Heavy,24.02,1.188,22.13,High
Basrah Heavy,23.96,1.748,20.42,High
Basrah Heavy,26.79,1.605,24.79,Medium
Arab Light,32.96,1.582,21.52,Low
Arab Light,35.13,0.975,30.68,Low
Basrah Heavy,25.3,1.25,22.02,Medium
Basrah Heavy,24.59,0.991,15.63,Medium
Basrah Heavy,28.56,0.781,15.72,Medium
Arab Light,33.68,1.127,28.91,Low
Basrah Heavy,24.08,2.139,20.9,High
Ural,32.4,0.797,21.62,Medium
Basrah Heavy,25.6,1.665,23.67,Medium
Basrah Heavy,25.07,1.465,22.27,High
Arab Light,33.16,1.337,13.29,Low
Arab Light,37.7,1.014,14.91,Medium
Basrah Heavy,21.59,0.805,11.78,Medium
Basrah Heavy,21.87,2.5,30.51,High
Bonny Light,42.56,0.479,10.0,Low
Basrah Heavy,25.17,1.287,10.0,High
Arab Light,33.85,0.835,12.79,Low
Arab Light,35.32,0.911,27.45,Low
Basrah Heavy,27.65,1.167,23.77,Medium
Arab Light,36.07,0.615,13.84,Low
Ural,33.74,0.782,10.0,Low
Ural,29.04,0.905,10.0,Low
Basrah Heavy,21.99,2.5,25.11,High
Basrah Heavy,20.72,1.871,23.35,High
Basrah Heavy,26.79,2.5,21.74,High
Arab Light,32.13,1.259,23.79,Medium
Ural,34.87,1.143,22.56,Medium
Basrah Heavy,30.6,0.83,12.63,Low
Basrah Heavy,26.78,1.341,19.41,Medium
Bonny Light,38.81,0.696,13.75,Low
Basrah Heavy,21.8,1.413,24.17,Medium
Arab Light,34.98,0.784,10.0,Low
Ural,31.43,1.332,49.73,Medium
Basrah Heavy,25.94,1.751,14.53,Medium
Basrah Heavy,21.94,1.1,12.42,High
Basrah Heavy,26.52,1.617,24.51,Medium
Bonny Light,40.02,0.729,33.84,Low
Basrah Heavy,28.56,1.085,14.24,Low
Basrah Heavy,24.83,1.234,12.66,Medium
Basrah Heavy,31.06,1.37,18.49,Low
Basrah Heavy,24.65,0.644,20.62,Low
Arab Light,34.89,0.929,23.59,Low
Basrah Heavy,27.59,2.473,34.47,Medium
Arab Light,38.76,0.275,33.25,Low
Arab Light,31.78,1.504,28.4,Medium
Ural,34.51,1.153,27.69,Low
Basrah Heavy,24.88,0.949,27.24,Medium
Bonny Light,39.21,0.783,10.0,Low
Arab Light,37.12,1.116,17.23,Low
Basrah Heavy,23.73,1.088,12.43,High
Ural,34.45,0.747,10.17,Low
Bonny Light,39.03,0.67,11.89,Low
Basrah Heavy,23.24,2.357,31.75,High
Bonny Light,41.81,0.402,30.9,Low
Arab Light,33.19,1.022,23.37,Low
Arab Light,39.71,0.492,16.9,Low
Bonny Light,42.71,0.432,10.0,Low
Arab Light,31.78,1.627,40.83,Medium
Ural,34.16,1.012,10.0,Low
Basrah Heavy,22.25,1.533,28.92,High
Ural,32.16,1.091,10.0,Low
Arab Light,35.65,0.665,15.76,Low
Basrah Heavy,20.85,1.29,30.09,High
Arab Light,32.1,1.687,23.48,Medium
Basrah Heavy,27.17,2.5,42.74,High
Basrah Heavy,28.03,0.731,10.0,Medium
Basrah Heavy,23.35,2.044,10.66,High
Basrah Heavy,23.74,2.218,18.19,High
Basrah Heavy,24.29,1.051,15.45,Medium
Basrah Heavy,21.04,1.538,25.03,High
Ural,32.58,0.88,11.77,Low
Ural,33.37,1.996,27.05,Medium
Ural,32.44,1.936,30.2,Low
Basrah Heavy,20.73,1.329,13.98,Medium
Bonny Light,41.79,0.293,10.0,Low
Arab Light,38.52,0.913,10.0,Low
Basrah Heavy,26.05,1.808,37.37,Medium
Basrah Heavy,25.09,2.404,42.29,High
Ural,29.47,0.88,17.59,Low
Basrah Heavy,23.17,2.162,18.23,High
Arab Light,30.22,0.95,33.71,Low
Bonny Light,39.5,0.788,10.0,Low
Basrah Heavy,23.86,1.613,12.68,High
Basrah Heavy,23.55,2.5,23.42,High
Bonny Light,42.46,0.52,10.0,Low
Arab Light,38.32,0.636,10.0,Low
Basrah Heavy,22.61,1.799,19.2,Medium
Bonny Light,41.19,0.508,13.65,Low
Bonny Light,39.02,0.444,19.7,Low
Arab Light,33.6,1.984,23.71,Low
Arab Light,35.58,1.548,20.16,Medium
Basrah Heavy,28.52,1.256,17.49,Medium
Basrah Heavy,21.93,2.246,17.53,Medium
Arab Light,32.71,2.19,33.86,Low
Basrah Heavy,22.21,2.5,39.81,High
Ural,34.71,0.844,32.19,Low
Ural,33.47,0.989,14.32,Medium
Basrah Heavy,31.1,0.642,29.79,Low
Arab Light,29.7,1.653,30.83,Medium
Basrah Heavy,27.25,2.19,19.05,High
Bonny Light,37.79,1.151,12.75,Medium
Basrah Heavy,23.91,2.085,27.19,High
Arab Light,33.61,1.143,16.77,Low
Arab Light,35.37,0.633,10.0,Low
Arab Light,31.09,1.311,20.69,Medium
Ural,28.12,1.092,19.05,Medium
Ural,32.29,1.316,27.96,Medium
Arab Light,36.64,0.625,10.15,Low
Ural,34.7,1.128,12.74,Low
Bonny Light,39.59,0.998,10.0,Low
Arab Light,37.5,0.869,18.49,Low
Arab Light,38.54,0.78,16.66,Low
Basrah Heavy,25.06,2.144,43.65,High
Ural,32.62,1.996,32.73,Medium
Arab Light,30.47,1.167,14.7,Medium
Arab Light,33.85,1.194,19.14,Medium
Basrah Heavy,24.32,2.5,20.33,High
Bonny Light,42.23,0.581,10.81,High
Arab Light,35.19,0.451,14.13,Low
Ural,31.27,0.903,35.52,Medium
Basrah Heavy,28.28,1.758,16.64,High
Bonny Light,43.8,0.312,25.59,Low
Basrah Heavy,23.11,2.5,31.99,High
Basrah Heavy,22.13,2.5,36.57,High
Bonny Light,41.33,0.42,12.13,Low
Bonny Light,41.42,0.356,10.0,Low
Basrah Heavy,24.71,1.392,33.01,Medium
Arab Light,35.82,0.751,11.77,Low
Ural,32.99,1.798,30.27,Low
Bonny Light,41.09,0.37,10.0,Low
Arab Light,35.84,1.126,11.29,Medium
Arab Light,30.46,1.97,12.94,Medium
Ural,29.73,1.677,21.97,Medium
Ural,36.12,0.99,19.44,Low
Ural,35.5,0.841,16.11,Low
Arab Light,34.49,1.823,13.88,Medium
Basrah Heavy,29.34,1.178,11.8,Medium
Bonny Light,41.64,0.693,21.56,Low
Bonny Light,41.43,0.483,10.0,Low
Ural,27.18,0.746,15.69,Medium
Basrah Heavy,21.73,1.611,17.7,High
Basrah Heavy,27.51,1.326,25.59,Low
Ural,35.01,0.876,11.75,Low
Basrah Heavy,24.65,1.257,17.82,High
Bonny Light,43.95,0.435,22.42,Low
Arab Light,31.97,1.444,21.4,Medium
Ural,27.73,1.246,12.96,High
Bonny Light,41.33,0.463,16.53,Low
Arab Light,36.57,0.569,10.0,Low
Basrah Heavy,22.96,1.849,17.54,High
Arab Light,31.24,1.883,14.75,Medium
Arab Light,34.72,1.522,27.47,Low
Arab Light,30.98,0.956,20.12,Medium
Arab Light,31.37,2.317,32.91,Medium
Bonny Light,38.32,0.625,15.83,Low
Arab Light,38.04,0.51,25.93,Low
Basrah Heavy,28.83,0.817,17.3,Medium
Arab Light,34.18,0.668,10.32,Medium
Arab Light,35.75,0.982,11.08,Low
Basrah Heavy,22.09,1.597,23.78,High
Basrah Heavy,27.46,1.125,29.56,Medium
Ural,32.6,0.799,10.0,Low
Basrah Heavy,27.4,0.963,21.44,Medium
Bonny Light,42.14,0.341,10.0,Low
Basrah Heavy,26.93,2.052,35.08,Medium
Basrah Heavy,30.74,2.245,16.43,Medium
Ural,29.36,2.464,46.11,Medium
Bonny Light,39.12,0.837,14.17,Low
Basrah Heavy,23.02,1.421,10.0,Medium
Basrah Heavy,22.26,1.375,11.75,High
Basrah Heavy,26.61,1.9,43.92,Low
Arab Light,34.33,0.885,20.73,Low
Arab Light,36.14,0.981,14.58,Low
Basrah Heavy,28.08,2.5,51.58,High
Basrah Heavy,30.0,1.339,21.38,Medium
Arab Light,33.89,2.203,35.61,Medium
Bonny Light,38.3,0.479,10.0,Low
Ural,36.53,0.964,14.16,Low
Arab Light,34.54,1.062,18.9,Low
Basrah Heavy,29.76,0.891,12.72,Low
Basrah Heavy,26.91,1.905,42.69,High
Basrah Heavy,29.38,2.189,38.84,Medium
Ural,34.52,2.059,30.22,Low
Bonny Light,44.0,0.4,10.0,Low
Bonny Light,44.5,0.162,10.0,Low
Bonny Light,38.65,0.813,10.0,Low
Bonny Light,41.58,0.649,18.64,Low
Bonny Light,40.5,0.525,10.0,Low
Basrah Heavy,21.25,1.942,13.26,High
Basrah Heavy,22.77,1.439,23.72,High
Basrah Heavy,21.02,1.733,19.26,High
Arab Light,36.87,1.145,32.6,Low
Basrah Heavy,24.94,2.5,21.32,High
Ural,28.88,0.842,10.45,Low
Arab Light,36.85,0.672,12.06,Low
Arab Light,35.57,0.508,16.25,Low
Basrah Heavy,25.8,2.5,39.01,High
Basrah Heavy,22.78,2.31,25.28,High
Basrah Heavy,27.09,0.709,16.11,Medium
Bonny Light,41.34,0.505,10.0,Low
Arab Light,33.58,0.917,11.12,Low
Ural,31.98,0.856,12.56,Low
Basrah Heavy,24.33,2.306,25.63,High
Arab Light,35.49,1.27,25.04,Low
Arab Light,32.34,1.2,40.04,Medium
Ural,28.88,1.049,12.53,Low
Ural,31.29,0.929,21.0,Low
Basrah Heavy,26.08,1.515,33.48,High
Bonny Light,40.38,0.492,24.8,Low
Basrah Heavy,26.09,1.489,14.49,High
Bonny Light,41.75,0.596,24.8,Low
Basrah Heavy,25.27,0.903,10.0,Low
Basrah Heavy,23.94,1.249,10.86,High
Ural,36.14,0.839,16.04,Low
Basrah Heavy,21.94,2.5,26.03,High
Arab Light,36.84,1.081,33.28,Low
Arab Light,38.38,0.705,10.0,Low
Basrah Heavy,21.69,2.041,26.25,High
Ural,29.28,1.243,28.07,Low
Bonny Light,40.48,0.833,10.0,Low
Bonny Light,41.12,0.617,10.91,Low
Basrah Heavy,20.8,2.5,37.9,High
Arab Light,33.91,0.617,13.43,Low
Basrah Heavy,23.4,1.255,18.89,High
Basrah Heavy,27.63,1.534,31.31,Medium
Basrah Heavy,21.62,2.113,30.13,High
Bonny Light,42.78,0.983,11.74,Low
Bonny Light,42.19,0.245,30.57,Low
Ural,34.2,0.962,15.22,Low
Arab Light,38.58,0.674,10.0,Low
Arab Light,34.19,1.058,17.64,Low
Arab Light,35.52,1.63,21.49,Medium
Arab Light,32.17,1.499,24.72,Medium
Arab Light,38.69,0.391,16.87,Low
Basrah Heavy,24.16,2.5,19.04,High
Basrah Heavy,26.82,2.448,26.9,High
Bonny Light,44.14,0.37,15.42,Low
Arab Light,32.41,0.617,13.56,Low
Bonny Light,37.49,0.723,10.85,Low
Basrah Heavy,23.1,1.983,31.95,Medium
Arab Light,35.37,1.273,26.05,Medium
Basrah Heavy,23.69,0.885,10.0,High
Basrah Heavy,26.43,1.123,10.0,Medium
Basrah Heavy,26.14,2.186,28.6,High
Basrah Heavy,27.61,2.359,31.76,High
Bonny Light,40.96,0.628,11.8,Low
Basrah Heavy,23.24,2.5,30.43,Medium
Arab Light,32.23,1.289,17.96,Medium
Arab Light,35.35,1.26,22.34,Low
Arab Light,32.24,1.156,14.61,Low
Arab Light,32.1,1.31,16.13,Low
Basrah Heavy,23.99,1.06,16.07,Medium
Bonny Light,42.95,0.532,16.31,Low
Ural,29.95,0.803,19.86,Medium
Ural,30.54,1.554,34.9,Low
Arab Light,32.55,0.925,10.0,Low
Basrah Heavy,24.37,1.823,11.2,High
Bonny Light,40.49,0.409,18.76,Low
Basrah Heavy,23.67,1.38,20.53,High
Basrah Heavy,20.0,2.14,14.3,High
Basrah Heavy,25.63,1.981,23.61,Medium
Ural,29.0,1.914,34.25,Medium
Arab Light,34.23,0.649,10.39,Low
Ural,32.65,0.634,15.44,Low
Ural,27.36,1.003,11.97,Medium
Basrah Heavy,28.5,0.921,10.0,Medium
Bonny Light,39.28,1.121,26.05,Low
Arab Light,32.83,1.695,18.27,Medium
Arab Light,37.45,0.54,10.76,Low
Basrah Heavy,24.8,2.5,29.62,High
Bonny Light,41.21,0.821,10.39,Low
Basrah Heavy,24.84,0.888,45.58,Medium
Basrah Heavy,22.8,1.187,25.14,Medium
Arab Light,33.57,0.567,10.0,Low
Basrah Heavy,28.42,1.303,10.0,Medium
Basrah Heavy,20.36,1.87,33.07,High
Arab Light,35.51,0.894,17.95,Low
Arab Light,37.16,0.386,14.5,Low
Bonny Light,42.46,0.27,10.0,Low
Basrah Heavy,27.53,1.533,18.97,Medium
Ural,32.52,1.343,28.83,Low
Arab Light,36.98,0.392,10.0,Low
Ural,29.35,0.819,27.25,Low
Arab Light,32.44,1.553,22.43,Medium
Arab Light,34.23,0.633,10.0,Low
Bonny Light,39.23,0.648,10.0,Low
Basrah Heavy,28.61,0.838,10.71,Medium
Basrah Heavy,25.13,2.078,21.79,High
Ural,34.12,0.483,10.0,Low
Ural,28.6,1.197,22.58,Medium
Basrah Heavy,23.33,2.318,33.3,Medium
Arab Light,31.02,1.456,25.68,Medium
Bonny Light,39.91,0.517,20.81,Low
Ural,30.62,0.941,13.0,Low
Bonny Light,40.97,0.498,15.14,Low
Arab Light,38.49,0.445,20.07,Low
Ural,29.02,1.259,23.22,Medium
Basrah Heavy,26.23,1.44,22.4,High
Bonny Light,42.55,0.379,24.34,Low
Arab Light,32.29,1.554,18.74,Low
Ural,30.99,0.81,12.49,Low
Arab Light,39.2,0.36,12.14,Low
Arab Light,34.25,0.807,16.06,Low
Ural,32.41,1.136,18.56,Low
Arab Light,38.01,0.703,10.0,Low
Bonny Light,38.89,0.638,23.28,Low
Arab Light,34.42,0.646,16.42,Low
Arab Light,32.02,0.789,10.0,Low
Basrah Heavy,27.67,1.172,10.0,Medium
Arab Light,34.91,0.761,27.18,Low
Arab Light,36.94,1.172,14.27,Low
Basrah Heavy,24.82,1.725,23.25,High
Basrah Heavy,21.45,1.484,13.9,High
Ural,35.93,1.265,48.79,Medium
Ural,30.38,1.423,19.53,Medium
Ural,29.21,0.803,11.52,Low
Basrah Heavy,28.63,0.427,20.58,Low
Basrah Heavy,24.32,1.009,10.0,Medium
Basrah Heavy,25.84,1.857,33.83,High
Ural,30.58,1.646,20.63,Medium
Bonny Light,40.96,0.302,17.03,Low
Basrah Heavy,21.08,2.282,29.56,Medium
Ural,32.74,1.325,17.48,Low
Basrah Heavy,22.15,2.5,18.63,High
Basrah Heavy,21.52,2.488,30.05,Medium
Basrah Heavy,27.04,2.297,21.58,Medium
Basrah Heavy,29.07,1.544,22.02,Medium
Ural,33.45,1.197,25.93,Medium
Bonny Light,40.32,0.517,16.84,Low
Basrah Heavy,21.2,2.404,12.44,High
Arab Light,32.98,0.659,11.21,Low
Ural,29.05,1.241,14.16,Medium
Bonny Light,40.35,0.7,10.45,Low
Arab Light,38.58,1.134,19.36,Low
Basrah Heavy,25.24,1.308,15.8,High
Arab Light,36.02,1.201,12.71,Low
Basrah Heavy,29.5,1.189,10.0,Medium
Bonny Light,42.28,0.644,10.76,Low
Arab Light,38.64,0.52,19.38,Low
Ural,28.98,1.685,29.65,Medium
Basrah Heavy,20.51,1.788,25.64,High
Arab Light,37.42,0.507,10.0,Low
Bonny Light,44.43,0.302,12.02,Low
Arab Light,38.33,1.126,31.58,Medium
Arab Light,31.94,0.782,10.0,Low
Bonny Light,39.71,0.369,10.0,Medium
Bonny Light,39.0,0.766,21.6,Low
Basrah Heavy,28.96,0.727,10.0,Low
Arab Light,31.83,1.944,21.39,Medium
Arab Light,36.27,1.44,36.96,Medium
Arab Light,33.62,1.453,35.41,Low
Basrah Heavy,23.41,1.657,37.07,Medium
Basrah Heavy,29.28,2.306,24.45,Medium
Bonny Light,42.0,0.759,27.03,Low
Bonny Light,38.94,0.556,14.62,Low
Ural,36.49,1.368,13.82,Medium
Bonny Light,41.12,0.385,10.0,Low
Ural,34.34,0.9,19.41,Low
Ural,32.48,0.578,10.0,Medium
Ural,30.91,1.245,17.54,Low
Arab Light,30.32,1.102,18.43,Low
Arab Light,35.19,0.776,20.09,Low
Basrah Heavy,24.1,1.528,10.1,High
Arab Light,33.73,0.819,14.03,Low
Basrah Heavy,24.64,1.608,29.92,Medium
Basrah Heavy,23.71,2.5,48.4,High
Arab Light,33.27,0.712,10.0,Low
Arab Light,31.01,1.592,33.49,Medium
Basrah Heavy,22.83,1.833,31.15,High
Ural,30.48,1.38,33.89,Low
Bonny Light,40.56,0.56,10.0,Medium
Basrah Heavy,22.76,1.326,25.36,Medium
Basrah Heavy,23.47,1.939,35.94,Medium
Basrah Heavy,26.56,1.753,22.84,Medium
Ural,32.34,0.825,12.86,Low
Ural,32.22,0.688,14.96,Low
Basrah Heavy,27.69,1.431,30.92,Medium
Ural,27.27,1.844,17.94,High
Basrah Heavy,24.62,2.254,13.62,Medium
Arab Light,34.72,1.432,14.2,Low
Bonny Light,39.69,0.708,10.0,Low
Basrah Heavy,28.41,1.225,17.64,Medium
Basrah Heavy,30.02,1.239,10.0,Medium
Arab Light,37.99,0.473,11.34,Low
Arab Light,35.19,0.716,10.0,Low
Bonny Light,43.06,0.399,10.0,Low
Bonny Light,38.77,0.62,10.5,Medium
Basrah Heavy,25.6,1.573,22.85,High
Basrah Heavy,25.03,0.964,18.39,Medium
Ural,30.11,0.825,13.31,Low
Basrah Heavy,27.08,1.874,20.5,Medium
Bonny Light,42.45,0.333,10.0,Low
Ural,32.77,0.84,10.0,Low
Basrah Heavy,22.28,1.794,33.84,Medium
Ural,34.37,0.694,10.0,Low
Basrah Heavy,22.18,2.5,29.27,High
Arab Light,36.62,0.527,10.0,Low
Arab Light,33.1,1.044,22.76,Low
Arab Light,36.78,0.622,13.75,Low
Ural,33.96,1.044,19.74,Medium
Ural,34.06,0.825,10.0,Low
Bonny Light,41.72,0.488,15.35,Low
Bonny Light,35.34,1.38,10.0,Medium
Arab Light,29.07,1.023,12.11,Low
Basrah Heavy,23.69,1.29,47.43,High
Ural,33.79,0.895,10.0,Low
Bonny Light,40.25,0.982,16.74,Low
Basrah Heavy,24.26,1.559,32.79,High
Arab Light,32.71,1.645,26.72,Medium
Arab Light,35.98,0.808,29.65,Medium
Basrah Heavy,26.21,2.25,27.67,High
Ural,28.18,1.566,27.31,Medium
Arab Light,38.24,0.868,24.73,Low
Ural,33.08,0.632,22.64,Low
Ural,28.12,0.782,10.0,Low
Ural,32.87,1.539,15.07,Medium
Arab Light,35.09,1.326,27.14,Medium
Basrah Heavy,24.46,2.5,42.79,High
Ural,28.49,0.795,10.0,Low
Ural,34.11,1.16,12.44,Low
Arab Light,32.61,0.751,19.08,Low
Bonny Light,42.24,0.354,10.0,Low
Basrah Heavy,29.92,1.046,25.53,Low
Bonny Light,44.46,0.362,16.52,Low
Basrah Heavy,22.08,1.386,29.86,High
Basrah Heavy,25.57,1.543,18.78,High
Arab Light,33.68,1.346,15.8,Low
Basrah Heavy,24.42,2.372,22.27,High
Basrah Heavy,28.68,1.69,36.19,Medium
Basrah Heavy,30.99,1.38,11.42,Low
Arab Light,31.65,1.081,10.0,Medium
Ural,31.57,0.935,16.92,Low
Basrah Heavy,22.28,2.096,21.8,High
Ural,36.31,0.58,22.45,Medium
Ural,31.61,1.187,10.0,Low
Basrah Heavy,20.42,1.273,17.28,Medium
Basrah Heavy,23.63,1.625,10.59,High
Bonny Light,43.74,0.251,10.0,Low
Ural,34.72,0.817,15.72,Low
Arab Light,37.97,0.578,12.38,Low
Ural,36.4,0.63,12.33,Low
Basrah Heavy,25.42,1.488,26.24,High
Arab Light,34.01,0.422,10.0,Low
Ural,33.55,0.54,15.55,Low
Basrah Heavy,23.29,2.213,25.29,Medium
Ural,30.62,1.266,16.18,Low
Arab Light,34.12,0.759,18.47,Low
Ural,29.53,1.788,24.55,Medium
Arab Light,35.08,0.733,17.82,Medium
Arab Light,33.18,0.848,35.89,Low
Basrah Heavy,24.22,1.225,17.04,High
Basrah Heavy,24.04,2.5,19.61,High
Ural,30.33,1.325,12.83,Medium
Basrah Heavy,27.84,1.478,34.44,Medium
Basrah Heavy,22.34,2.039,22.26,High
Basrah Heavy,23.26,0.875,21.03,Medium
Basrah Heavy,24.08,1.316,18.65,Medium
Ural,36.13,0.996,10.0,Low
Arab Light,32.14,1.103,18.7,Low
Bonny Light,38.6,1.496,15.57,Medium
Basrah Heavy,25.3,1.279,14.57,Medium
Ural,29.33,1.787,22.62,Medium
Arab Light,35.59,1.172,10.0,Low
Arab Light,32.89,1.111,22.8,Low
Bonny Light,39.66,0.699,10.49,Low
Bonny Light,41.52,0.456,18.58,Low
Bonny Light,41.75,0.246,16.28,Low
Basrah Heavy,28.44,1.516,19.19,Medium
Basrah Heavy,24.84,1.826,24.23,High
Ural,30.76,1.464,23.57,Low
Basrah Heavy,23.75,1.678,19.27,High
Ural,33.4,1.438,10.0,Low
Arab Light,38.56,0.513,13.52,Medium
Arab Light,34.05,1.643,30.98,Low
Ural,29.32,0.909,10.64,High
Ural,30.73,1.151,10.0,Medium
Basrah Heavy,22.9,2.152,33.28,High
Basrah Heavy,25.31,1.287,10.96,Medium
Arab Light,35.66,1.143,15.6,Low
Arab Light,33.74,0.889,14.5,Low
Basrah Heavy,23.53,1.725,22.27,High
Arab Light,33.82,0.936,10.04,Low
Ural,30.89,0.968,10.0,Low
Ural,35.71,1.927,22.36,Low
Arab Light,36.04,0.637,17.68,Low
Arab Light,32.97,0.472,10.0,Low
Basrah Heavy,23.05,1.273,17.54,High
Arab Light,36.49,0.865,36.01,Low
Basrah Heavy,23.0,1.481,22.49,High
Arab Light,34.18,1.392,17.91,Medium
Ural,36.08,1.203,17.62,Low
Basrah Heavy,22.4,1.545,37.59,High
Basrah Heavy,22.88,0.942,20.64,High
Basrah Heavy,23.38,1.063,12.1,High
Bonny Light,43.9,0.349,16.33,Low
Arab Light,34.72,0.543,10.0,Low
Basrah Heavy,23.5,1.457,20.9,High
Bonny Light,40.67,0.919,27.1,Low
Arab Light,34.0,1.111,18.06,Low
Arab Light,35.07,0.932,10.0,Low
Bonny Light,39.95,0.42,11.34,Low
Basrah Heavy,21.5,1.902,34.85,High
Basrah Heavy,27.67,1.27,13.35,Low
Arab Light,35.09,0.996,21.81,Low
Basrah Heavy,25.11,2.005,36.3,Medium
Ural,34.05,1.345,22.38,Medium
Basrah Heavy,21.65,1.858,23.87,High
Basrah Heavy,22.57,2.054,20.15,High
Basrah Heavy,22.53,1.437,15.91,High
Arab Light,36.9,1.19,16.16,Medium
Basrah Heavy,33.18,0.761,20.05,Low
Basrah Heavy,23.47,1.543,44.32,Medium
Bonny Light,39.18,1.009,11.32,Low
Basrah Heavy,25.65,1.284,23.19,Medium
Arab Light,32.15,0.691,22.8,Low
Basrah Heavy,21.31,1.557,21.25,High
Arab Light,30.98,1.919,23.93,Medium
Basrah Heavy,24.13,0.73,10.0,Medium
Arab Light,35.97,0.891,16.82,Medium
Basrah Heavy,29.32,1.029,16.15,Low
Bonny Light,42.72,0.404,10.0,Low
Bonny Light,45.0,0.25,12.44,Low
Basrah Heavy,24.37,2.242,19.95,High
Basrah Heavy,28.85,1.34,13.82,Medium
Basrah Heavy,22.23,2.476,30.22,High
Arab Light,31.51,1.795,36.86,Medium
Basrah Heavy,24.24,1.627,20.34,High
Bonny Light,41.74,0.433,11.66,Low
Ural,28.29,1.542,20.89,Low
Ural,34.88,1.135,10.99,Low
Arab Light,37.65,0.502,10.03,Low
Bonny Light,36.21,0.917,16.84,Low
Basrah Heavy,25.27,1.413,20.87,High
Arab Light,30.61,1.038,20.08,Low
Basrah Heavy,23.6,1.296,12.02,Medium
Bonny Light,43.23,0.318,10.0,Low
Arab Light,35.49,1.382,10.0,High
Ural,26.66,1.281,30.93,Low
Basrah Heavy,24.46,2.382,24.67,High
Bonny Light,36.41,0.871,17.24,Low
Arab Light,34.84,0.627,12.95,Low
Arab Light,38.68,0.734,10.0,Low
Bonny Light,41.41,0.338,10.0,Medium
Arab Light,35.0,1.14,17.02,Medium
Arab Light,32.71,0.993,20.61,Low
Arab Light,36.65,1.101,20.8,Low
Basrah Heavy,26.79,2.39,18.84,High
Basrah Heavy,28.38,0.733,10.0,Low
Basrah Heavy,29.69,1.073,19.79,Low
Basrah Heavy,24.39,1.048,20.28,Medium
Bonny Light,40.86,1.164,10.0,Low
Arab Light,35.04,0.788,17.29,Low
Arab Light,36.43,0.524,11.69,High
Arab Light,35.16,1.997,22.72,Medium
Arab Light,37.94,0.569,27.97,Low
Arab Light,37.02,0.449,10.39,Low
Bonny Light,41.98,0.317,10.0,Low
Bonny Light,43.66,0.387,17.42,Low
Arab Light,32.84,1.077,22.94,Low
Basrah Heavy,27.35,1.053,28.44,Medium
Arab Light,37.22,0.658,18.7,Low
Arab Light,35.62,0.899,20.4,Low
Arab Light,35.55,1.409,19.82,Medium
Ural,28.79,1.482,42.39,High
Arab Light,33.88,0.816,10.0,Low
Basrah Heavy,22.96,1.562,24.85,High
Basrah Heavy,28.78,1.728,15.31,Medium
Arab Light,31.42,2.072,25.3,Medium
Basrah Heavy,22.62,1.164,17.53,Medium
Basrah Heavy,26.47,2.167,26.07,High
Ural,32.22,0.986,10.0,Low
Arab Light,33.34,0.582,10.0,Low
Basrah Heavy,23.3,0.883,41.96,High
Arab Light,32.7,1.705,23.1,Low
Ural,29.94,2.071,33.57,Medium
Basrah Heavy,24.03,1.33,21.9,High
Ural,35.65,0.817,36.07,Low
Bonny Light,44.63,0.164,11.74,Low
Arab Light,34.11,1.278,19.57,Low
Ural,27.34,1.398,11.59,Medium
Basrah Heavy,21.65,1.031,10.0,Medium
Bonny Light,40.38,0.621,10.0,Low
Arab Light,34.91,0.57,11.24,Low
Bonny Light,40.08,0.725,10.0,Low
Arab Light,37.06,0.541,13.15,Low
Basrah Heavy,28.2,1.527,21.29,High
Basrah Heavy,21.77,1.407,35.94,High
Ural,29.31,0.562,32.18,Low
Arab Light,37.15,1.111,23.66,Low
Basrah Heavy,27.35,2.038,31.59,High
Ural,34.06,0.818,25.18,Low
Bonny Light,41.76,0.539,15.24,Low
Arab Light,32.15,1.287,29.6,Low
Arab Light,31.07,1.383,11.06,Low
Basrah Heavy,27.85,2.5,36.4,High
Ural,31.06,1.358,12.23,Medium
Basrah Heavy,24.85,1.386,13.13,Medium
Bonny Light,39.81,0.713,24.17,Low
Arab Light,37.22,0.671,10.0,Low
Arab Light,35.41,0.617,10.0,Low
Basrah Heavy,29.84,1.918,27.55,Medium
Basrah Heavy,28.19,1.636,16.25,Medium
Ural,28.95,0.682,10.0,Medium
Arab Light,31.02,0.926,10.0,Low
Arab Light,32.85,1.381,16.23,Low
Bonny Light,37.95,0.424,17.66,Low
Bonny Light,42.69,0.33,18.42,Low
Bonny Light,42.25,1.163,15.92,Medium
Basrah Heavy,20.99,1.619,37.24,High
Arab Light,39.08,0.965,20.07,Low
Bonny Light,38.83,1.144,27.9,Low
Arab Light,33.8,0.727,10.16,Low
Basrah Heavy,25.62,1.67,19.56,Medium
Ural,32.01,2.288,25.63,Low
Arab Light,35.78,1.024,14.12,Medium
Arab Light,29.23,2.5,15.16,Medium
Bonny Light,41.47,0.406,11.56,Low
Arab Light,34.12,1.835,26.13,Low
Arab Light,29.89,1.256,20.74,Medium
Arab Light,35.81,0.776,32.73,Low
Arab Light,38.4,0.881,34.72,Low
Basrah Heavy,27.19,1.367,10.0,Medium
Ural,29.32,1.248,31.72,Low
Ural,36.04,1.014,33.49,Low
Basrah Heavy,23.07,0.895,10.0,Medium
Basrah Heavy,24.27,1.216,24.04,High
Bonny Light,40.06,0.77,14.97,Low
Basrah Heavy,25.7,2.146,41.24,Medium
Arab Light,36.91,0.906,30.93,Low
Arab Light,34.04,1.083,50.54,Medium
Ural,34.15,1.124,23.64,Low
Basrah Heavy,24.58,2.221,30.92,Low
Ural,30.46,0.736,10.0,Low
Arab Light,30.84,0.994,12.89,Low
Arab Light,31.65,1.107,22.12,Low
Basrah Heavy,22.44,1.847,19.57,High
Arab Light,35.81,0.416,11.8,Low
Arab Light,37.58,0.487,10.0,Low
Basrah Heavy,22.52,1.71,23.42,High
Basrah Heavy,31.28,1.653,10.35,Medium
Basrah Heavy,24.03,1.402,29.58,High
Basrah Heavy,25.8,1.196,19.54,Medium
Basrah Heavy,23.82,1.97,20.04,Medium
Bonny Light,41.05,0.477,10.87,Low
Arab Light,38.1,0.985,12.6,Low
Ural,31.51,1.06,11.28,Medium
Bonny Light,43.48,0.257,10.0,Low
Basrah Heavy,27.77,2.276,24.08,High
Ural,31.35,1.781,21.13,Low
Bonny Light,40.93,0.388,10.0,Low
Arab Light,31.68,1.303,29.68,High
Arab Light,38.25,0.637,24.59,Low
Arab Light,34.48,1.186,17.81,Low
Basrah Heavy,24.07,1.193,37.62,High
Arab Light,35.35,1.22,15.86,Medium
Bonny Light,40.17,0.898,16.37,Low
Bonny Light,36.85,0.577,16.96,Low
Basrah Heavy,28.71,1.356,20.03,Medium
Ural,33.93,1.516,16.4,Medium
Basrah Heavy,26.01,1.054,17.12,Medium
Bonny Light,41.86,0.382,10.0,Low
Basrah Heavy,20.97,2.293,21.14,High
Bonny Light,41.46,0.481,20.47,Low
Ural,31.94,0.644,44.55,Medium
Basrah Heavy,23.3,1.493,15.99,Medium
Basrah Heavy,25.71,2.5,27.45,High
Ural,32.22,2.264,25.08,Medium
Basrah Heavy,24.08,1.296,20.91,Medium
Arab Light,35.19,0.661,23.45,Low
Bonny Light,43.87,0.302,11.44,Low
Arab Light,33.72,1.886,15.1,Medium
Arab Light,33.2,1.392,15.67,Low
Arab Light,33.85,1.662,25.13,Low
Basrah Heavy,26.92,2.04,22.42,High
Bonny Light,40.3,0.367,10.0,Low
Basrah Heavy,27.25,1.017,14.43,Medium
Basrah Heavy,24.72,1.238,18.07,High
Basrah Heavy,23.84,1.362,13.29,Medium
Bonny Light,40.76,0.436,19.86,Low
Basrah Heavy,22.25,1.427,11.56,High
Bonny Light,43.18,0.499,15.0,Low
Ural,30.91,1.241,14.81,Low
Ural,34.74,1.438,20.67,Low
Bonny Light,40.47,0.625,26.42,Low
Ural,33.72,0.792,27.4,Low
Bonny Light,39.45,0.681,23.31,Low
Basrah Heavy,22.62,1.01,31.75,Medium
Ural,33.74,0.446,40.02,Low
Arab Light,37.39,0.963,24.35,Low
Arab Light,31.02,1.68,26.33,Medium
Bonny Light,38.68,0.704,10.0,Low
Bonny Light,39.58,0.548,18.34,Medium
Ural,26.19,0.929,16.79,Medium
Arab Light,35.95,1.295,36.7,Low
Arab Light,36.3,0.996,23.65,Low
Arab Light,38.66,0.761,10.0,Low
Arab Light,35.48,0.89,18.11,Low
Arab Light,32.11,0.939,24.55,Low
Basrah Heavy,23.52,1.122,18.28,Medium
Basrah Heavy,23.8,1.79,46.86,High
Ural,32.03,0.921,22.59,Low
Arab Light,29.9,1.076,11.27,Low
Bonny Light,41.89,0.878,10.0,Low
Arab Light,36.68,0.801,10.0,Low
Basrah Heavy,23.86,0.693,10.62,Medium
Basrah Heavy,22.45,1.43,20.49,Low
Basrah Heavy,24.38,1.128,20.77,Medium
Bonny Light,38.18,0.684,26.89,Low
Basrah Heavy,20.25,1.133,25.82,Medium
Arab Light,35.7,1.021,14.47,Low
Bonny Light,39.57,0.568,10.7,Low
Bonny Light,40.56,0.479,19.7,Low
Basrah Heavy,23.24,1.764,19.38,High
Basrah Heavy,25.06,1.516,25.65,High
Basrah Heavy,22.86,1.62,12.41,High
Basrah Heavy,21.53,1.649,25.53,Medium
Basrah Heavy,29.32,1.276,21.19,Medium
Arab Light,33.87,1.121,14.19,Low
Bonny Light,40.5,0.615,10.0,Low
Arab Light,31.88,1.664,13.18,Low
Arab Light,37.93,0.606,14.81,Low
Basrah Heavy,25.89,1.635,24.94,Medium
Ural,30.57,2.5,16.85,Low
Arab Light,30.79,1.174,10.0,Medium
Bonny Light,42.84,0.42,10.0,Low
Bonny Light,40.23,0.377,10.0,High
Basrah Heavy,23.14,1.309,14.24,High
Basrah Heavy,27.71,1.337,21.14,Medium
Basrah Heavy,26.42,1.772,32.25,High
Arab Light,34.7,1.181,27.65,Low
Bonny Light,44.22,0.372,16.91,Low
Arab Light,32.86,1.403,28.94,Low
Ural,32.14,0.779,10.0,Low
Arab Light,36.96,0.945,21.62,Low
Basrah Heavy,25.09,1.563,28.07,High
Basrah Heavy,29.16,1.353,10.0,Medium
Ural,29.36,1.13,30.52,Low
Ural,34.57,0.68,21.2,Low
Arab Light,38.97,0.436,10.0,Low
Basrah Heavy,22.82,1.903,13.12,High
Ural,28.0,1.63,23.38,Medium
Basrah Heavy,23.33,1.594,19.21,High
Bonny Light,43.16,0.398,10.0,Low
Basrah Heavy,28.46,1.041,17.06,Medium
Basrah Heavy,24.04,1.935,20.9,Medium
Arab Light,32.34,1.115,24.94,Medium
Arab Light,36.5,0.727,10.0,Low
Arab Light,34.76,1.269,27.31,Low
Arab Light,34.87,1.166,17.55,Low
Bonny Light,42.16,0.271,15.83,Low
Arab Light,34.56,0.966,30.39,Low
Arab Light,32.97,0.752,17.7,Low
Arab Light,36.65,0.857,23.73,Low
Basrah Heavy,28.91,0.435,10.0,Low
Arab Light,33.34,1.101,10.0,Low
Basrah Heavy,24.25,2.065,22.97,High
Arab Light,35.68,0.845,10.85,Low
Basrah Heavy,23.43,1.105,21.47,Medium
Bonny Light,38.35,1.403,23.97,Medium
Arab Light,36.96,1.194,29.13,Low
Bonny Light,38.9,0.558,12.28,Low
Arab Light,34.87,0.849,10.0,Medium
Basrah Heavy,22.97,0.845,26.48,High
Ural,30.76,1.408,30.39,Low
Arab Light,36.73,0.502,10.04,Low
Ural,28.39,1.698,33.05,High
Arab Light,33.39,1.467,10.7,Medium
Arab Light,37.08,0.77,12.81,Low
Bonny Light,38.91,0.463,10.0,Low
Arab Light,35.33,1.395,27.88,Low
Basrah Heavy,23.27,1.673,17.69,High
Ural,28.72,1.367,29.01,Medium
Ural,35.26,0.653,10.0,Low
Bonny Light,40.2,0.63,36.47,Low
Arab Light,31.61,1.061,14.62,Low
Arab Light,37.27,0.488,10.0,Low
Ural,32.53,1.726,29.8,Low
Arab Light,37.07,1.461,23.71,Low
Ural,35.86,1.238,16.17,Low
Arab Light,30.83,1.611,18.24,Medium
Basrah Heavy,21.88,2.5,44.51,High
Ural,29.38,0.888,14.7,Medium
Basrah Heavy,25.9,1.038,16.27,Medium
Basrah Heavy,27.5,1.212,10.83,Low
Arab Light,33.06,1.161,31.2,Medium
Ural,31.7,1.023,10.78,Medium
Bonny Light,42.25,0.321,10.0,Low
Basrah Heavy,23.52,1.659,30.57,High
Basrah Heavy,29.45,1.235,10.0,Medium
Bonny Light,41.59,0.672,15.06,Low
Basrah Heavy,26.09,1.515,17.64,Medium
Basrah Heavy,20.76,0.941,14.48,High
Basrah Heavy,24.53,1.821,17.3,Medium
Arab Light,34.4,1.67,17.56,Medium
Bonny Light,39.39,0.648,10.0,Low
Ural,34.54,1.344,26.67,Low
Ural,28.0,1.148,15.46,Medium
Basrah Heavy,28.68,1.616,31.05,Medium
Arab Light,33.25,0.797,39.88,Low
Arab Light,36.63,0.75,10.0,Low
Basrah Heavy,23.5,1.525,26.05,Medium
Basrah Heavy,21.85,2.083,18.45,High
Basrah Heavy,28.98,0.979,11.23,Low
Basrah Heavy,25.21,0.927,14.98,Medium
Arab Light,34.26,1.142,38.85,Low
Ural,28.97,1.521,18.02,Medium
Basrah Heavy,25.32,1.603,20.43,High
Arab Light,35.18,1.262,20.14,Low
Ural,31.62,1.06,15.74,Low
Ural,34.93,1.022,10.0,Low
Ural,27.06,1.265,29.18,High
Arab Light,31.86,1.025,13.23,Low
Ural,26.76,1.632,12.34,High
Basrah Heavy,20.91,2.5,31.15,High
Arab Light,32.75,1.382,30.87,Medium
Basrah Heavy,26.09,1.807,17.12,High
Arab Light,31.33,1.516,18.61,Low
Arab Light,33.07,0.46,11.22,Low
Basrah Heavy,22.73,1.908,19.93,Medium
Ural,36.02,1.178,17.66,Low
Basrah Heavy,23.35,1.717,38.05,High
Basrah Heavy,30.05,1.22,18.18,Medium
Basrah Heavy,22.85,1.223,22.39,High
Arab Light,32.82,0.912,12.7,Low
Basrah Heavy,25.77,1.13,19.55,Medium
Arab Light,34.85,1.321,22.25,High
Basrah Heavy,25.07,2.5,35.48,High
Ural,27.4,2.5,25.03,Medium
Bonny Light,42.15,0.345,10.0,Low
Arab Light,34.96,0.732,22.0,Low
Arab Light,28.64,1.022,13.55,Medium
Bonny Light,43.19,0.279,10.0,High
Bonny Light,39.88,0.429,10.0,Low
Arab Light,38.45,0.585,20.37,Medium
Bonny Light,43.72,0.494,21.32,Low
Bonny Light,35.49,0.693,19.3,Low
Ural,28.87,1.899,34.63,High
Arab Light,39.35,1.039,31.82,Low
Basrah Heavy,28.54,1.475,42.79,Medium
Basrah Heavy,21.57,2.5,34.84,High
Arab Light,38.6,0.429,10.31,Low
Arab Light,34.01,0.81,10.0,Low
Arab Light,31.89,1.198,10.5,Low
Arab Light,32.23,1.188,12.55,High
Arab Light,35.42,1.476,29.84,Low
Ural,32.52,0.762,10.0,Medium
Basrah Heavy,24.66,1.312,13.89,High
Basrah Heavy,20.62,1.788,18.36,Medium
Ural,31.12,0.976,15.92,Low
Ural,28.3,0.937,18.13,Low
Bonny Light,39.22,0.552,14.74,Low
Bonny Light,38.75,0.626,10.0,Low
Bonny Light,43.55,0.622,22.07,Low
Basrah Heavy,24.0,1.137,16.72,Medium
Arab Light,35.45,1.188,25.19,Medium
Basrah Heavy,25.68,2.369,27.99,Medium
Arab Light,34.55,0.794,10.27,Low
Bonny Light,41.49,0.555,10.0,Low
Basrah Heavy,25.54,1.868,17.67,High
Arab Light,34.27,1.118,10.0,Medium
Basrah Heavy,24.39,1.647,22.96,High
Basrah Heavy,25.18,1.222,11.7,High
Basrah Heavy,27.57,1.762,14.24,Medium
Basrah Heavy,24.1,1.42,26.59,High
Bonny Light,44.2,0.337,22.97,Low
Arab Light,33.3,1.096,12.18,Low
Ural,28.74,1.784,59.92,Medium
Ural,32.36,2.142,32.22,Low
Basrah Heavy,21.27,1.39,20.73,Medium
Basrah Heavy,23.16,1.71,11.03,High
Ural,35.86,0.516,16.14,Low
Basrah Heavy,25.61,2.5,21.07,High
Bonny Light,38.06,0.737,10.0,Low
Basrah Heavy,23.02,1.52,25.68,High
Ural,27.51,1.427,39.32,Medium
Ural,31.17,1.209,19.57,Low
Basrah Heavy,25.88,1.165,26.44,Medium
Basrah Heavy,23.78,2.485,46.8,High
Bonny Light,37.6,0.947,10.0,Low
Basrah Heavy,27.85,1.815,28.27,Medium
Arab Light,34.11,0.771,26.88,Low
Arab Light,35.14,0.706,24.25,Low
Basrah Heavy,23.67,1.582,32.36,High
Ural,37.62,0.998,12.8,Medium
Ural,33.45,1.217,20.82,Low
Arab Light,32.41,0.828,27.48,Medium
Ural,32.67,1.353,24.09,Low
Basrah Heavy,25.95,1.068,10.0,Medium
Basrah Heavy,29.05,1.033,10.0,Medium
Arab Light,35.46,0.943,26.55,Low
Bonny Light,43.3,0.259,10.0,Low
Basrah Heavy,21.5,1.274,24.03,Medium
Basrah Heavy,24.37,2.5,35.93,High
Arab Light,37.36,1.243,22.0,Low
Ural,30.88,2.5,35.99,Low
Basrah Heavy,24.38,1.875,30.81,High
Arab Light,37.47,0.957,10.0,Low
Ural,31.36,1.094,10.0,Low
Arab Light,33.27,0.913,10.78,Low
Basrah Heavy,25.31,2.092,29.03,High
Basrah Heavy,25.51,2.462,31.11,High
Arab Light,37.88,0.971,10.0,Low
Arab Light,36.64,0.609,26.51,Low
Bonny Light,39.86,0.701,38.97,Low
Arab Light,34.75,0.716,21.19,Low
Ural,28.11,1.216,20.61,Medium
Bonny Light,40.89,0.966,19.77,Low
Arab Light,34.56,0.624,10.0,Low
Arab Light,36.36,1.783,14.51,Medium
Bonny Light,43.49,0.459,20.88,Low
Basrah Heavy,21.22,1.532,27.9,High
Ural,32.47,1.11,26.42,Medium
Ural,36.51,0.649,16.54,Low
Basrah Heavy,22.89,1.401,11.23,High
Arab Light,37.12,0.807,10.0,Low
Basrah Heavy,26.06,1.331,12.51,Medium
Basrah Heavy,21.7,1.279,33.53,High
Arab Light,29.09,1.203,10.0,Medium
Basrah Heavy,27.83,0.871,14.3,Medium
Ural,36.65,0.523,10.0,Medium
Bonny Light,42.05,0.301,10.0,Low
Ural,29.35,2.303,31.52,Medium
Basrah Heavy,26.12,1.717,37.31,High
Basrah Heavy,24.13,1.992,24.33,Medium
Basrah Heavy,24.66,1.589,11.13,Medium
Basrah Heavy,23.65,1.967,22.14,High
Bonny Light,37.88,1.113,13.22,Medium
Arab Light,35.71,1.011,14.28,Low
Basrah Heavy,24.37,2.5,27.35,High
Ural,34.48,0.943,33.94,Low
Arab Light,35.73,1.079,20.8,Low
Basrah Heavy,21.63,2.273,30.62,High
Basrah Heavy,25.73,1.093,12.93,Medium
Arab Light,36.36,0.847,23.73,Low
Ural,35.65,0.462,22.04,Low
Basrah Heavy,27.47,1.341,24.82,Medium
Bonny Light,42.42,0.406,15.85,Low
Bonny Light,41.05,0.475,10.0,Low
Ural,33.95,0.857,18.48,Low
Basrah Heavy,25.75,1.81,36.79,High
Basrah Heavy,23.57,1.212,21.95,High
Bonny Light,37.76,1.429,27.01,Medium
Basrah Heavy,24.29,1.96,22.16,High
Arab Light,36.29,0.634,10.0,Low
Ural,30.69,1.502,13.23,Low
Basrah Heavy,25.35,2.18,37.61,High
Ural,32.01,1.267,17.9,Low
Bonny Light,40.51,0.4,21.66,Low
Ural,28.04,2.5,25.66,Medium
Arab Light,30.34,1.526,31.6,Medium
Bonny Light,43.71,0.236,10.46,Low
Arab Light,30.58,1.296,16.62,Low
Ural,31.93,1.035,14.5,Low
Ural,29.27,1.291,26.97,Low
Ural,32.02,0.732,17.82,High
Basrah Heavy,28.2,1.383,27.79,Medium
Basrah Heavy,24.62,1.185,31.77,High
Basrah Heavy,25.56,1.35,18.04,Medium
Arab Light,29.66,1.447,25.89,Low
Arab Light,30.03,1.049,16.51,Low
Arab Light,38.86,0.61,10.4,Low
Arab Light,37.25,1.037,20.58,Low
Ural,31.77,0.827,10.0,Low
Bonny Light,42.47,0.354,10.0,Low
Basrah Heavy,27.59,0.9,25.01,Medium
Ural,30.96,0.885,18.21,Low
Ural,32.44,1.136,13.07,Low
Arab Light,35.9,1.081,20.1,Medium
Basrah Heavy,23.08,1.27,10.0,Medium
Ural,31.31,1.433,12.53,Medium
Bonny Light,40.73,0.576,10.0,Low
Ural,33.85,0.613,10.0,Low
Bonny Light,43.16,0.425,10.36,Low
Bonny Light,40.03,0.911,18.6,Low
Arab Light,34.97,0.476,46.07,Low
Arab Light,34.43,1.933,35.09,Low
Arab Light,34.56,0.767,10.0,Low
Bonny Light,38.37,0.397,30.78,Low
Basrah Heavy,24.41,1.678,17.54,High
Arab Light,35.79,1.165,22.78,Medium
Bonny Light,42.76,0.386,10.22,High
Basrah Heavy,24.22,1.797,41.45,High
Ural,30.86,2.492,38.57,Medium
Arab Light,32.31,1.175,34.66,Medium
Bonny Light,36.76,2.298,32.68,Medium
Bonny Light,41.7,0.768,11.41,Low
Basrah Heavy,29.38,1.305,25.96,Medium
Ural,27.86,1.527,34.42,Medium
Basrah Heavy,24.38,1.432,14.54,High
Arab Light,34.67,1.029,20.9,Low
Ural,32.39,1.325,27.86,Low
Ural,28.83,1.143,13.93,Low
Basrah Heavy,24.27,0.992,14.19,Medium
Basrah Heavy,23.77,2.5,28.62,High
Ural,34.16,1.372,23.89,Medium
Arab Light,33.07,0.637,14.07,Low
Arab Light,34.93,0.983,17.9,Low
Basrah Heavy,22.68,2.449,47.81,High
Basrah Heavy,22.46,2.382,28.4,High
Bonny Light,43.34,0.305,27.29,Low
Basrah Heavy,25.9,2.121,51.93,High
Arab Light,32.37,1.096,12.37,Low
Bonny Light,39.44,0.731,24.73,Low
Basrah Heavy,24.58,1.151,15.03,High
Ural,30.68,0.27,20.31,Low
Basrah Heavy,21.12,1.379,16.68,Medium
Bonny Light,39.32,0.779,10.0,Low
Ural,34.61,0.881,23.53,Low
Bonny Light,42.33,0.569,14.56,Low
Basrah Heavy,28.56,1.964,38.32,Low
Arab Light,28.89,1.169,14.85,Medium
Ural,32.19,0.948,16.37,Low
Basrah Heavy,23.8,0.762,11.14,Medium
Basrah Heavy,26.27,0.861,10.0,Medium
Basrah Heavy,24.35,1.003,20.41,Medium
Bonny Light,42.4,0.545,12.91,Low
Ural,34.42,0.857,10.0,Low
Arab Light,34.37,0.798,29.9,Low
Ural,31.41,0.918,17.17,Low
Arab Light,35.37,0.684,10.31,Low
Arab Light,34.28,1.337,27.45,Low
Arab Light,31.89,1.158,29.27,Low
Arab Light,35.17,1.289,11.78,Low
Basrah Heavy,27.05,0.664,10.0,Low
Bonny Light,38.59,0.834,12.87,Low
Ural,28.49,1.13,22.12,Medium
Basrah Heavy,20.87,1.654,38.73,High
Arab Light,32.88,1.698,10.0,Low
Basrah Heavy,27.06,1.247,40.36,Medium
Bonny Light,38.18,0.853,17.48,Low
Bonny Light,42.54,0.308,25.08,High
Bonny Light,42.79,0.429,24.9,Low
Basrah Heavy,27.12,0.817,15.29,Medium
Basrah Heavy,23.45,1.628,19.32,High
Basrah Heavy,22.61,1.962,29.72,High
Basrah Heavy,24.6,2.337,30.12,High
Basrah Heavy,25.19,1.164,13.9,Medium
Basrah Heavy,23.52,1.376,20.06,Medium
Bonny Light,38.39,0.563,11.08,Low
Basrah Heavy,21.86,1.612,22.79,High
Basrah Heavy,24.12,1.154,29.21,Medium
Ural,32.75,0.501,10.49,Low
Arab Light,31.92,0.777,17.96,Low
Ural,28.17,1.336,19.56,Medium
Arab Light,37.39,0.73,14.31,Low
Bonny Light,44.26,0.4,10.3,Low
Arab Light,31.09,1.574,26.8,Medium
Arab Light,33.91,0.847,10.0,Low
Ural,30.45,0.696,19.58,Low
Arab Light,35.35,1.036,19.58,Low
Basrah Heavy,24.06,1.616,23.87,High
Arab Light,35.21,0.83,22.23,Low
Basrah Heavy,25.99,2.296,16.49,Medium
Ural,27.08,1.672,32.92,Medium
Basrah Heavy,25.55,1.593,20.2,High
Basrah Heavy,26.58,1.547,19.39,Medium
Basrah Heavy,29.53,1.712,16.92,Medium
Ural,34.43,0.753,10.0,Low
Basrah Heavy,24.96,1.149,10.0,Medium
Ural,36.27,0.774,16.01,Low
Bonny Light,38.56,0.46,10.0,Low
Basrah Heavy,27.58,1.374,28.56,Medium
Ural,30.7,1.238,22.38,Low
Basrah Heavy,22.6,1.674,24.66,High
Basrah Heavy,22.79,1.5,18.24,High
Ural,31.38,2.057,24.65,Medium
Bonny Light,42.94,0.575,30.45,Low
Basrah Heavy,28.24,1.309,16.56,Medium
Arab Light,38.21,0.74,10.0,Low
Basrah Heavy,23.3,2.5,27.94,High
Arab Light,34.07,0.8,10.0,Low
Arab Light,34.67,0.672,12.12,Low
Arab Light,35.15,0.988,17.42,Low
Arab Light,32.54,1.247,12.54,Low
Basrah Heavy,26.22,1.76,11.97,High
Ural,32.72,1.426,19.23,Medium
Ural,32.43,0.84,30.13,Low
Ural,36.51,0.504,12.79,Low
Basrah Heavy,20.03,1.532,24.03,Medium
Arab Light,36.69,0.997,14.52,Medium
Arab Light,33.86,0.72,18.74,Low
Basrah Heavy,28.22,0.689,21.19,Medium
Basrah Heavy,21.25,1.895,35.7,Medium
Arab Light,35.42,0.734,30.61,Medium
Ural,33.03,0.572,16.41,Low
Basrah Heavy,28.44,1.377,31.97,Medium
Ural,34.33,0.843,24.28,Low
Arab Light,31.43,2.068,30.27,Medium
Ural,33.12,1.075,17.56,Medium
Arab Light,32.66,1.315,10.0,Low
Arab Light,37.63,0.749,39.84,Low
Arab Light,39.02,0.539,14.07,Low
Bonny Light,39.35,0.543,10.0,Low
Arab Light,32.05,1.621,19.0,Medium
Arab Light,31.14,1.518,27.95,Low
Arab Light,36.81,0.479,10.0,Low
Ural,35.11,0.591,28.24,Low
Basrah Heavy,24.69,1.041,20.34,Medium
Arab Light,29.88,1.81,19.05,Medium
Arab Light,32.65,0.585,18.63,Low
Bonny Light,41.07,0.703,22.11,Low
Arab Light,37.75,0.857,11.03,Low
Arab Light,37.89,0.776,19.93,Low
Bonny Light,39.59,0.532,10.64,Low
Arab Light,35.62,1.337,33.22,Low
Basrah Heavy,27.03,1.49,18.84,High
Basrah Heavy,24.36,0.967,15.22,Medium
Basrah Heavy,26.0,0.98,10.0,Medium
Basrah Heavy,24.12,0.91,26.89,Medium
Arab Light,37.18,1.191,16.51,Low
Ural,34.24,1.597,19.63,Low
Ural,27.77,2.025,37.38,Medium
Basrah Heavy,25.87,1.432,24.46,High
Arab Light,37.38,0.467,10.0,Low
Basrah Heavy,29.58,0.877,18.46,Medium
Bonny Light,43.13,0.284,14.85,Low
Basrah Heavy,27.17,1.4,19.25,High
Arab Light,31.93,1.817,41.88,Medium
Basrah Heavy,22.84,2.5,28.0,High
Arab Light,39.14,0.554,13.32,Low
Arab Light,30.83,0.543,13.54,Low
Ural,32.5,0.719,21.5,Low
Basrah Heavy,27.75,2.1,19.77,High
Bonny Light,38.66,0.746,23.18,Low
Arab Light,38.28,0.629,41.33,Low
Ural,31.31,0.998,10.0,Low
Ural,29.31,0.989,11.26,Low
Bonny Light,40.32,0.382,10.0,Low
Basrah Heavy,21.93,2.5,15.51,High
Basrah Heavy,22.73,2.5,23.22,High
Basrah Heavy,23.15,1.26,13.67,Medium
Basrah Heavy,24.82,0.851,23.42,Medium
Arab Light,31.04,1.247,30.93,Low
Bonny Light,41.75,0.465,14.78,Low
Bonny Light,42.55,0.547,23.73,Low
Arab Light,33.1,1.407,27.06,Low
Arab Light,37.15,0.521,10.0,Low
Bonny Light,42.06,0.736,18.3,Low
Bonny Light,42.96,0.365,10.0,Low
Basrah Heavy,25.13,1.921,24.91,High
Arab Light,36.7,0.742,16.71,Low
Ural,33.45,1.41,25.86,Medium
Basrah Heavy,25.32,0.674,32.08,Medium
Arab Light,35.49,1.153,10.2,Medium
Bonny Light,40.24,0.438,12.08,Low
Bonny Light,38.95,0.687,29.16,Low
Bonny Light,38.96,1.033,12.58,Low
Ural,31.88,0.847,10.0,Low
Basrah Heavy,27.92,0.982,23.3,Low
Basrah Heavy,23.56,1.452,25.61,High
Arab Light,34.79,0.803,10.0,Low
Arab Light,31.48,0.794,11.52,Low
Arab Light,36.92,0.829,10.0,Medium
Arab Light,32.47,1.145,11.04,Low
Arab Light,36.32,0.985,20.96,Low
Ural,29.13,0.974,20.85,Medium
Basrah Heavy,27.41,1.011,17.12,Low
Basrah Heavy,29.99,1.192,10.43,Low
Basrah Heavy,27.03,1.314,12.53,Medium
Basrah Heavy,26.5,1.354,23.27,High
Bonny Light,37.28,0.606,10.0,Low
Arab Light,35.4,1.006,10.0,Low
Basrah Heavy,26.09,1.073,14.32,Low
Ural,31.61,1.091,17.84,Low
Arab Light,33.83,0.895,10.0,Low
Basrah Heavy,28.59,1.316,23.35,Medium
Basrah Heavy,26.0,2.267,26.72,High
Basrah Heavy,25.63,0.96,10.0,Medium
Ural,27.39,0.61,14.41,Low
Basrah Heavy,28.12,1.106,10.0,Medium
Basrah Heavy,24.23,1.076,14.88,High
Basrah Heavy,21.79,0.616,11.29,Medium
Arab Light,38.74,1.258,19.35,Low
Basrah Heavy,25.04,1.896,25.64,High
Ural,34.16,1.232,25.91,Low
Basrah Heavy,26.52,1.325,19.45,Medium
Arab Light,36.58,0.951,10.0,Low
Arab Light,37.35,0.665,10.0,Low
Arab Light,39.18,0.87,48.28,High
Basrah Heavy,24.62,1.694,11.94,Medium
Ural,35.06,0.906,38.25,Low
Bonny Light,43.76,0.366,32.24,Low
Basrah Heavy,30.76,1.992,15.32,Medium
Basrah Heavy,24.66,1.679,31.47,High
Bonny Light,39.94,0.423,15.5,Low
Arab Light,33.03,1.179,29.54,Low
Basrah Heavy,25.91,1.784,17.25,High
Basrah Heavy,26.98,1.364,23.65,Medium
Ural,30.26,1.203,13.86,Medium
Ural,29.65,0.87,10.0,Low
Arab Light,35.76,0.903,16.86,Low
Bonny Light,41.47,0.332,17.88,Medium
Arab Light,32.86,0.97,22.36,Low
Basrah Heavy,21.37,1.419,30.2,High
Arab Light,32.92,1.488,15.33,High
Arab Light,33.32,1.771,41.49,High
Basrah Heavy,21.43,1.199,19.15,Medium
Basrah Heavy,29.35,1.281,11.59,Low
Arab Light,36.43,0.745,23.81,Low
Ural,33.48,1.199,18.03,Medium
Basrah Heavy,25.79,1.563,15.73,High
Arab Light,34.97,0.807,11.36,Low
Arab Light,36.85,0.83,14.94,Low
Arab Light,35.86,0.804,10.0,Low
Ural,27.63,2.43,43.5,Medium
Ural,31.79,0.854,20.44,Low
Ural,28.25,1.481,21.53,Low
Basrah Heavy,24.52,1.903,22.15,High
Arab Light,37.45,0.892,26.57,Low
Arab Light,32.39,0.981,33.44,Low
Basrah Heavy,25.65,2.453,20.11,High
Basrah Heavy,23.58,0.795,15.7,High
Basrah Heavy,28.49,0.912,19.2,Low
Arab Light,38.35,0.892,26.45,Low
Arab Light,33.94,0.727,20.87,Medium
Basrah Heavy,28.4,0.968,20.29,Low
Ural,28.64,1.128,17.78,Medium
Bonny Light,39.28,0.492,10.0,Low
Basrah Heavy,24.83,1.965,26.13,High
Bonny Light,37.45,1.05,15.38,Low
Basrah Heavy,25.4,1.584,13.3,High
Bonny Light,44.53,0.452,29.82,High
Bonny Light,43.06,0.25,10.72,Low
Basrah Heavy,28.82,1.352,25.82,Medium
Ural,32.93,1.69,21.06,Low
Bonny Light,40.03,0.845,10.0,Low
Bonny Light,41.8,0.805,22.02,Low
Bonny Light,43.64,0.3,30.08,Low
Arab Light,36.5,1.138,28.25,Low
Basrah Heavy,25.53,1.316,23.64,Medium
Ural,34.63,1.164,16.44,Low
Arab Light,34.21,1.538,23.68,Medium
Arab Light,29.67,0.956,22.94,Low
Arab Light,37.93,0.384,10.0,Low
Arab Light,37.14,1.498,27.31,Medium
Basrah Heavy,22.51,2.041,24.28,High
Ural,31.35,1.113,10.0,Low
Basrah Heavy,25.83,1.425,13.87,High
Ural,29.85,0.601,12.57,Low
Ural,28.14,1.464,21.95,Medium
Arab Light,34.69,0.782,10.0,Low
Arab Light,37.69,0.764,23.97,Low
Basrah Heavy,23.42,1.68,25.41,Medium
Bonny Light,37.72,0.229,10.0,Low
Ural,34.61,1.124,24.34,Low
Arab Light,34.01,1.052,15.15,Medium
Basrah Heavy,27.75,1.551,12.42,Medium
Basrah Heavy,29.88,1.172,24.65,Medium
Arab Light,35.55,0.902,24.07,Low
Bonny Light,43.2,0.422,13.43,Low
Ural,27.37,1.552,24.79,Low
Basrah Heavy,28.04,1.615,23.39,Medium
Bonny Light,37.35,0.852,21.61,Low
Arab Light,34.13,1.867,23.05,Medium
Bonny Light,36.6,0.636,10.0,Low
Basrah Heavy,27.16,1.248,12.55,Medium
Arab Light,36.02,1.549,16.04,Medium
Bonny Light,39.88,0.578,11.16,Low
Basrah Heavy,24.82,2.179,25.32,High
Ural,35.17,0.955,31.74,Low
Bonny Light,39.42,0.59,13.65,Low
Basrah Heavy,31.01,1.662,25.7,Medium
Basrah Heavy,21.49,2.141,25.6,Medium
Ural,29.94,0.728,15.87,Low
Basrah Heavy,23.9,1.734,26.19,Medium
Basrah Heavy,25.9,1.062,27.69,Medium
Arab Light,36.44,1.295,29.28,Low
Ural,31.97,2.061,16.15,Medium
Basrah Heavy,25.79,2.5,23.94,High
Basrah Heavy,24.3,1.82,21.52,High
Ural,30.98,1.003,25.96,Low
Arab Light,36.94,0.893,18.26,Low
Ural,34.41,0.691,12.84,Medium
Arab Light,35.03,2.09,17.7,Medium
Bonny Light,43.22,0.602,20.38,Low
Ural,32.35,1.214,29.46,Low
Basrah Heavy,26.66,2.063,19.32,High
Bonny Light,40.2,0.496,10.0,Low
Arab Light,33.65,0.684,13.84,Low
Basrah Heavy,22.14,0.804,15.07,Medium
Basrah Heavy,25.09,1.602,35.88,High
Ural,32.69,0.994,12.77,Medium
Basrah Heavy,30.45,1.455,15.45,Low
Basrah Heavy,30.51,1.215,13.28,Medium
Basrah Heavy,26.21,1.752,15.43,High
Arab Light,39.36,0.854,14.42,Low
Arab Light,37.84,0.444,19.7,Low
Arab Light,38.96,0.906,24.1,Low
Basrah Heavy,22.02,1.52,13.86,Medium
Basrah Heavy,22.97,2.027,34.72,High
Arab Light,29.63,1.809,24.12,High
Arab Light,34.93,1.328,10.0,Medium
Ural,32.84,1.109,24.05,Low
Basrah Heavy,23.39,1.772,33.28,High
Basrah Heavy,25.25,2.112,22.33,High
Basrah Heavy,23.02,0.998,17.13,Medium
Arab Light,34.35,0.69,12.76,Low
Arab Light,37.32,0.701,15.29,Low
Ural,27.05,0.897,14.32,Low
Arab Light,35.77,0.793,16.91,Low
Arab Light,36.41,0.742,10.0,Low
Arab Light,35.22,0.936,12.42,Low
Basrah Heavy,22.32,1.699,21.88,High
Arab Light,33.31,1.497,26.07,Low
Basrah Heavy,24.63,1.937,11.26,Medium
Arab Light,31.95,1.089,27.86,Low
Basrah Heavy,30.2,1.093,17.99,Medium
Ural,35.57,0.871,25.08,Low
Bonny Light,39.12,0.651,16.86,Low
Basrah Heavy,22.68,2.5,41.9,High
Arab Light,33.63,0.606,17.05,Low
Ural,31.79,0.815,10.0,Low
Basrah Heavy,29.36,0.881,21.37,Low
Ural,34.98,1.014,18.1,Low
Arab Light,34.2,1.054,12.99,Low
Bonny Light,41.53,0.412,13.19,Low
Bonny Light,44.44,0.435,15.75,Low
Basrah Heavy,25.63,1.731,24.95,High
Arab Light,35.38,1.246,10.05,Medium
Arab Light,34.79,1.425,34.77,Low
Basrah Heavy,29.33,0.609,20.56,Medium
Basrah Heavy,21.46,2.273,27.31,High
Bonny Light,43.42,0.244,10.0,Low
Basrah Heavy,25.2,1.69,35.94,Medium
Arab Light,38.76,0.664,15.81,Low
Ural,28.39,1.33,10.96,Medium
Basrah Heavy,27.58,0.916,30.06,Medium
Arab Light,35.69,1.259,15.78,Low
Bonny Light,37.13,0.5,10.0,Low
Arab Light,31.08,1.525,23.33,Low
Basrah Heavy,27.67,0.842,10.9,Low
Basrah Heavy,26.79,1.438,19.59,High
Bonny Light,41.24,0.983,20.11,Low
Basrah Heavy,24.42,2.5,12.61,Medium
Arab Light,36.87,0.455,13.06,Low
Basrah Heavy,30.5,0.945,27.24,Low
Arab Light,36.31,0.698,10.0,Low
Bonny Light,39.67,1.372,10.0,Low
Arab Light,35.96,0.84,22.91,Low
Bonny Light,38.97,0.973,17.2,Low
Basrah Heavy,26.16,1.652,26.82,High
Arab Light,34.66,0.62,10.53,Low
Bonny Light,38.32,0.37,13.11,Low
Arab Light,34.67,0.761,29.05,Low
Basrah Heavy,27.33,2.5,33.92,High
Bonny Light,43.21,0.434,10.0,Low
Arab Light,34.3,1.398,29.85,Low
Arab Light,37.49,0.464,11.61,Low
Bonny Light,41.96,0.425,10.0,Low
Basrah Heavy,29.09,1.707,16.82,Low
Basrah Heavy,25.58,1.04,10.28,Medium
Basrah Heavy,29.38,1.253,18.02,Medium
Arab Light,32.77,0.782,25.22,Low
Basrah Heavy,24.15,2.158,33.25,High
Ural,27.71,1.596,17.27,Medium
Basrah Heavy,28.05,1.735,26.73,Medium
Ural,27.97,1.86,20.29,High
Basrah Heavy,20.0,1.737,20.74,High
Arab Light,35.24,1.288,21.8,Medium
Basrah Heavy,30.5,0.984,10.0,Low
Ural,32.87,1.317,17.88,Low
Arab Light,35.26,0.454,10.63,Low
Arab Light,34.84,0.718,10.0,Medium
Bonny Light,40.31,1.309,23.04,Low
Arab Light,35.91,1.069,21.09,Medium
Basrah Heavy,21.55,2.207,19.97,High
Bonny Light,39.35,0.482,10.0,Low
Basrah Heavy,24.59,1.082,17.03,High
Basrah Heavy,31.2,1.062,11.46,Low
Arab Light,37.62,0.737,11.61,Low
Basrah Heavy,23.51,2.5,12.27,High
Basrah Heavy,29.45,1.824,22.12,Low
Ural,36.19,0.879,13.11,Low
Basrah Heavy,23.82,1.675,14.18,High
Ural,33.8,1.302,25.64,Low
Bonny Light,44.55,0.196,10.0,Low
Arab Light,32.67,0.547,13.32,Low
Ural,33.43,1.326,25.3,Medium
Ural,29.37,1.315,23.67,Medium
Bonny Light,44.17,0.212,10.0,Low
Basrah Heavy,23.86,0.785,15.77,High
Basrah Heavy,25.05,2.131,20.72,High
Arab Light,32.52,0.9,25.2,Low
Arab Light,32.35,1.255,35.69,Low
Basrah Heavy,25.94,1.369,30.51,Medium
Arab Light,30.49,1.196,24.54,Low
Basrah Heavy,24.78,1.281,18.34,High
Bonny Light,41.71,0.48,19.35,Low
Basrah Heavy,24.19,1.974,13.48,High
Basrah Heavy,27.14,1.293,14.62,High
Basrah Heavy,23.96,1.449,24.39,High
Basrah Heavy,24.56,1.966,23.12,High
Basrah Heavy,28.14,1.723,15.31,High
Basrah Heavy,29.88,0.839,18.99,Low
Basrah Heavy,28.06,1.352,32.66,Medium
Basrah Heavy,23.09,1.402,31.92,Medium
Arab Light,34.58,0.953,11.94,Low
Arab Light,34.47,1.579,36.63,Medium
Basrah Heavy,27.38,1.598,18.31,High
Basrah Heavy,23.28,2.5,30.3,High
Basrah Heavy,21.45,1.931,33.01,High
Basrah Heavy,21.37,1.692,10.0,High
Basrah Heavy,23.45,1.649,22.8,High
Ural,33.19,1.091,11.54,Medium
Bonny Light,38.39,0.789,12.39,Low
Bonny Light,37.41,0.542,21.62,Low
Arab Light,35.28,0.833,11.95,Low
Arab Light,36.32,0.65,12.99,Low
Basrah Heavy,24.92,2.246,26.78,Medium
Ural,30.53,0.616,19.01,Low
Ural,32.81,1.122,25.72,Low
Ural,29.79,0.738,16.64,Low
Bonny Light,42.29,0.53,10.0,Low
Arab Light,32.56,0.937,17.71,Low
Ural,28.47,0.709,11.23,Medium
Ural,30.57,1.676,38.49,Medium
Basrah Heavy,28.7,0.549,12.13,Low
Bonny Light,39.25,0.643,24.36,Low
Basrah Heavy,23.71,2.094,36.06,High
Bonny Light,40.94,0.877,17.89,Low
Ural,31.74,0.643,16.93,Low
Basrah Heavy,27.1,1.191,21.67,Medium
Ural,36.63,1.195,23.46,Low
Basrah Heavy,21.22,2.5,21.14,High
Ural,26.88,2.256,48.66,Medium
Ural,31.17,2.5,30.62,Medium
Arab Light,34.65,0.79,28.25,Low
Bonny Light,39.43,0.727,15.94,Low
Basrah Heavy,28.17,1.204,20.51,Medium
Basrah Heavy,23.74,0.823,11.14,Medium
Arab Light,35.4,0.868,12.38,Medium
Basrah Heavy,24.6,0.79,10.0,Medium
Arab Light,37.34,0.643,34.55,Low
Basrah Heavy,24.75,0.944,27.19,Medium
Arab Light,32.28,1.278,14.85,Medium
Arab Light,34.32,0.735,15.2,Low
Bonny Light,39.0,0.357,16.36,Low
Basrah Heavy,25.77,2.047,18.01,Medium
Bonny Light,38.5,0.565,10.0,Low
Arab Light,30.29,1.051,16.83,Medium
Basrah Heavy,26.12,1.058,31.25,Medium
Arab Light,30.84,1.776,18.72,Medium
Arab Light,31.83,1.236,24.21,Medium
Basrah Heavy,22.33,1.398,38.7,Medium
Arab Light,34.33,0.494,23.73,Low
Basrah Heavy,24.72,2.5,20.91,High
Arab Light,32.2,2.201,23.57,Medium
Arab Light,31.83,1.863,23.67,Medium
Arab Light,32.62,0.84,10.29,Low
Ural,34.45,0.803,10.0,Low
Basrah Heavy,23.62,1.898,33.05,Medium
Bonny Light,38.31,0.519,10.0,Low
Ural,30.15,0.871,11.47,Low
Bonny Light,37.73,1.245,22.0,Low
Ural,34.69,0.924,16.39,Low
Basrah Heavy,22.06,1.182,12.96,Medium
Arab Light,35.14,1.274,34.37,Low
Basrah Heavy,25.1,1.272,12.24,Medium
Ural,36.33,0.419,19.17,Low
Arab Light,37.98,0.492,17.09,Low
Basrah Heavy,26.91,1.201,23.75,Low
Bonny Light,39.18,0.707,10.0,Low
Basrah Heavy,20.63,1.955,24.52,High
Arab Light,36.14,1.305,21.67,Medium
Ural,30.78,1.097,21.19,Low
Basrah Heavy,23.62,1.402,19.02,High
Arab Light,31.47,1.774,28.73,Medium
Ural,35.02,1.297,18.55,Low
Basrah Heavy,21.42,1.661,16.53,High
Arab Light,30.66,1.328,14.22,Medium
Basrah Heavy,29.18,1.096,21.62,Low
Ural,31.31,0.771,10.0,Medium
Basrah Heavy,22.22,2.5,35.4,Medium
Bonny Light,37.86,0.611,10.0,Low
Bonny Light,37.71,0.83,10.0,Low
Basrah Heavy,24.07,0.954,36.75,Medium
Basrah Heavy,25.22,2.002,37.42,High
Arab Light,28.5,0.877,16.85,Low
Ural,31.96,2.008,21.74,Medium
Arab Light,35.68,1.648,28.62,Low
Basrah Heavy,28.84,1.604,44.56,Medium
Basrah Heavy,21.56,1.854,21.27,High
Bonny Light,37.37,0.721,34.54,Low
Arab Light,31.65,1.117,14.39,Low
Bonny Light,43.36,0.447,10.0,Low
Arab Light,36.51,0.852,16.2,Low
Bonny Light,41.9,0.677,10.0,Low
Basrah Heavy,29.91,0.904,21.91,Low
Basrah Heavy,27.82,2.358,19.8,Low
Bonny Light,36.98,0.686,18.54,Low
Bonny Light,43.12,0.31,19.17,Low
Basrah Heavy,24.87,1.782,40.43,High
Arab Light,38.85,0.784,10.0,Low
Arab Light,39.13,0.358,10.0,Low
Arab Light,35.49,0.752,12.48,Low
Basrah Heavy,26.69,0.68,19.05,Medium
Bonny Light,45.0,0.223,10.0,Low
Basrah Heavy,24.89,1.257,12.41,Medium
Ural,30.08,1.372,16.43,Low
Basrah Heavy,22.44,1.309,21.49,High
Basrah Heavy,25.17,1.279,16.44,High
Ural,34.04,1.552,36.65,Low
Basrah Heavy,26.08,2.5,32.75,Medium
Ural,34.05,0.712,10.0,Medium
Basrah Heavy,27.34,2.017,25.26,High
Bonny Light,40.2,0.675,19.61,Low
Ural,33.26,0.562,15.67,Low
Bonny Light,40.93,0.411,10.0,Low
Basrah Heavy,30.1,0.428,10.64,Low
Basrah Heavy,22.7,1.913,24.18,High
Arab Light,36.42,0.57,22.73,Low
Arab Light,31.99,1.168,24.07,Low
Basrah Heavy,26.76,2.5,19.48,Medium
Basrah Heavy,26.38,2.5,43.28,Medium
Arab Light,36.96,0.609,33.74,Low
Basrah Heavy,21.93,1.235,16.3,Medium
Arab Light,34.26,1.524,25.66,Low
Basrah Heavy,22.69,1.202,48.61,High
Basrah Heavy,20.0,2.5,29.66,High
Arab Light,30.08,2.5,31.33,Medium
Arab Light,34.6,1.2,25.07,Medium
Basrah Heavy,21.83,2.5,41.64,High
Arab Light,37.03,1.151,10.0,Medium
Ural,34.1,0.806,15.28,Low
Arab Light,32.77,1.178,31.27,Low
Arab Light,34.84,0.667,20.94,Low
Bonny Light,42.76,0.668,17.47,Medium
Arab Light,35.43,0.612,15.52,Low
Bonny Light,39.79,0.787,27.56,Medium
Ural,32.17,1.639,27.8,Medium
Basrah Heavy,24.14,1.361,37.55,Low
Arab Light,31.25,0.903,15.12,Low
Ural,35.78,0.822,10.0,Low
Bonny Light,44.07,0.25,21.55,Low
Arab Light,30.71,1.263,17.38,Medium
Basrah Heavy,20.93,1.322,20.45,High
Arab Light,35.61,0.657,16.47,Low
Basrah Heavy,28.96,1.584,18.4,High
Ural,28.78,1.638,13.97,Medium
Arab Light,32.6,0.97,26.56,Low
Ural,29.81,0.705,10.0,Low
Bonny Light,44.64,0.46,38.81,Low
Arab Light,36.06,0.73,15.6,Low
Arab Light,35.22,1.868,11.37,Medium
Ural,30.93,1.129,29.64,Low
Ural,32.45,1.138,10.0,High
Bonny Light,42.29,0.392,10.0,Low
Basrah Heavy,20.15,2.038,44.07,High
Arab Light,35.28,2.5,34.08,Medium
Basrah Heavy,22.96,1.497,24.42,Medium
Bonny Light,43.65,0.576,17.83,Low
Arab Light,31.93,1.154,12.46,Medium
Arab Light,31.2,1.757,10.0,Medium
Basrah Heavy,22.46,0.877,20.97,Medium
Basrah Heavy,23.55,2.5,33.18,High
Ural,31.43,1.296,18.93,Medium
Basrah Heavy,25.24,1.408,35.05,High
Basrah Heavy,25.34,2.112,34.12,High
Bonny Light,38.89,0.708,10.0,Low
Ural,31.63,0.761,12.57,Low
Basrah Heavy,26.74,0.621,10.07,Low
Basrah Heavy,28.0,2.5,23.45,Medium
Bonny Light,41.97,0.44,25.96,Low
Ural,32.67,0.864,13.41,Low
Arab Light,36.38,0.691,22.71,Low
Basrah Heavy,20.0,2.5,34.64,High
Basrah Heavy,25.87,1.268,11.77,Medium
Basrah Heavy,29.67,1.582,34.71,Medium
Ural,33.98,0.878,16.14,Low
Basrah Heavy,22.37,1.115,15.54,High
Basrah Heavy,22.9,2.325,18.5,Medium
Ural,31.68,1.668,17.11,Medium
Bonny Light,42.48,0.35,10.0,Low
Ural,30.4,1.2,10.0,Low
Arab Light,37.67,0.777,19.61,Low
Arab Light,36.14,0.992,10.63,Medium
Arab Light,37.61,1.505,22.69,Low
Basrah Heavy,23.91,1.456,32.39,Medium
Arab Light,37.24,0.694,21.37,Low
Arab Light,32.79,1.0,19.73,Low
Arab Light,37.97,0.526,10.0,Medium
Bonny Light,39.83,0.335,10.0,Low
Bonny Light,39.98,0.632,10.0,Low
Basrah Heavy,25.4,1.847,27.55,High
Arab Light,33.88,0.994,10.55,Low
Basrah Heavy,23.19,1.641,15.53,Medium
Arab Light,35.34,0.657,25.43,Low
Basrah Heavy,25.45,1.674,21.12,High
Basrah Heavy,24.12,1.717,12.79,High
Ural,31.05,1.387,23.95,Low
Arab Light,33.08,1.17,10.26,Low
Bonny Light,37.24,0.894,19.53,Medium
Basrah Heavy,27.71,2.202,24.25,High
Basrah Heavy,24.33,1.96,25.71,High
Arab Light,34.93,1.096,11.06,Medium
Basrah Heavy,29.86,0.68,11.23,Low
Basrah Heavy,21.97,2.5,25.21,High
Bonny Light,43.45,0.344,10.0,Low
Basrah Heavy,28.97,1.344,17.01,Low
Basrah Heavy,22.2,1.115,10.0,Medium
Arab Light,35.71,1.821,30.06,Medium
Arab Light,36.84,0.338,16.93,Low
Arab Light,33.33,1.732,20.63,Medium
Arab Light,36.72,0.942,14.27,Low
Ural,27.66,0.714,11.5,Low
Basrah Heavy,23.47,2.5,35.57,High
Arab Light,35.95,1.031,12.9,Medium
Ural,31.92,0.49,21.49,Low
Bonny Light,39.86,0.527,10.0,Low
Arab Light,38.4,0.849,24.54,Low
Arab Light,35.0,1.679,10.0,Medium
Basrah Heavy,26.16,1.289,16.04,Medium
Basrah Heavy,22.13,0.691,20.84,Medium
Basrah Heavy,26.04,2.491,37.25,High
Ural,34.79,1.113,10.0,Low
Basrah Heavy,23.67,0.754,18.83,High
Ural,27.2,1.602,24.99,Medium
Basrah Heavy,22.21,2.036,30.1,High
Bonny Light,43.32,0.348,42.98,High
Ural,29.91,0.934,47.22,Medium
Basrah Heavy,24.72,1.276,30.86,Low
Basrah Heavy,21.71,1.581,15.33,High
Basrah Heavy,23.71,1.861,20.34,High
Bonny Light,38.86,0.889,17.03,Medium
Basrah Heavy,24.2,0.76,11.68,Medium
Arab Light,38.77,0.744,10.0,Low
Arab Light,31.11,1.389,28.52,Low
Ural,36.64,0.867,10.0,Low
Arab Light,30.81,1.033,10.0,Low
Arab Light,37.61,1.241,24.74,Low
Bonny Light,40.58,0.904,21.54,Medium
Basrah Heavy,28.96,1.151,10.0,Medium
Ural,32.26,1.066,10.0,Low
Basrah Heavy,24.62,2.077,25.07,High
Arab Light,32.32,1.713,24.64,Medium
Bonny Light,42.07,0.353,10.0,Low
Ural,34.81,0.648,10.0,Medium
Ural,28.16,1.496,19.8,High
Basrah Heavy,28.52,0.902,21.08,Low
Arab Light,36.58,0.415,10.0,Low
Arab Light,38.05,0.545,13.33,Low
Arab Light,36.21,0.977,10.57,Low
Arab Light,36.39,1.435,45.01,Medium
Basrah Heavy,22.82,1.327,20.54,High
Basrah Heavy,29.03,1.248,33.06,High
Basrah Heavy,26.2,1.568,26.12,Medium
Arab Light,38.28,0.567,33.69,Low
Basrah Heavy,23.12,1.304,18.33,High
Bonny Light,35.91,0.971,16.54,Medium
Arab Light,33.21,0.681,12.0,Low
Basrah Heavy,22.36,1.323,14.04,High
Ural,35.08,0.854,10.0,Low
Ural,28.75,1.479,22.74,Medium
Basrah Heavy,25.46,0.901,24.1,Medium
Basrah Heavy,26.6,1.394,10.41,Medium
Basrah Heavy,21.13,1.151,16.61,High
Basrah Heavy,28.91,1.032,13.13,Low
Ural,35.25,1.194,32.16,Medium
Bonny Light,42.64,0.422,10.0,Low
Basrah Heavy,21.31,2.5,28.89,High
Ural,31.34,1.127,23.9,Low
Basrah Heavy,21.25,2.5,22.56,High
Arab Light,36.71,1.073,17.16,Low
Ural,35.34,0.896,24.48,Low
Arab Light,33.46,0.644,10.0,Low
Basrah Heavy,23.09,1.623,26.82,High
Arab Light,34.6,0.786,10.0,Low
Bonny Light,39.95,0.495,10.87,Low
Basrah Heavy,29.81,1.324,29.87,Low
Basrah Heavy,22.78,1.026,22.25,High
Basrah Heavy,23.57,1.217,29.78,High
Arab Light,36.1,0.597,10.0,Low
Arab Light,33.97,0.904,14.66,Medium
Ural,29.05,0.995,11.0,Low
Ural,32.48,0.847,14.55,Low
Bonny Light,41.97,0.499,21.75,Low
Ural,33.13,0.891,31.73,Low
Basrah Heavy,27.53,1.402,42.0,High
Arab Light,33.4,0.693,10.51,High
Basrah Heavy,25.68,1.136,10.0,Medium
Basrah Heavy,27.8,2.5,18.0,Medium
Bonny Light,39.09,0.517,10.0,Low
Ural,31.27,0.555,10.0,Low
Bonny Light,41.94,0.539,20.83,Low
Arab Light,36.43,0.648,17.18,Low
Arab Light,34.08,1.068,33.08,Low
Arab Light,37.81,0.719,18.42,Low
Basrah Heavy,21.76,2.144,25.23,High
Basrah Heavy,29.1,1.255,15.13,Medium
Arab Light,36.1,0.787,28.86,Low
Basrah Heavy,26.27,2.212,12.15,Medium
Bonny Light,44.87,0.134,10.0,Low
Basrah Heavy,20.63,1.158,23.79,High
Basrah Heavy,25.38,1.152,14.96,Medium
Ural,34.4,0.531,20.3,Low
Basrah Heavy,22.9,1.434,26.71,Medium
Bonny Light,41.94,0.39,16.62,Low
Ural,29.15,1.823,28.24,Medium
Basrah Heavy,25.77,1.466,29.17,High
Ural,31.25,1.078,26.01,Low
Arab Light,37.37,0.674,13.82,Low
Ural,29.84,0.866,13.48,High
Ural,30.47,1.655,25.01,Medium
Ural,31.16,1.783,34.75,Medium
Arab Light,33.72,0.657,10.0,Low
Basrah Heavy,21.64,2.5,27.59,High
Ural,34.03,0.778,10.9,Low
Bonny Light,42.55,0.337,10.0,Low
Arab Light,30.41,1.434,16.89,Medium
Ural,32.32,1.331,10.71,Low
Arab Light,34.51,0.93,10.0,Low
Ural,31.56,1.011,34.29,Medium
Bonny Light,37.13,1.184,10.96,Low
Basrah Heavy,28.23,1.089,22.58,Medium
Basrah Heavy,29.2,1.262,41.04,Medium
Arab Light,35.83,1.572,32.03,Low
Arab Light,33.34,0.644,18.37,Low
Arab Light,35.21,0.774,21.26,Low
Basrah Heavy,22.92,2.426,24.48,High
Arab Light,36.58,0.987,27.66,Low
Arab Light,37.2,1.068,36.17,Low
Arab Light,40.51,0.358,10.0,Low
Ural,33.23,1.158,10.0,Medium
Ural,36.45,0.75,22.82,Low
Arab Light,33.56,2.246,52.32,Medium
Ural,32.44,1.441,13.5,Medium
Arab Light,35.54,0.88,10.0,Low
Arab Light,34.65,1.044,15.65,Low
Arab Light,31.96,1.138,13.52,Medium
Basrah Heavy,25.87,1.923,26.01,High
Basrah Heavy,24.78,1.167,12.78,Medium
Arab Light,34.42,1.546,19.58,Low
Bonny Light,41.06,0.336,10.0,Low
Ural,28.79,1.417,10.0,Medium
Basrah Heavy,22.47,1.291,18.28,High
Arab Light,29.3,1.306,25.12,Medium
Basrah Heavy,25.32,2.178,17.39,High
Ural,30.74,0.656,39.54,Low
Ural,34.69,0.887,19.76,Low
Arab Light,38.91,0.406,10.0,Low
Arab Light,32.41,0.986,29.71,Low
Basrah Heavy,24.82,0.949,24.94,High
Arab Light,34.5,1.009,22.13,Low
Bonny Light,41.15,0.455,13.16,Low
Ural,28.37,1.748,19.17,Medium
Arab Light,32.36,1.677,25.47,Medium
Arab Light,33.72,1.007,17.95,Low
Basrah Heavy,23.99,2.223,38.7,Medium
Basrah Heavy,28.52,2.168,30.98,Medium
Basrah Heavy,25.19,1.122,15.29,Low
Arab Light,34.46,1.58,18.98,Medium
Bonny Light,39.93,0.599,10.0,Low
Arab Light,34.53,0.676,15.55,Low
Basrah Heavy,26.94,1.596,18.26,High
Basrah Heavy,25.46,1.494,12.63,Medium
Basrah Heavy,22.86,1.038,24.63,High
Ural,29.21,0.879,11.74,Low
Arab Light,31.53,2.029,23.2,Low
Ural,33.97,1.089,32.58,Low
Ural,35.09,1.539,30.41,Medium
Basrah Heavy,26.52,1.266,23.37,Medium
Arab Light,31.38,0.871,17.15,Low
Bonny Light,39.32,0.358,31.05,Low
Arab Light,37.31,1.086,15.62,Low
Basrah Heavy,24.58,1.834,18.13,High
Bonny Light,37.57,0.657,26.34,Medium
Bonny Light,41.51,0.383,15.76,Low
Arab Light,32.94,1.563,14.67,Medium
Arab Light,34.02,0.925,20.53,Low
Basrah Heavy,28.91,1.237,10.0,Medium
Ural,31.51,0.928,25.77,Low
Arab Light,37.42,0.665,15.72,Low
Basrah Heavy,26.6,1.769,26.38,High
Ural,34.34,0.587,16.93,Low
Bonny Light,39.61,0.645,17.96,Low
Ural,32.21,1.537,20.72,Low
Basrah Heavy,31.18,1.132,18.14,Low
Basrah Heavy,29.12,1.877,20.48,Medium
Bonny Light,36.13,1.358,21.33,Low
Bonny Light,41.99,0.651,13.23,Low
Arab Light,36.81,0.668,14.62,Medium
Arab Light,34.44,0.946,10.0,Medium
Arab Light,32.23,1.24,14.15,Low
Arab Light,37.38,0.653,10.0,Low
Basrah Heavy,22.95,1.419,18.96,High
Basrah Heavy,22.76,1.4,12.69,High
Basrah Heavy,21.13,2.5,17.39,High
Ural,31.73,1.029,18.55,Medium
Basrah Heavy,22.35,2.5,21.88,High
Basrah Heavy,24.64,1.169,13.58,Medium
Arab Light,32.85,1.922,27.42,Medium
Basrah Heavy,24.93,1.372,26.96,Medium
Basrah Heavy,22.38,1.761,19.75,Medium
Arab Light,29.51,0.67,23.65,Low
Arab Light,35.58,1.308,31.81,Low
Arab Light,35.58,1.411,19.3,Low
Bonny Light,43.13,0.265,10.0,Low
Basrah Heavy,25.96,2.263,22.08,Medium
Bonny Light,41.34,0.323,11.73,Low
Bonny Light,44.49,0.393,18.76,Low
Ural,35.17,0.824,27.05,Low
Arab Light,38.87,1.076,10.86,Low
Arab Light,31.27,1.266,18.6,Low
Arab Light,33.53,1.407,25.4,Low
Ural,28.67,2.046,14.2,Medium
Basrah Heavy,24.95,1.413,10.0,Medium
Bonny Light,41.86,0.478,11.52,Low
Arab Light,38.39,0.478,10.0,Low
Ural,29.03,1.174,11.03,Medium
Arab Light,30.77,2.341,21.39,Medium
Basrah Heavy,25.03,2.032,19.0,High
Arab Light,33.8,0.693,16.87,Low
Arab Light,35.84,1.536,10.0,Medium
Arab Light,37.79,0.852,17.59,Low
Basrah Heavy,22.48,2.304,24.64,High
Basrah Heavy,28.63,1.578,12.23,Medium
Arab Light,34.01,1.141,22.34,Low
Arab Light,34.39,0.477,14.78,Low
Bonny Light,36.51,1.216,12.94,Low
Basrah Heavy,25.49,0.695,10.0,Low
Basrah Heavy,23.58,2.358,31.83,High
Basrah Heavy,22.37,1.791,33.8,High
Arab Light,36.04,1.146,10.0,Low
Arab Light,38.75,0.721,10.0,Low
Arab Light,34.41,1.383,10.0,Low
Bonny Light,42.02,0.475,18.35,Low
Basrah Heavy,30.58,1.329,17.71,Low
Ural,30.04,1.428,16.79,Low
Basrah Heavy,25.29,2.5,34.53,High
Basrah Heavy,23.05,2.08,21.04,High
Arab Light,39.03,0.419,17.31,Low
Basrah Heavy,26.73,1.191,10.26,Low
Arab Light,34.24,1.196,17.7,Low
Ural,28.6,2.069,32.93,Medium
Ural,31.01,0.914,10.0,Low
Arab Light,34.2,2.131,19.82,Low
Arab Light,31.96,1.187,14.78,Low
Arab Light,35.02,1.066,34.15,Low
Basrah Heavy,24.85,1.013,18.53,Medium
Basrah Heavy,24.61,2.344,18.26,Medium
Ural,28.58,1.14,37.14,Medium
Bonny Light,41.14,0.408,28.02,Low
Basrah Heavy,25.99,1.341,20.66,Medium
Arab Light,37.22,1.265,42.56,Medium
Ural,29.21,1.521,16.06,Medium
Ural,30.76,0.874,13.05,Medium
Arab Light,35.91,0.717,10.0,Low
Arab Light,37.68,1.229,24.14,Low
Ural,28.09,1.255,39.58,Medium
Bonny Light,41.91,0.584,22.25,Low
Basrah Heavy,22.27,2.301,20.58,High
Bonny Light,41.82,0.147,10.0,Low
Basrah Heavy,23.17,2.5,14.23,Medium
Ural,27.15,1.057,24.72,Low
Basrah Heavy,26.2,1.309,12.52,High
Basrah Heavy,28.46,2.297,26.73,High
Basrah Heavy,24.39,2.5,17.83,High
Arab Light,36.16,1.007,14.07,Low
Basrah Heavy,25.54,1.97,25.87,Medium
Basrah Heavy,26.76,2.04,26.84,Medium
Arab Light,33.52,1.677,26.69,Low
Arab Light,36.91,1.379,34.11,Low
Ural,35.42,0.929,25.86,Low
Bonny Light,40.92,0.42,20.59,Low
Ural,29.47,1.167,25.1,Medium
Basrah Heavy,26.78,1.513,22.57,Medium
Basrah Heavy,22.57,1.685,21.81,High
Bonny Light,39.17,0.46,22.71,Low
Basrah Heavy,30.91,1.379,10.0,Medium
Arab Light,35.76,0.504,19.9,Low
Bonny Light,37.95,0.755,10.0,Low
Bonny Light,38.39,0.743,19.63,Low
Arab Light,29.92,1.298,20.93,Medium
Ural,33.06,1.409,23.77,Medium
Arab Light,31.3,1.49,32.71,Medium
Ural,34.29,2.106,20.76,Low
Basrah Heavy,23.07,1.406,14.48,Medium
Basrah Heavy,25.17,1.71,25.17,Medium
Arab Light,32.03,1.199,14.03,Low
Basrah Heavy,23.85,1.734,12.99,High
Ural,36.33,0.537,10.0,High
Arab Light,30.36,0.805,40.0,Medium
Bonny Light,42.9,0.417,12.56,Low
Ural,28.08,0.786,20.28,Low
Arab Light,34.01,0.876,14.27,Low
Ural,33.68,0.802,26.0,Medium
Basrah Heavy,24.57,1.432,10.0,High
Arab Light,32.26,1.631,38.15,Medium
Basrah Heavy,24.73,1.082,18.19,Medium
Bonny Light,39.27,0.879,11.36,Low
Ural,35.47,0.73,29.25,Low
Bonny Light,41.3,0.444,16.62,Low
Bonny Light,43.26,0.463,11.62,Low
Bonny Light,44.42,0.29,10.0,Low
Basrah Heavy,22.37,1.266,18.81,Medium
Bonny Light,40.96,0.475,13.91,Medium
Arab Light,32.69,0.574,15.93,Medium
Arab Light,34.49,1.091,12.28,Low
Arab Light,37.51,0.257,10.0,Low
Basrah Heavy,21.06,2.474,20.69,High
Basrah Heavy,23.57,2.05,20.74,Medium
Basrah Heavy,24.65,2.5,35.5,Low
Basrah Heavy,27.6,2.5,47.68,High
Arab Light,37.6,1.048,15.51,Low
Bonny Light,40.0,0.483,15.4,Low
Arab Light,35.14,1.953,16.29,Medium
Arab Light,37.84,0.487,10.0,Low
Arab Light,36.16,0.435,22.23,Low
Arab Light,29.9,2.387,13.67,High
Basrah Heavy,23.5,2.046,30.25,High
Ural,34.78,0.485,17.54,Low
Basrah Heavy,23.89,1.016,27.34,High
Ural,28.75,1.603,25.51,Medium
Ural,33.58,0.747,10.0,Low
Arab Light,34.19,0.755,28.14,Low
Bonny Light,41.87,0.96,12.89,Low
Basrah Heavy,25.19,2.5,40.79,High
Bonny Light,44.43,0.335,20.56,Low
Ural,35.27,0.858,18.87,Low
Ural,33.89,1.362,29.13,Medium
Ural,30.2,1.01,31.97,Medium
Ural,31.15,0.535,17.5,Low
Bonny Light,39.58,0.239,18.34,Low
Arab Light,32.72,1.04,11.16,Low
Ural,34.54,1.295,26.38,Low
Ural,34.17,0.98,10.56,Low
Arab Light,31.19,1.547,23.74,Medium
Bonny Light,41.84,0.666,10.0,Low
Arab Light,35.53,1.442,17.54,Low
Arab Light,38.39,0.752,32.07,Low
Basrah Heavy,24.56,1.751,23.59,High
Basrah Heavy,26.48,1.448,22.83,Medium
Ural,33.49,0.93,23.84,Low
Arab Light,33.12,0.601,14.95,Low
Arab Light,36.25,1.269,25.97,Medium
Basrah Heavy,25.91,1.314,27.37,Medium
Arab Light,32.2,0.943,12.89,Low
Ural,28.98,1.081,10.43,Medium
Bonny Light,40.5,0.357,12.64,Low
Basrah Heavy,24.35,1.556,18.52,Medium
Arab Light,32.81,1.272,27.97,Medium
Arab Light,37.56,0.592,10.68,Low
Arab Light,34.74,1.349,34.4,Low
Arab Light,32.41,0.956,32.03,Medium
Arab Light,29.55,0.743,28.55,Low
Arab Light,33.34,1.663,28.31,Medium
Arab Light,37.28,0.832,11.24,Low
Arab Light,38.97,0.903,14.17,Low
Arab Light,33.86,1.357,25.59,Medium
Ural,34.11,0.703,13.87,Low
Ural,28.17,1.132,17.07,Low
Basrah Heavy,27.47,2.016,38.98,High
Ural,26.13,2.5,20.36,High
Bonny Light,39.61,0.641,20.2,Low
Basrah Heavy,21.44,1.436,25.6,High
Arab Light,35.94,1.553,23.54,Medium
Basrah Heavy,23.52,1.33,13.12,Medium
Ural,30.25,1.375,18.26,Low
Basrah Heavy,27.23,1.221,20.59,Medium
Ural,28.26,1.486,13.7,Medium
Basrah Heavy,25.55,1.096,29.16,Medium
Arab Light,29.78,1.101,18.63,Low
Bonny Light,41.56,0.403,11.93,Low
Arab Light,28.64,1.675,29.45,High
Bonny Light,42.65,0.458,30.53,Low
Bonny Light,44.3,0.445,10.18,Low
Bonny Light,42.42,0.335,10.0,Low
Basrah Heavy,24.09,1.506,39.62,High
Ural,32.47,1.349,22.6,Low
Basrah Heavy,23.21,2.263,50.56,High
Arab Light,36.7,0.49,28.36,Low
Bonny Light,43.98,0.388,10.0,Low
Ural,32.99,0.79,14.37,Low
Arab Light,34.66,1.297,10.0,Low
Arab Light,32.03,2.132,21.82,Medium
Ural,33.27,0.414,10.0,Low
Ural,28.79,1.048,13.52,Medium
Arab Light,32.58,1.181,10.0,Low
Bonny Light,40.82,0.549,10.0,Low
Basrah Heavy,21.56,2.475,24.96,High
Basrah Heavy,24.9,1.612,22.29,High
Arab Light,32.76,0.885,10.0,Low
Bonny Light,38.09,0.507,25.12,Low
Basrah Heavy,22.56,1.133,13.75,High
Basrah Heavy,22.28,1.338,23.02,High
Basrah Heavy,24.2,1.323,15.05,Low
Bonny Light,41.88,0.551,13.72,Low
Basrah Heavy,30.92,1.12,17.82,Low
Arab Light,34.77,0.746,27.62,Medium
Bonny Light,40.32,0.408,10.42,Low
Basrah Heavy,26.31,1.155,17.27,Medium
Arab Light,34.57,0.779,10.0,Low
Arab Light,34.2,0.749,10.0,Low
Ural,30.52,1.529,24.07,Medium
Arab Light,36.59,1.324,22.56,Low
Arab Light,38.19,0.476,14.16,Low
Basrah Heavy,24.62,2.346,37.07,High
Ural,29.23,1.645,22.43,Medium
Ural,30.61,1.281,16.46,Low
Basrah Heavy,21.21,2.5,31.02,Medium
Arab Light,36.33,0.788,13.92,Low
Bonny Light,41.58,0.577,10.0,Low
Basrah Heavy,23.13,1.755,33.46,High
Basrah Heavy,30.75,1.214,14.21,Medium
Arab Light,32.17,1.295,18.71,Low
Basrah Heavy,24.28,1.634,18.22,High
Basrah Heavy,26.55,1.721,35.09,High
Arab Light,32.66,0.848,11.99,Medium
Basrah Heavy,24.36,1.281,33.68,High
Arab Light,32.48,0.855,10.72,Low
Ural,28.89,1.155,24.57,Medium
Arab Light,30.16,1.756,22.26,Medium
Basrah Heavy,27.26,1.205,10.0,Medium
Ural,29.44,1.605,35.69,Low
Basrah Heavy,27.22,1.558,15.94,High
Ural,35.21,0.778,12.49,Low
Arab Light,32.16,1.745,25.66,Medium
Ural,32.05,1.437,12.87,Medium
Basrah Heavy,27.27,1.417,15.69,Medium
Basrah Heavy,20.41,1.803,22.04,High
Arab Light,30.84,1.227,10.0,Medium
Basrah Heavy,20.87,1.069,19.14,High
Basrah Heavy,24.19,1.209,10.55,Medium
Ural,32.42,1.278,25.38,Medium
Ural,30.61,0.691,25.16,Medium
Basrah Heavy,28.71,1.019,23.89,Low
Bonny Light,39.65,0.544,21.38,Low
Ural,33.73,2.5,27.41,Medium
Bonny Light,35.75,1.106,10.0,Medium
Ural,35.96,1.263,29.16,Low
Ural,28.3,1.019,12.58,Medium
Arab Light,36.24,0.956,16.2,Low
Ural,32.4,0.588,10.0,Low
Bonny Light,39.26,0.578,10.0,Low
Basrah Heavy,26.46,1.752,25.49,High
Basrah Heavy,25.1,0.947,17.06,Medium
Basrah Heavy,23.35,1.913,14.2,High
Bonny Light,43.13,0.475,10.0,Low
Arab Light,34.1,0.793,35.14,Low
Ural,34.3,0.722,19.43,High
Ural,30.48,0.943,11.6,Medium
Bonny Light,44.52,0.277,10.0,Low
Basrah Heavy,23.79,1.467,21.28,Medium
Ural,34.17,1.165,15.54,Low
Bonny Light,38.84,0.561,26.79,Low
Basrah Heavy,22.13,2.5,33.64,High
Ural,35.73,1.529,10.0,Low
Arab Light,33.56,1.101,24.6,High
Arab Light,32.67,0.949,24.45,Low
Arab Light,31.29,0.962,20.83,Low
Basrah Heavy,32.68,1.196,24.15,High
Basrah Heavy,22.63,2.035,37.64,Medium
Basrah Heavy,23.09,1.569,27.74,High
Basrah Heavy,23.43,1.448,13.1,Medium
Arab Light,30.35,1.379,37.07,Medium
Arab Light,32.56,1.104,10.0,Low
Basrah Heavy,27.39,1.153,22.09,Medium
Ural,33.17,1.081,18.83,Medium
Ural,35.07,0.742,11.44,Low
Arab Light,36.87,0.617,21.73,Low
Bonny Light,42.22,0.459,11.22,Low
Arab Light,35.88,0.708,18.83,Low
Ural,31.34,0.894,10.0,Medium
Basrah Heavy,27.48,2.023,35.16,High
Ural,31.11,1.02,26.03,Low
Bonny Light,43.73,0.693,14.5,Low
Ural,28.22,1.688,16.44,Medium
Arab Light,32.12,0.83,26.43,Low
Arab Light,33.62,1.516,10.43,Medium
Arab Light,35.8,0.677,14.76,Low
Ural,31.21,2.323,25.82,Medium
Ural,30.3,1.323,23.23,Medium
Bonny Light,40.72,0.672,11.96,Low
Arab Light,37.44,0.774,23.37,Low
Basrah Heavy,28.92,1.438,13.0,Medium
Arab Light,35.18,0.84,26.62,Low
Basrah Heavy,23.47,1.2,17.81,Medium
Basrah Heavy,26.7,1.636,18.54,Medium
Basrah Heavy,24.68,2.264,30.81,Medium
Ural,31.77,0.744,22.46,Low
Basrah Heavy,27.38,2.416,27.2,High
Basrah Heavy,22.33,2.138,25.61,High
Basrah Heavy,26.16,1.276,13.84,Medium
Bonny Light,39.17,0.559,10.0,Low
Ural,31.83,2.159,22.44,Medium
Basrah Heavy,30.19,1.708,23.2,Medium
Basrah Heavy,23.14,2.5,26.74,High
Arab Light,38.45,0.642,11.37,Low
Basrah Heavy,22.5,2.091,18.07,High
Arab Light,34.9,1.049,10.71,Low
Arab Light,31.33,1.088,10.12,Medium
Bonny Light,40.0,0.625,14.2,Medium
Basrah Heavy,32.97,1.551,25.29,Low
Ural,30.74,2.09,26.89,Medium
Basrah Heavy,26.79,1.325,23.9,Low
Bonny Light,37.9,0.465,10.0,Low
Bonny Light,36.89,1.424,20.38,Medium
Ural,36.47,1.478,17.35,Medium
Arab Light,33.73,1.154,16.91,Medium
Basrah Heavy,26.69,2.5,18.99,High
Ural,31.14,1.311,11.71,Low
Ural,35.6,0.643,14.11,Low
Basrah Heavy,29.32,0.812,10.07,Medium
Arab Light,33.86,0.626,10.0,Low
Arab Light,37.53,0.761,12.98,Low
Ural,33.31,0.875,19.76,Low
Ural,31.43,0.939,23.83,Low
Arab Light,33.41,0.986,10.0,Medium
Arab Light,38.93,0.905,12.32,Low
Basrah Heavy,28.6,1.099,19.05,Medium
Arab Light,34.17,0.759,18.33,Low
Basrah Heavy,23.32,1.41,26.79,Medium
Ural,33.13,1.437,23.17,Medium
Arab Light,35.64,0.86,11.0,Low
Arab Light,36.16,0.935,17.47,Low
Basrah Heavy,21.03,2.5,29.5,High
Basrah Heavy,28.53,2.5,20.74,Medium
Arab Light,33.08,1.307,13.96,Low
Basrah Heavy,22.51,2.08,27.97,High
Basrah Heavy,21.83,1.165,24.78,High
Ural,28.92,1.491,16.78,High
Arab Light,30.37,1.245,38.15,Low
Arab Light,31.61,1.556,10.0,Medium
Arab Light,29.74,1.097,17.18,Medium
Ural,29.48,1.368,20.31,Medium
Basrah Heavy,30.31,1.51,29.58,Medium
Ural,32.84,2.06,20.55,Low
Bonny Light,39.74,1.069,13.5,Low
Ural,27.96,2.137,22.35,Medium
Arab Light,30.46,1.563,29.46,Medium
Ural,31.96,0.96,26.56,Low
Arab Light,31.88,1.446,17.68,Medium
Arab Light,34.87,0.71,10.0,Low
Arab Light,38.98,0.621,10.0,Low
Basrah Heavy,22.7,2.5,19.85,High
Basrah Heavy,23.78,1.979,35.93,High
Arab Light,32.08,1.2,18.19,Low
Basrah Heavy,28.9,1.486,28.29,Low
Arab Light,37.13,0.76,12.64,Low
Arab Light,32.19,0.518,36.28,Low
Bonny Light,41.52,0.324,16.67,Low
Basrah Heavy,21.6,2.208,29.14,Medium
Arab Light,30.78,0.863,19.61,Low
Arab Light,36.12,0.819,10.0,Low
Basrah Heavy,29.46,0.83,11.75,Low
Basrah Heavy,20.33,1.446,27.81,High
Basrah Heavy,23.37,1.663,22.3,Low
Basrah Heavy,23.17,2.319,32.31,High
Basrah Heavy,24.83,2.33,25.43,High
Arab Light,38.08,0.56,11.88,Low
Arab Light,31.92,1.246,29.17,Medium
Basrah Heavy,24.64,0.962,17.64,Medium
Basrah Heavy,23.32,1.702,24.24,High
Basrah Heavy,25.2,2.162,25.73,High
Arab Light,34.69,0.92,13.07,Low
Basrah Heavy,22.68,2.5,27.25,High
Arab Light,30.01,1.663,22.36,Medium
Basrah Heavy,24.98,1.7,33.41,High
Basrah Heavy,22.37,1.585,21.79,High
Bonny Light,41.93,0.397,20.47,Low
Basrah Heavy,24.87,0.942,10.44,Medium
Basrah Heavy,21.67,1.128,21.29,High
Basrah Heavy,24.65,2.243,15.35,Medium
Bonny Light,39.98,1.025,11.94,Low
Arab Light,35.87,0.593,10.0,Low
Arab Light,31.74,1.158,14.57,Low
Bonny Light,41.39,0.296,19.57,Low
Basrah Heavy,23.03,1.199,10.0,High
Bonny Light,42.97,0.451,22.43,Low
Basrah Heavy,23.65,1.374,10.0,Medium
Arab Light,36.68,0.416,10.0,Low
Arab Light,33.83,1.819,21.26,Medium
Arab Light,30.0,1.22,32.44,Low
Bonny Light,40.47,0.389,16.77,Low
Basrah Heavy,25.42,1.605,39.61,High
Bonny Light,42.09,0.455,34.53,Low
Arab Light,35.37,1.041,25.73,Low
Arab Light,38.12,0.641,10.0,Low
Bonny Light,41.04,0.598,16.27,Low
Basrah Heavy,21.35,2.497,29.79,Medium
Bonny Light,41.04,0.338,10.0,Low
Arab Light,31.45,0.901,23.93,Low
Ural,29.6,1.7,13.63,Medium
Basrah Heavy,20.31,1.535,15.09,High
Arab Light,34.5,0.927,10.0,Low
Ural,32.28,0.929,10.0,Low
Arab Light,30.56,1.045,11.65,Medium
Basrah Heavy,20.81,1.539,19.92,High
Basrah Heavy,25.13,1.0,25.63,High
Bonny Light,41.6,0.587,10.0,Low
Basrah Heavy,27.18,2.062,34.47,High
Ural,28.4,1.263,39.16,Medium
Bonny Light,43.59,0.519,23.58,Low
Basrah Heavy,28.95,1.102,11.33,Low
Basrah Heavy,28.48,1.104,12.94,Low
Ural,30.62,1.388,29.09,Low
Basrah Heavy,24.17,1.875,19.05,High
Arab Light,33.59,0.973,16.95,Low
Ural,36.04,1.084,21.1,Low
Arab Light,36.94,0.508,18.55,Low
Arab Light,33.07,0.94,17.76,Low
Ural,33.34,1.441,12.69,Low
Arab Light,35.66,1.232,15.7,Low
Basrah Heavy,31.25,1.556,31.88,Medium
Arab Light,34.35,1.377,19.77,High
Bonny Light,43.19,0.349,29.24,Low
Ural,34.1,0.539,14.72,Low
Arab Light,33.53,0.928,10.53,Low
Basrah Heavy,29.03,1.629,26.72,High
Basrah Heavy,28.35,1.782,34.28,Medium
Basrah Heavy,22.4,1.437,21.35,High
Basrah Heavy,26.2,1.058,18.28,Medium
Bonny Light,44.37,0.238,12.95,Low
Basrah Heavy,24.66,1.309,23.32,High
Ural,29.78,0.646,10.0,Medium
Basrah Heavy,23.67,1.369,10.0,High
Basrah Heavy,29.97,1.265,24.18,Medium
Arab Light,35.02,0.889,15.71,Low
Basrah Heavy,22.11,1.556,24.53,High
Ural,37.06,0.621,12.07,Medium
Bonny Light,42.88,0.342,14.21,Low
Bonny Light,39.16,0.54,10.0,Low
Basrah Heavy,22.43,2.209,23.97,High
Ural,30.94,1.181,11.85,Low
Basrah Heavy,26.64,2.5,26.5,Medium
Bonny Light,42.8,0.376,10.0,Low
Arab Light,33.65,1.175,24.38,Low
Basrah Heavy,23.23,1.502,34.1,High
Basrah Heavy,22.62,1.524,12.83,High
Basrah Heavy,22.07,2.5,29.22,High
Basrah Heavy,27.35,2.001,23.64,Medium
Bonny Light,41.12,0.287,25.47,Low
Ural,33.04,0.732,14.94,Low
Bonny Light,44.67,0.289,21.03,Low
Basrah Heavy,30.74,0.997,22.22,Medium
Arab Light,35.34,0.531,14.81,Low
Basrah Heavy,25.93,1.564,17.5,High
Arab Light,35.08,0.475,14.35,Low
Basrah Heavy,24.96,1.635,15.35,High
Basrah Heavy,25.34,1.988,22.11,High
Arab Light,35.75,1.186,10.0,Low
Basrah Heavy,24.44,1.519,32.9,Low
Arab Light,38.25,1.211,19.7,Low
Ural,33.61,1.135,29.52,Medium
Basrah Heavy,26.98,1.929,25.35,High
Bonny Light,42.66,0.334,12.31,Low
Arab Light,34.06,1.672,27.28,Low
Ural,31.9,1.119,17.16,Low
Ural,30.91,2.055,24.01,Medium
Ural,34.22,1.563,18.99,Medium
Ural,31.8,1.233,12.53,Medium
Bonny Light,42.25,0.528,10.34,Low
Arab Light,31.06,1.102,26.55,Low
Basrah Heavy,21.62,1.334,16.52,High
Basrah Heavy,23.07,2.075,44.33,High
Arab Light,32.59,1.302,10.0,Medium
Basrah Heavy,22.06,0.993,26.15,Medium
Basrah Heavy,24.35,1.557,19.62,Medium
Basrah Heavy,25.06,2.11,29.8,High
Arab Light,33.87,1.66,16.31,Medium
Basrah Heavy,25.55,1.967,14.63,High
Arab Light,34.99,0.542,20.07,Low
Ural,35.18,0.629,25.52,Low
Ural,31.13,1.036,17.2,Medium
Basrah Heavy,29.33,2.096,22.78,Medium
Arab Light,34.05,0.794,14.56,Low
Arab Light,37.29,1.123,17.35,Low
Arab Light,37.15,0.631,11.7,Low
Ural,29.69,1.52,22.11,Medium
Basrah Heavy,27.88,0.991,20.96,Medium
Bonny Light,38.06,0.678,17.46,Low
Basrah Heavy,20.44,1.247,14.57,Medium
Ural,28.47,2.22,25.09,Medium
Arab Light,35.12,0.717,10.0,Low
Basrah Heavy,26.42,0.856,18.74,Medium
Ural,32.2,0.623,10.0,Low
Basrah Heavy,28.74,1.283,10.0,Medium
Ural,36.47,0.705,10.7,Low
Arab Light,37.11,0.987,20.3,Low
Basrah Heavy,27.19,1.309,23.53,Medium
Basrah Heavy,28.14,2.046,34.45,Medium
Ural,32.95,0.92,39.06,Low
Basrah Heavy,25.77,2.166,26.33,High
Bonny Light,42.8,0.303,10.0,Low
Ural,29.12,0.767,15.56,Medium
Ural,28.72,0.992,13.91,Low
Basrah Heavy,27.99,0.923,10.0,Low
Ural,30.28,0.793,10.0,Low
Bonny Light,41.15,0.611,12.45,Low
Basrah Heavy,26.0,1.365,32.42,Medium
Basrah Heavy,24.92,1.646,18.88,Medium
Basrah Heavy,26.65,1.751,28.74,Medium
Arab Light,38.2,0.398,22.33,Low
Ural,31.36,1.409,25.78,Medium
Arab Light,32.41,0.713,21.03,Low
Arab Light,32.31,0.894,10.0,Low
Basrah Heavy,23.47,0.856,13.55,Medium
Basrah Heavy,22.43,2.17,16.69,Medium
Basrah Heavy,26.71,0.804,10.84,Low
Bonny Light,43.04,0.268,10.0,Low
Arab Light,35.37,0.605,17.07,Low
Arab Light,32.02,1.063,10.0,Medium
Ural,31.54,1.081,10.0,Low
Basrah Heavy,24.27,2.137,25.6,Medium
Basrah Heavy,28.16,1.31,10.0,Medium
Basrah Heavy,29.92,1.748,42.96,Low
Bonny Light,39.1,0.753,12.54,Low
Ural,33.37,0.737,24.79,Low
Arab Light,33.72,0.795,10.0,Low
Basrah Heavy,22.21,2.5,31.55,High
Basrah Heavy,20.0,2.5,33.27,High
Arab Light,33.96,1.319,12.88,Low
Arab Light,34.2,1.359,26.02,Low
Bonny Light,39.84,0.72,10.0,Low
Ural,28.84,1.48,17.47,Medium
Arab Light,30.64,1.222,12.07,Low
Ural,32.45,1.966,31.51,Medium
Bonny Light,43.43,0.325,12.94,Low
Arab Light,32.63,1.168,19.78,Low
Arab Light,33.8,0.549,14.19,Low
Bonny Light,41.76,0.297,12.43,Low
Basrah Heavy,21.91,2.5,24.15,High
Bonny Light,38.3,0.882,21.24,Low
Basrah Heavy,22.68,1.587,15.86,Medium
Arab Light,34.49,0.981,18.09,Low
Ural,27.56,0.869,14.4,Medium
Arab Light,36.06,0.735,10.95,Low
Arab Light,34.02,0.591,12.19,Low
Arab Light,34.59,0.855,17.09,Low
Basrah Heavy,28.98,1.658,27.69,Medium
Basrah Heavy,27.72,1.626,22.27,Medium
Basrah Heavy,21.68,2.5,36.96,Medium
Arab Light,30.63,1.332,15.04,Low
Arab Light,36.54,0.346,10.0,Low
Basrah Heavy,27.07,2.5,33.14,High
Bonny Light,39.85,0.456,10.0,Low
Arab Light,33.43,1.082,42.6,Low
Arab Light,31.76,1.17,24.81,Medium
Arab Light,33.63,1.098,10.51,Medium
Basrah Heavy,23.77,1.668,38.59,High
Ural,30.2,1.257,14.5,Low
Arab Light,32.4,0.685,30.09,Low
Basrah Heavy,24.11,2.5,34.96,High
Bonny Light,42.1,0.587,10.0,Low
Ural,30.84,1.21,12.6,Low
Ural,30.77,2.272,18.88,Medium
Bonny Light,42.49,0.304,10.0,Low
Bonny Light,43.15,0.543,20.79,High
Basrah Heavy,23.77,1.35,33.22,Medium
Arab Light,33.71,1.156,11.49,Low
Arab Light,37.62,0.875,10.0,Low
Basrah Heavy,24.9,0.692,16.86,Low
Basrah Heavy,25.91,0.911,10.0,Medium
Basrah Heavy,24.63,2.5,36.7,High
Ural,33.02,0.96,21.38,High
Ural,30.59,2.426,29.0,Medium
Ural,32.45,1.716,29.93,Medium
Basrah Heavy,24.11,1.498,27.81,Medium
Basrah Heavy,31.51,1.028,11.08,Low
Arab Light,32.09,1.973,17.06,High
Arab Light,34.49,1.992,24.5,Low
Bonny Light,39.2,0.591,20.84,Low
Bonny Light,43.37,0.662,10.0,Low
Bonny Light,41.25,0.749,10.0,Low
Bonny Light,37.96,1.116,10.91,Low
Bonny Light,43.21,0.411,10.0,Low
Arab Light,35.78,0.689,10.0,Low
Basrah Heavy,29.55,0.878,10.34,Medium
Basrah Heavy,27.97,0.869,19.09,Low
Arab Light,35.3,1.762,30.48,Low
Basrah Heavy,27.51,1.406,40.68,Medium
Basrah Heavy,24.14,1.083,16.63,Low
Bonny Light,39.47,0.903,11.93,Low
Basrah Heavy,24.43,1.351,36.88,Medium
Bonny Light,43.12,0.32,10.81,Low
Ural,26.85,2.5,29.45,High
Arab Light,31.01,0.739,25.85,Low
Ural,30.4,1.32,10.0,Low
Basrah Heavy,29.79,1.021,17.52,High
Arab Light,33.6,0.778,10.0,Low
Basrah Heavy,27.2,0.851,10.0,Medium
Bonny Light,42.98,0.42,10.0,Low
Basrah Heavy,21.3,1.324,33.99,Medium
Basrah Heavy,21.78,2.174,16.35,High
Ural,30.67,1.179,15.12,Low
Ural,28.89,1.177,24.73,Medium
Arab Light,32.22,0.811,10.0,Low
Arab Light,38.51,1.15,38.7,Low
Basrah Heavy,29.64,1.636,21.81,Medium
Ural,34.93,0.73,10.0,Low
Basrah Heavy,23.45,1.032,11.07,High
Basrah Heavy,28.24,0.699,10.0,Medium
Basrah Heavy,24.43,2.379,22.56,High
Basrah Heavy,27.67,1.912,22.05,High
Basrah Heavy,23.65,2.377,34.78,High
Arab Light,35.61,0.846,40.38,Low
Basrah Heavy,25.71,2.01,23.11,High
Basrah Heavy,20.65,2.5,34.22,High
Arab Light,31.86,1.096,16.47,Medium
Basrah Heavy,27.71,1.225,12.31,Medium
Ural,31.14,0.83,10.77,Medium
Bonny Light,43.1,0.469,26.21,Low
Arab Light,33.0,1.277,15.57,Low
Bonny Light,42.42,0.388,28.44,Low
Basrah Heavy,26.6,1.319,19.82,High
Basrah Heavy,28.01,1.269,20.07,Medium
Ural,32.03,1.466,31.2,Low
Ural,31.68,0.701,15.79,Low
Ural,31.98,0.757,10.0,Low
Basrah Heavy,22.15,1.192,13.11,Medium
Ural,28.31,1.281,20.09,Medium
Arab Light,30.43,1.356,21.66,Low
Basrah Heavy,26.62,1.003,18.46,Medium
Basrah Heavy,24.35,2.203,25.93,High
Bonny Light,44.45,0.53,13.35,Low
Basrah Heavy,22.89,1.961,36.25,High
Ural,29.03,1.931,21.57,Medium
Arab Light,38.49,0.507,11.69,Low
Ural,34.63,0.692,22.15,Low
Ural,30.51,1.448,28.84,Medium
Bonny Light,37.61,0.745,10.0,Low
Basrah Heavy,26.26,1.083,10.0,Low
Basrah Heavy,22.1,2.5,35.16,High
Arab Light,32.5,1.201,21.61,Low
Arab Light,34.95,1.183,18.18,Medium
Basrah Heavy,25.32,1.217,25.56,Medium
Basrah Heavy,20.27,2.5,27.45,High
Basrah Heavy,27.67,1.317,22.21,Medium
Basrah Heavy,24.66,2.262,23.65,High
Basrah Heavy,23.55,1.349,14.24,High
Bonny Light,42.22,0.488,10.47,Low
Basrah Heavy,25.56,1.854,14.06,High
Bonny Light,43.39,0.774,10.0,Low
Bonny Light,37.91,0.631,13.17,Low
Basrah Heavy,28.41,1.442,23.53,Low
Ural,38.03,0.896,26.39,Low
Arab Light,29.84,0.763,13.89,Low
Ural,35.21,0.424,10.0,Low
Basrah Heavy,22.11,1.232,10.85,High
Basrah Heavy,26.82,2.027,34.59,High
Basrah Heavy,23.44,2.5,30.27,High
Arab Light,34.94,0.67,12.76,Low
Bonny Light,43.47,0.248,11.39,Low
Ural,32.03,1.902,31.3,Medium
Ural,30.84,0.975,30.63,Low
Bonny Light,39.97,0.53,10.0,Low
Ural,36.8,1.344,17.87,Low
Basrah Heavy,25.61,2.395,34.43,High
Bonny Light,39.34,0.893,10.0,Medium
Arab Light,30.48,0.665,33.67,Medium
Basrah Heavy,22.43,1.111,15.84,Medium
Arab Light,36.66,1.207,39.52,Medium
Bonny Light,42.66,0.483,10.0,Low
Basrah Heavy,22.12,1.33,28.57,High
Arab Light,33.05,0.928,11.55,Low
Basrah Heavy,22.56,2.5,29.29,High
Basrah Heavy,22.47,2.5,34.23,Medium
Basrah Heavy,26.69,1.45,28.62,High
Ural,32.95,0.828,18.81,Low
Bonny Light,42.54,0.399,11.2,Low
Basrah Heavy,22.97,2.5,30.36,High
Basrah Heavy,28.3,2.146,54.25,High
Basrah Heavy,23.22,1.793,33.14,High
Basrah Heavy,22.93,1.407,13.66,Medium
Arab Light,32.55,1.575,22.56,Low
Ural,31.39,2.034,29.43,Medium
Arab Light,32.94,0.633,10.0,Low
Arab Light,34.4,0.885,27.3,Low
Arab Light,35.19,1.363,13.86,Low
Basrah Heavy,28.37,1.381,15.75,Low
Basrah Heavy,21.64,1.497,13.3,High
Bonny Light,41.8,0.519,22.01,Low
Ural,30.45,1.381,25.51,Medium
Bonny Light,35.35,0.606,23.4,Low
Bonny Light,43.77,0.372,27.39,High
Arab Light,34.43,1.09,19.54,Low
Bonny Light,44.19,0.281,10.0,Low
Arab Light,37.42,0.584,15.31,Low
Basrah Heavy,24.81,1.304,15.07,High
Basrah Heavy,22.68,1.217,23.47,High
Basrah Heavy,25.4,2.068,37.08,High
Basrah Heavy,27.86,0.977,11.13,Medium
Arab Light,28.09,1.457,22.86,Medium
Ural,35.36,0.788,14.43,Low
Ural,28.16,1.062,17.29,Low
Arab Light,32.91,1.706,31.5,Medium
Basrah Heavy,25.35,1.47,24.92,Medium
Ural,30.11,0.977,14.84,Low
Arab Light,39.29,0.495,11.54,Low
Basrah Heavy,24.08,1.824,24.74,High
Basrah Heavy,21.45,2.388,28.88,High
Basrah Heavy,24.44,2.492,30.23,High
Basrah Heavy,27.79,1.304,26.35,Low
Ural,37.12,0.726,10.0,Low
Ural,31.25,1.216,22.91,Medium
Ural,36.03,0.907,21.32,Low
Basrah Heavy,23.48,1.266,38.95,Medium
Ural,33.99,1.646,21.82,Medium
Ural,31.0,1.187,22.51,Medium
Basrah Heavy,24.11,1.951,33.39,High
Arab Light,31.22,1.35,23.69,Medium
Arab Light,35.87,0.998,10.0,Low
Arab Light,37.65,0.529,10.0,Low
Basrah Heavy,24.01,1.621,20.93,Medium
Arab Light,28.88,2.5,29.66,Medium
Basrah Heavy,28.69,2.31,30.7,Medium
Basrah Heavy,21.35,1.896,51.23,High
Basrah Heavy,27.22,1.248,10.91,Medium
Bonny Light,39.77,0.284,16.2,Low
Basrah Heavy,29.6,1.065,10.0,Medium
Arab Light,34.95,0.9,19.75,Low
Basrah Heavy,31.23,1.041,10.84,Medium
Bonny Light,38.39,0.646,18.88,Low
Arab Light,32.8,1.321,28.35,Medium
Bonny Light,41.98,0.335,10.0,Low
Basrah Heavy,25.55,1.679,26.15,High
Basrah Heavy,23.3,1.607,23.59,High
Arab Light,35.54,0.652,10.0,Low
Basrah Heavy,27.91,2.471,20.19,Medium
Ural,31.79,1.464,26.51,High
Bonny Light,42.6,0.331,30.46,Low
Arab Light,37.66,0.901,14.18,Low
Bonny Light,40.9,0.335,10.0,Low
Arab Light,37.04,0.627,10.0,Low
Basrah Heavy,25.09,2.476,30.04,High
Arab Light,31.58,1.29,10.0,Low
Basrah Heavy,20.0,2.068,14.74,High
Ural,29.7,1.781,17.63,Low
Basrah Heavy,26.09,1.848,29.42,Medium
Basrah Heavy,23.96,1.483,25.59,Medium
Arab Light,35.88,1.201,24.67,Low
Basrah Heavy,31.98,0.617,10.1,Low
Basrah Heavy,22.39,1.368,16.8,Medium
Ural,32.73,1.031,26.75,Low
Basrah Heavy,23.69,1.993,22.85,High
Arab Light,34.59,0.846,10.0,Low
Basrah Heavy,31.06,0.629,10.0,Low
Basrah Heavy,25.0,0.796,21.44,Medium
Basrah Heavy,26.34,1.441,23.99,Medium
Ural,36.2,0.715,13.18,Low
Bonny Light,42.62,0.316,10.0,Low
Basrah Heavy,27.9,0.944,19.72,Medium
Bonny Light,41.75,0.514,10.16,Low
Arab Light,35.04,1.45,12.09,Low
Arab Light,37.1,0.825,21.43,Low
Ural,33.0,1.664,20.17,Medium
Ural,33.31,0.904,16.54,High
Ural,30.87,1.385,31.34,Low
Arab Light,38.32,1.139,20.54,Low
Arab Light,37.07,0.747,19.99,Low
Basrah Heavy,22.84,1.715,22.84,High
Basrah Heavy,26.39,1.292,26.55,High
Ural,29.08,1.6,14.31,Medium
Basrah Heavy,25.22,2.122,15.79,High
Basrah Heavy,25.47,1.732,14.77,High
Basrah Heavy,26.9,1.329,16.53,Medium
Basrah Heavy,25.47,0.906,21.34,Medium
Arab Light,32.03,1.093,13.77,Low
Arab Light,33.4,0.958,21.49,Low
Arab Light,34.89,1.009,17.85,Low
Basrah Heavy,27.7,1.447,40.54,High
Arab Light,32.8,1.842,25.07,Medium
Arab Light,35.87,0.679,10.0,Low
Ural,34.41,0.553,16.99,Low
Arab Light,36.46,0.555,13.33,Low
Arab Light,36.2,0.677,10.0,Low
Arab Light,36.34,1.221,17.37,Low
Bonny Light,42.17,0.294,10.0,Low
Ural,32.13,0.736,13.52,Low
Arab Light,31.47,1.326,12.52,Low
Arab Light,32.35,1.469,38.38,Medium
Basrah Heavy,26.84,0.839,10.0,Medium
Bonny Light,43.86,0.191,22.13,Low
Basrah Heavy,24.93,1.189,18.09,High
Basrah Heavy,23.84,2.059,19.25,High
Bonny Light,42.34,0.476,28.79,Low
Ural,34.15,0.751,10.0,Low
Basrah Heavy,25.2,2.006,18.76,High
Basrah Heavy,23.96,1.7,20.88,High
Basrah Heavy,23.71,1.583,16.16,High
Arab Light,34.85,0.529,11.8,Low
Basrah Heavy,26.09,1.139,22.57,Medium
Bonny Light,38.48,1.387,11.75,Low
Bonny Light,43.02,0.363,12.84,Low
Arab Light,37.18,0.56,18.53,Low
Arab Light,36.23,0.738,10.0,Low
Basrah Heavy,26.01,1.56,22.49,High
Basrah Heavy,24.92,2.134,24.72,High
Ural,29.78,1.561,14.61,Medium
Basrah Heavy,23.03,1.332,13.28,Medium
Basrah Heavy,25.15,2.422,22.04,High
Basrah Heavy,28.98,1.738,19.29,Medium
Basrah Heavy,26.51,1.253,15.4,High
Arab Light,35.5,0.851,27.83,Low
Ural,28.27,1.669,24.66,Medium
Ural,30.97,1.718,25.32,Medium
Arab Light,37.17,0.46,12.66,Low
Ural,29.54,1.303,20.58,High
Arab Light,31.68,1.122,20.9,Medium
Ural,27.41,1.152,10.72,Medium
Arab Light,34.41,0.784,13.77,Low
Basrah Heavy,27.37,2.039,19.16,Medium
Bonny Light,41.26,0.629,21.65,Low
Basrah Heavy,31.8,2.355,23.72,Low
Basrah Heavy,23.84,1.34,22.86,High
Basrah Heavy,25.86,1.58,26.42,Medium
Arab Light,36.76,0.902,17.68,Low
Arab Light,34.46,1.309,20.28,Medium
Arab Light,35.25,1.457,20.3,Low
Bonny Light,38.21,0.74,19.81,Low
Basrah Heavy,24.1,1.104,12.09,Medium
Arab Light,37.76,0.581,15.52,Low
Basrah Heavy,30.5,1.272,10.0,Low
Ural,30.89,1.755,18.55,High
Basrah Heavy,30.91,0.713,10.75,Low
Basrah Heavy,23.56,1.098,10.0,High
Arab Light,31.58,1.487,21.78,Medium
Ural,27.93,0.874,10.59,Medium
Ural,35.52,0.599,23.68,Low
Arab Light,33.57,1.508,18.94,Low
Ural,28.82,1.219,23.19,Medium
Arab Light,29.59,1.142,26.15,Medium
Basrah Heavy,24.05,2.5,32.65,High
Basrah Heavy,24.45,1.101,14.61,High
Basrah Heavy,26.27,0.951,15.99,Medium
Basrah Heavy,24.53,2.5,19.69,High
Arab Light,34.04,1.067,22.06,Low
Arab Light,30.51,1.534,41.77,High
Arab Light,31.89,1.005,24.13,Low
Arab Light,34.1,0.943,13.02,Low
Ural,32.82,0.83,12.65,Low
Ural,33.53,1.135,25.66,Low
Basrah Heavy,26.42,1.967,12.0,High
Basrah Heavy,23.96,1.743,14.59,Medium
Arab Light,35.97,1.246,13.87,Low
Arab Light,30.27,1.544,16.78,Low
Basrah Heavy,25.14,1.076,10.0,Medium
Basrah Heavy,27.14,1.354,22.6,Medium
Ural,30.48,1.035,13.87,Low
Arab Light,29.11,1.69,19.33,Medium
Basrah Heavy,26.08,1.754,23.65,Medium
Arab Light,38.18,0.751,10.0,Low
Bonny Light,40.07,0.852,14.47,Low
Basrah Heavy,26.66,0.757,10.0,High
Bonny Light,37.54,0.615,16.24,Low
Basrah Heavy,30.81,0.992,25.9,Low
Arab Light,36.79,0.882,20.44,Low
Arab Light,31.24,1.41,15.78,Medium
Basrah Heavy,23.66,1.646,25.85,High
Bonny Light,42.77,0.268,10.0,Low
Arab Light,34.78,1.079,17.58,Low
Bonny Light,42.21,0.482,15.4,Low
Basrah Heavy,23.91,0.976,10.0,High
Bonny Light,38.84,0.61,10.0,Low
Bonny Light,40.4,0.657,12.04,Low
Arab Light,38.53,1.241,13.08,Low
Basrah Heavy,22.04,1.196,17.6,Medium
Ural,28.82,1.737,23.35,Medium
Arab Light,32.89,0.725,10.23,Low
Bonny Light,38.52,0.447,10.0,Low
Arab Light,30.51,0.791,10.0,Low
Basrah Heavy,25.08,1.923,25.82,High
Basrah Heavy,23.58,1.729,28.64,Medium
Ural,33.88,0.89,10.0,Low
Bonny Light,40.96,0.635,18.96,Low
Basrah Heavy,22.02,1.777,25.65,High
Ural,31.47,1.193,23.0,Medium
Bonny Light,40.64,0.504,22.15,Low
Basrah Heavy,27.06,0.998,12.48,Medium
Basrah Heavy,25.99,2.5,36.76,High
Ural,28.73,2.16,35.77,High
Arab Light,36.17,1.478,11.78,Low
Basrah Heavy,33.19,0.859,15.97,High
Ural,28.07,1.075,17.52,Low
Arab Light,29.61,1.096,27.91,Low
Bonny Light,38.64,1.003,42.89,Low
Bonny Light,41.97,0.476,16.93,Low
Ural,27.96,1.135,36.35,Medium
Arab Light,35.8,0.989,11.36,Low
Basrah Heavy,30.06,0.957,20.23,Low
Arab Light,37.28,0.483,11.33,Medium
Basrah Heavy,20.31,1.947,27.69,High
Ural,31.35,0.964,21.32,Low
Basrah Heavy,26.11,1.483,27.26,Medium
Arab Light,35.14,0.357,10.0,Low
Basrah Heavy,24.58,1.162,16.53,High
Basrah Heavy,21.4,1.764,28.79,High
Basrah Heavy,23.17,0.987,18.44,High
Arab Light,34.95,0.551,10.0,Low
Ural,32.05,1.126,16.42,Low
Basrah Heavy,23.74,2.099,34.24,High
Bonny Light,38.34,0.518,10.0,Low
Bonny Light,41.86,0.441,11.23,Low
Basrah Heavy,29.89,1.148,10.0,Medium
Ural,28.64,0.769,24.39,Low
Arab Light,36.75,1.226,45.09,Low
Basrah Heavy,24.55,1.492,33.18,High
Arab Light,31.54,1.076,13.49,Low
Basrah Heavy,23.91,1.859,19.87,High
Bonny Light,39.19,0.379,20.48,Low
Bonny Light,44.56,0.428,19.42,Low
Ural,36.53,1.19,32.65,Medium
Arab Light,37.77,0.782,14.57,Medium
Arab Light,32.1,1.302,12.08,Medium
Bonny Light,41.54,0.449,11.82,Low
Basrah Heavy,21.46,2.418,27.28,High
Basrah Heavy,22.58,1.287,41.45,Medium
Arab Light,33.34,1.016,21.9,High
Basrah Heavy,24.12,1.633,11.37,Medium
Basrah Heavy,26.83,1.425,25.69,Medium
Basrah Heavy,22.0,2.5,38.47,High
Arab Light,32.69,2.3,35.21,Medium
Basrah Heavy,25.78,1.454,27.72,Medium
Basrah Heavy,27.74,1.634,23.75,Medium
Basrah Heavy,21.96,1.326,17.92,High
Arab Light,34.13,1.403,12.56,Medium
Bonny Light,35.71,0.731,30.18,Low
Basrah Heavy,26.35,2.5,33.34,High
Ural,31.88,0.625,10.0,Medium
Ural,29.11,2.5,30.01,High
Basrah Heavy,24.84,2.223,19.04,High
Ural,31.13,0.789,15.64,Low
Ural,34.13,2.201,37.6,Medium
Arab Light,32.99,0.759,20.12,Low
Basrah Heavy,24.56,1.424,29.43,Medium
Basrah Heavy,23.55,1.051,25.55,Medium
Bonny Light,42.97,0.391,14.79,Low
Ural,29.85,1.228,17.56,Medium
Bonny Light,40.91,0.727,11.83,Low
Bonny Light,41.69,1.159,32.34,Low
Basrah Heavy,22.73,1.426,24.81,High
Ural,26.42,0.561,16.72,Medium
Arab Light,30.89,1.486,25.25,Low
Ural,29.55,1.048,15.18,Medium
Basrah Heavy,28.92,2.477,32.26,High
Basrah Heavy,25.92,1.484,16.37,High
Ural,30.16,0.944,13.09,Medium
Ural,33.57,0.711,20.12,Low
Arab Light,38.57,0.862,19.71,Low
Basrah Heavy,30.89,1.076,10.0,Low
Basrah Heavy,26.07,2.495,35.2,Medium
Bonny Light,39.16,0.609,21.05,Low
Arab Light,36.09,1.398,18.17,Low
Arab Light,36.35,0.515,12.68,Low
Arab Light,35.55,0.482,17.68,Low
Arab Light,38.35,0.946,11.32,Low
Arab Light,31.65,0.966,10.0,Medium
Arab Light,35.73,0.798,10.0,Low
Ural,30.86,0.833,11.93,Low
Bonny Light,38.72,0.468,10.4,Low
Bonny Light,42.13,0.582,16.01,Low
Arab Light,32.35,1.084,27.25,Medium
Arab Light,36.63,0.564,11.62,Low
Ural,27.39,1.857,19.86,Medium
Ural,31.76,1.703,14.92,Medium
Arab Light,33.97,0.951,11.79,Low
Ural,28.75,1.877,19.22,High
Ural,34.1,0.69,15.23,Low
Ural,29.58,1.552,16.61,Low
Ural,30.26,1.296,17.09,Medium
Basrah Heavy,23.18,1.272,16.2,Medium
Arab Light,36.35,1.714,23.09,Medium
Arab Light,36.61,0.888,20.68,Low
Basrah Heavy,27.25,1.153,21.27,High
Bonny Light,43.63,0.372,10.0,Low
Arab Light,37.0,0.586,10.0,Low
Basrah Heavy,27.36,0.941,22.92,Medium
Ural,35.0,0.788,24.12,Low
Ural,31.55,1.0,10.0,Low
Ural,32.23,0.829,10.0,Low
Arab Light,28.33,2.089,39.89,Medium
Bonny Light,39.11,0.504,10.0,Low
Arab Light,30.78,0.86,10.55,Low
Arab Light,38.71,0.452,10.11,Low
Basrah Heavy,29.65,0.807,10.0,Medium
Arab Light,35.13,1.309,14.29,Low
Ural,33.26,1.131,12.87,Low
Arab Light,30.45,1.544,22.48,Medium
Arab Light,36.9,1.143,10.0,Medium
Ural,27.27,1.26,25.59,Low
Ural,34.4,1.607,10.0,Low
Basrah Heavy,26.02,1.201,10.0,Medium
Bonny Light,44.24,0.225,24.1,Low
Ural,35.12,1.042,13.75,Low
Bonny Light,44.56,0.326,10.0,Low
Bonny Light,40.67,0.588,10.0,Low
Bonny Light,40.47,0.816,10.0,Low
Ural,34.92,0.962,15.89,Low
Arab Light,32.31,1.22,10.0,Medium
Basrah Heavy,29.2,2.081,20.3,Medium
Arab Light,30.21,1.348,24.06,Medium
Ural,33.36,1.221,19.56,Low
Arab Light,32.79,0.647,11.21,Low
Bonny Light,42.15,1.707,22.83,High
Basrah Heavy,22.54,0.985,21.22,Low
Arab Light,37.02,0.656,10.38,Low
Arab Light,31.58,0.934,22.58,Low
Arab Light,36.73,1.696,22.04,Medium
Basrah Heavy,21.69,1.437,28.96,High
Basrah Heavy,27.55,1.632,22.14,High
Ural,30.67,0.984,10.0,Low
Arab Light,39.04,0.461,10.0,Low
Basrah Heavy,24.1,1.977,24.04,High
Basrah Heavy,30.16,0.957,42.69,Low
Arab Light,33.4,1.101,11.87,Low
Basrah Heavy,21.86,2.194,46.45,High
Ural,33.97,1.925,31.74,Medium
Ural,32.98,0.676,21.92,Low
Basrah Heavy,21.94,1.666,26.96,High
Arab Light,32.48,1.042,36.96,Low
Basrah Heavy,23.96,1.628,17.0,High
Basrah Heavy,21.77,2.5,36.08,High
Bonny Light,37.33,0.727,10.0,Low
Arab Light,32.12,0.458,10.0,Low
Bonny Light,41.88,0.449,17.34,Low
Basrah Heavy,24.72,1.515,29.1,Medium
Basrah Heavy,24.37,1.472,23.56,High
Arab Light,36.26,0.654,10.0,Low
Arab Light,34.52,0.6,10.0,Low
Bonny Light,41.18,1.121,10.0,Low
Basrah Heavy,22.04,1.957,23.44,High
Bonny Light,44.47,0.296,10.0,Low
Bonny Light,42.62,0.915,11.49,Medium
Arab Light,30.07,0.913,11.32,Low
Basrah Heavy,20.22,2.305,37.96,Medium
Arab Light,35.72,0.566,10.0,High
Basrah Heavy,22.64,2.227,46.23,High
Ural,31.3,0.779,11.63,Low
Arab Light,30.65,1.415,24.23,Medium
Bonny Light,41.72,0.975,18.05,Low
Arab Light,31.15,1.207,18.83,Medium
Arab Light,32.73,0.495,19.66,Low
Ural,33.25,1.047,16.38,Medium
Arab Light,34.57,1.123,13.18,Low
Bonny Light,38.09,0.993,22.14,Medium
Basrah Heavy,20.25,2.5,21.84,High
Bonny Light,41.35,0.879,12.74,Low
Ural,31.74,1.08,24.58,Low
Bonny Light,40.13,0.471,10.72,Low
Arab Light,37.07,0.534,15.87,Low
Ural,31.31,0.958,18.12,Medium
Basrah Heavy,22.14,2.061,21.19,Medium
Ural,36.74,0.506,11.28,Low
Basrah Heavy,26.82,1.045,10.13,Medium
Basrah Heavy,26.88,1.755,31.82,Medium
Arab Light,33.74,0.799,12.28,Low
Basrah Heavy,28.12,1.55,30.98,Medium
Arab Light,35.77,0.656,11.97,Low
Ural,33.94,1.094,21.39,Low
Basrah Heavy,25.22,1.181,11.25,High
Ural,29.4,0.658,21.93,Low
Basrah Heavy,27.12,1.992,10.0,Medium
Ural,27.85,1.081,15.89,Low
Ural,33.69,0.922,12.34,Low
Arab Light,37.42,0.602,10.0,Low
Ural,28.75,1.599,50.11,Medium
Bonny Light,40.4,0.648,10.0,Low
Ural,34.97,1.117,37.94,Low
Arab Light,32.55,0.89,31.09,Low
Arab Light,34.55,0.934,10.0,Low
Ural,31.36,1.336,18.7,Low
Basrah Heavy,21.03,2.5,27.63,High
Ural,28.15,1.514,16.05,High
Basrah Heavy,25.03,1.098,16.93,High
Ural,32.47,1.19,20.07,Low
Basrah Heavy,26.91,1.358,29.63,High
Basrah Heavy,23.81,0.814,10.0,Medium
Bonny Light,38.08,0.38,10.0,Low
Bonny Light,42.28,0.446,10.0,Low
Bonny Light,40.77,0.556,10.0,Low
Bonny Light,43.49,0.342,10.68,Low
Arab Light,30.68,1.633,19.84,Medium
Basrah Heavy,26.42,1.06,10.0,Medium
Basrah Heavy,25.65,0.936,18.03,Medium
Arab Light,33.57,0.759,10.0,Low
Basrah Heavy,24.47,1.289,27.79,Medium
Bonny Light,43.81,0.351,11.53,Low
Basrah Heavy,20.2,1.413,17.44,Medium
Basrah Heavy,27.74,0.655,10.0,Low
Basrah Heavy,27.54,0.569,15.09,Medium
Basrah Heavy,23.83,1.708,21.82,High
Basrah Heavy,27.08,0.962,16.07,Low
Ural,33.57,0.502,13.12,Low
Basrah Heavy,22.71,2.125,30.72,Medium
Arab Light,38.49,1.2,20.25,Low
Bonny Light,40.33,0.562,27.55,Low
Arab Light,37.66,0.826,19.84,Low
Ural,31.48,1.264,20.58,Low
Arab Light,30.6,0.535,12.69,Low
Basrah Heavy,28.11,1.86,17.17,Medium
Basrah Heavy,23.87,2.5,18.7,High
Bonny Light,38.0,1.388,10.0,Medium
Arab Light,38.59,0.594,17.29,Low
Basrah Heavy,26.9,0.968,15.74,Medium
Arab Light,32.25,1.766,27.99,Medium
Ural,34.07,1.168,31.19,Medium
Ural,27.61,1.894,22.76,Medium
Arab Light,32.86,0.844,10.0,Low
Bonny Light,41.22,0.576,20.87,Low
Ural,33.56,0.701,12.15,Low
Arab Light,35.37,0.896,11.3,Low
Basrah Heavy,22.56,1.521,15.89,High
Basrah Heavy,23.51,2.5,33.15,Medium
Bonny Light,41.73,0.595,17.05,Low
Arab Light,32.75,0.502,23.01,Low
Arab Light,34.15,0.976,10.0,Low
Arab Light,33.21,1.179,10.76,Low
Basrah Heavy,21.07,1.536,22.12,High
Ural,33.06,0.711,16.01,Low
Basrah Heavy,23.29,2.105,34.38,High
Ural,32.42,0.776,24.4,Low
Arab Light,33.08,1.278,19.63,Low
Basrah Heavy,30.48,0.84,25.7,Low
Basrah Heavy,21.39,1.487,19.82,High
Ural,32.3,1.529,20.27,Low
Basrah Heavy,22.02,2.079,23.39,High
Basrah Heavy,28.54,1.35,11.85,Low
Ural,31.07,1.161,10.0,Medium
Arab Light,33.91,1.023,17.64,Low
Arab Light,36.48,0.627,21.52,Low
Basrah Heavy,28.48,0.787,10.17,Medium
Bonny Light,36.81,0.984,25.9,Low
Basrah Heavy,24.81,2.5,41.11,High
Basrah Heavy,20.73,2.267,24.16,High
Basrah Heavy,23.13,1.837,12.32,High
Basrah Heavy,23.34,1.092,15.2,Medium
Basrah Heavy,25.08,2.116,18.53,High
Basrah Heavy,26.18,1.759,30.93,Medium
Basrah Heavy,21.14,2.359,29.16,High
Arab Light,33.5,1.461,10.0,Low
Bonny Light,38.53,1.213,21.74,Low
Basrah Heavy,27.81,0.935,24.92,Low
Basrah Heavy,23.9,1.039,17.16,High
Bonny Light,36.44,0.874,12.04,Low
Bonny Light,39.21,0.472,14.66,Low
Ural,28.83,0.897,31.51,Low
Basrah Heavy,23.12,2.5,39.3,High
Arab Light,34.6,0.665,10.0,Low
Basrah Heavy,23.19,1.671,23.38,High
Basrah Heavy,20.77,1.035,10.26,High
Arab Light,37.61,0.772,11.07,Low
Arab Light,36.58,1.242,30.15,Low
Arab Light,33.92,1.515,22.04,Medium
Arab Light,33.47,1.47,14.12,Medium
Basrah Heavy,27.2,1.382,17.49,Low
Basrah Heavy,21.53,2.5,34.85,High
Ural,29.92,1.449,16.26,Low
Bonny Light,41.78,0.419,13.04,Low
Basrah Heavy,24.22,1.842,19.96,Medium
Arab Light,38.07,0.989,13.58,Low
Basrah Heavy,28.43,0.843,28.29,Low
Basrah Heavy,21.11,1.249,19.53,Medium
Ural,31.23,1.106,21.68,Low
Basrah Heavy,25.52,0.996,17.24,Medium
Arab Light,31.78,0.732,10.0,Low
Arab Light,35.83,0.75,10.0,Low
Basrah Heavy,24.44,2.26,39.3,High
Basrah Heavy,23.71,2.311,38.44,High
Basrah Heavy,26.22,1.66,22.57,Medium
Bonny Light,42.39,0.478,10.0,Low
Arab Light,35.29,1.875,13.39,Medium
Arab Light,30.98,0.976,39.23,Low
Basrah Heavy,23.45,1.807,15.5,High
Arab Light,32.94,0.857,10.45,Low
Basrah Heavy,24.34,1.022,12.69,High
Arab Light,30.02,1.878,18.09,Medium
Ural,29.82,1.126,17.43,Medium
Arab Light,38.45,0.894,36.57,Low
Basrah Heavy,26.8,1.327,17.99,Medium
Basrah Heavy,27.1,2.208,28.83,High
Basrah Heavy,23.66,1.162,22.82,Medium
Arab Light,37.31,1.163,25.13,Low
Bonny Light,42.59,0.597,13.54,Low
Basrah Heavy,26.38,0.786,10.0,Low
Arab Light,29.02,1.088,22.31,Low
Ural,27.17,2.034,40.02,Medium
Basrah Heavy,21.8,2.5,17.95,High
Basrah Heavy,25.69,1.949,19.93,High
Basrah Heavy,25.28,1.343,22.11,Medium
Ural,28.6,0.948,21.5,Medium
Arab Light,36.26,1.026,13.72,Medium
Ural,28.59,1.147,24.91,Low
Bonny Light,42.1,0.409,22.16,Low
Ural,36.1,0.787,17.37,Low
Bonny Light,41.66,0.675,20.53,Low
Ural,33.1,1.963,23.28,Low
Bonny Light,42.81,0.605,10.0,Low
Ural,33.5,1.021,10.59,Low
Ural,33.73,0.732,33.15,Low
Ural,33.97,1.248,29.1,Medium
Bonny Light,36.77,1.448,13.6,Low
Arab Light,37.38,1.093,10.32,Low
Arab Light,30.94,1.271,24.07,Medium
Arab Light,37.83,0.624,46.36,Low
Bonny Light,37.0,0.896,16.39,Low
Arab Light,33.1,1.563,15.85,Medium
Ural,27.67,1.508,28.49,Medium
Ural,30.22,1.184,30.34,Medium
Bonny Light,43.21,0.312,15.79,Low
Basrah Heavy,31.61,2.5,32.86,Low
Ural,31.77,0.826,10.0,Low
Ural,30.99,0.835,23.13,Low
Bonny Light,38.48,0.741,19.77,Low
Bonny Light,36.83,0.75,12.07,High
Arab Light,36.27,1.203,10.08,Low
Arab Light,37.32,1.12,14.59,Low
Basrah Heavy,21.08,1.185,18.26,Medium
Bonny Light,37.89,0.566,18.92,Low
Basrah Heavy,28.5,0.985,28.49,Medium
Ural,29.38,1.686,30.08,Medium
Ural,28.75,1.535,20.42,Medium
Arab Light,35.84,0.762,13.29,Low
Basrah Heavy,27.26,1.528,30.63,Medium
Basrah Heavy,20.48,1.248,21.63,Medium
Bonny Light,42.34,0.349,16.19,Low
Arab Light,35.71,0.556,10.48,Low
Basrah Heavy,25.28,1.624,31.18,High
Ural,34.7,0.989,24.91,Medium
Basrah Heavy,29.29,0.912,11.83,Low
Bonny Light,41.56,0.582,34.56,Low
Basrah Heavy,25.21,2.241,19.12,High
Basrah Heavy,30.1,0.861,16.04,Low
Basrah Heavy,26.08,1.331,11.58,High
Arab Light,37.04,0.947,20.72,Low
Arab Light,34.48,0.953,27.22,Low
Ural,33.38,0.634,18.77,Low
Arab Light,36.6,0.702,11.38,Low
Basrah Heavy,24.11,1.371,11.88,High
Basrah Heavy,20.16,1.763,20.12,High
Basrah Heavy,27.01,1.37,25.28,Medium
Bonny Light,42.93,0.717,10.0,Low
Basrah Heavy,25.85,1.401,10.42,Medium
Bonny Light,43.55,0.205,10.0,Low
Basrah Heavy,30.2,1.269,11.25,Medium
Basrah Heavy,29.19,2.384,30.66,Medium
Basrah Heavy,23.35,1.572,20.75,Medium
Basrah Heavy,27.19,1.219,16.73,Medium
Ural,28.32,1.212,40.59,Medium
Arab Light,35.54,1.089,21.14,Low
Basrah Heavy,25.66,1.363,10.0,Medium
Ural,32.88,0.622,10.0,Low
Arab Light,29.19,1.022,36.93,Medium
Bonny Light,39.29,0.633,13.99,Low
Bonny Light,39.79,0.742,12.06,Low
Ural,30.6,0.981,18.38,Low
Ural,32.49,0.976,10.0,Low
Ural,37.62,0.766,13.69,Low
Arab Light,34.4,0.731,23.57,Low
Ural,29.64,1.225,16.52,Medium
Basrah Heavy,22.14,2.054,21.68,High
Ural,32.75,0.704,10.0,Low
Bonny Light,40.71,0.62,20.83,Low
Basrah Heavy,25.06,1.063,19.85,Medium
Ural,30.95,0.812,35.62,Low
Bonny Light,41.66,0.393,30.15,Low
Basrah Heavy,25.72,2.444,27.04,High
Arab Light,34.21,0.533,17.56,Low
Bonny Light,35.1,0.778,12.11,Low
Bonny Light,43.33,0.385,10.0,Low
Basrah Heavy,23.91,2.454,24.45,High
Basrah Heavy,27.22,2.5,24.14,High
Ural,31.03,1.014,25.99,Medium
Basrah Heavy,24.95,1.89,20.21,High
Basrah Heavy,29.15,1.254,16.25,Low
Basrah Heavy,24.13,1.561,23.9,High
Basrah Heavy,21.17,1.988,26.69,Medium
Arab Light,31.55,0.656,14.65,Low
Ural,29.11,1.277,30.06,Low
Arab Light,29.63,1.481,16.71,Medium
Ural,32.41,0.805,10.39,Low
Arab Light,33.8,1.172,10.0,Low
Basrah Heavy,25.65,0.83,20.39,Medium
Basrah Heavy,27.22,1.467,25.44,High
Basrah Heavy,22.82,2.5,38.76,High
Basrah Heavy,25.66,1.407,18.42,High
Basrah Heavy,20.99,1.291,18.57,Medium
Basrah Heavy,23.91,0.99,25.3,Medium
Basrah Heavy,22.64,1.963,21.69,High
Ural,30.14,1.706,22.96,High
Arab Light,34.76,0.919,26.98,Low
Bonny Light,43.27,0.334,15.4,Low
Ural,31.39,0.586,11.25,Low
Arab Light,35.05,0.959,24.8,Low
Basrah Heavy,24.07,1.273,18.65,High
Arab Light,35.81,0.697,22.88,Low
Basrah Heavy,25.91,2.5,31.77,High
Arab Light,37.93,0.391,10.0,Low
Arab Light,33.18,0.579,10.0,Low
Arab Light,32.6,1.166,24.86,Low
Basrah Heavy,30.04,1.083,25.18,Low
Ural,29.26,1.075,29.87,Low
Ural,37.03,0.871,21.06,Medium
Ural,34.14,1.068,16.16,Low
Arab Light,39.53,0.45,14.16,Low
Arab Light,29.85,1.017,17.62,Low
Basrah Heavy,21.59,1.811,22.11,High
Ural,33.34,1.09,10.17,Low
Arab Light,33.52,1.204,11.74,Medium
Basrah Heavy,31.63,0.927,23.22,Low
Basrah Heavy,24.93,1.768,17.91,High
Bonny Light,42.67,0.601,11.58,Low
Arab Light,31.02,1.196,10.0,Low
Arab Light,37.02,0.765,10.0,Low
Arab Light,34.95,0.852,10.62,Low
Arab Light,31.64,0.916,22.74,Low
Arab Light,35.07,0.661,21.19,Low
Basrah Heavy,22.94,1.525,22.93,High
Arab Light,33.81,1.168,13.91,Low
Ural,33.83,0.73,28.54,Low
Basrah Heavy,29.51,1.24,16.88,Medium
Ural,31.55,1.068,32.35,Low
Basrah Heavy,28.6,2.48,32.51,Medium
Ural,36.9,1.031,26.16,Low
Arab Light,36.57,1.052,26.4,Low
Ural,33.96,1.364,10.0,Low
Arab Light,37.35,0.637,10.0,Low
Bonny Light,40.26,0.948,13.94,Low
Arab Light,34.98,0.976,11.61,Low
Ural,29.87,1.231,22.71,Medium
Ural,31.42,0.752,19.38,Low
Basrah Heavy,29.54,1.104,14.65,Low
Basrah Heavy,29.58,0.684,10.48,Medium
Arab Light,32.94,0.966,24.79,Low
Basrah Heavy,21.25,1.472,17.09,High
Arab Light,38.43,0.611,23.94,Low
Arab Light,35.76,0.538,14.69,Low
Arab Light,34.49,1.221,20.63,Low
Basrah Heavy,25.64,1.871,17.63,High
Ural,36.59,1.482,26.81,Low
Arab Light,34.76,1.676,15.18,Medium
Ural,29.12,1.371,25.87,Low
Basrah Heavy,25.34,2.203,31.45,High
Arab Light,34.7,1.031,21.95,Low
Basrah Heavy,28.61,1.146,22.66,Low
Ural,27.3,1.283,27.36,Medium
Basrah Heavy,25.08,1.946,28.37,High
Bonny Light,38.84,2.5,17.77,Medium
Basrah Heavy,25.78,2.274,30.16,High
Arab Light,33.91,1.081,12.01,Low
Basrah Heavy,21.81,2.091,16.92,High
Arab Light,32.73,1.26,12.6,Low
Arab Light,32.96,1.02,12.78,Low
Arab Light,31.84,1.465,25.84,Medium
Basrah Heavy,28.15,1.288,17.37,Medium
Basrah Heavy,20.42,1.301,27.31,Medium
Basrah Heavy,24.0,1.924,19.63,High
Bonny Light,44.45,0.394,10.0,Low
Arab Light,34.27,0.92,11.74,Low
Basrah Heavy,21.41,1.996,12.66,High
Bonny Light,43.32,0.545,13.22,Medium
Basrah Heavy,24.78,1.547,47.81,High
Arab Light,33.73,0.858,10.0,Low
Ural,31.63,0.887,21.9,Low
Bonny Light,39.32,0.591,21.7,Low
Ural,35.71,1.5,21.78,Medium
Arab Light,33.59,0.944,10.0,Low
Bonny Light,41.72,0.558,36.2,Low
Basrah Heavy,21.73,1.58,26.15,High
Bonny Light,43.14,0.347,27.07,Low
Ural,36.03,0.629,10.0,Medium
Bonny Light,40.99,0.558,10.0,Low
Basrah Heavy,22.17,1.454,12.26,High
Basrah Heavy,23.85,2.5,38.36,High
Ural,33.92,0.954,10.0,Low
Arab Light,34.48,0.94,15.37,Low
Arab Light,38.09,0.68,12.38,Low
Bonny Light,42.62,0.495,10.0,Low
Arab Light,33.47,1.718,28.13,Low
Basrah Heavy,27.29,0.983,20.22,Medium
Arab Light,36.38,0.919,11.88,Low
Basrah Heavy,26.25,0.856,30.72,High
Basrah Heavy,24.0,2.494,17.98,High
Basrah Heavy,23.7,1.583,10.0,Medium
Ural,29.65,0.749,15.78,Low
Ural,28.86,0.841,10.0,Medium
Arab Light,37.29,1.031,16.44,Low
Arab Light,38.01,0.407,23.21,Low
Ural,30.13,1.359,11.24,Medium
Ural,34.17,0.839,25.1,Low
Bonny Light,38.46,0.654,10.0,Low
Arab Light,38.28,0.562,10.0,Low
Ural,32.28,0.785,27.26,Low
Arab Light,33.5,0.858,21.15,Low
Arab Light,34.85,1.138,12.03,Low
Bonny Light,40.34,0.524,15.29,Low
Arab Light,35.68,1.018,13.32,Low
Arab Light,29.53,1.168,15.41,Low
Basrah Heavy,28.84,1.63,20.43,Medium
Arab Light,34.99,1.067,21.49,Low
Arab Light,38.53,0.576,13.74,Low
Ural,27.12,1.021,15.54,Low
Arab Light,37.95,1.024,15.79,Low
Basrah Heavy,23.81,1.232,10.0,Low
Bonny Light,40.68,0.665,15.6,Low
Basrah Heavy,28.91,1.326,19.79,Medium
Bonny Light,38.17,0.611,10.0,Low
Basrah Heavy,23.17,1.951,26.72,High
Arab Light,31.74,1.824,27.15,Medium
Arab Light,33.05,1.303,21.55,Medium
Ural,32.81,1.111,25.71,Medium
Basrah Heavy,26.51,2.5,24.59,High
Bonny Light,43.52,0.21,10.0,Low
Arab Light,32.82,0.719,27.83,Low
Arab Light,35.15,0.775,10.0,Low
Arab Light,35.16,1.498,18.83,Medium
Basrah Heavy,23.45,2.31,14.85,High
Arab Light,30.17,0.675,10.0,Low
Basrah Heavy,28.88,1.127,14.75,Medium
Basrah Heavy,27.41,0.885,12.41,Low
Arab Light,31.48,1.131,16.03,Low
Arab Light,31.24,1.594,37.62,Medium
Basrah Heavy,28.67,1.867,12.83,Medium
Basrah Heavy,22.86,1.865,23.75,High
Basrah Heavy,22.47,1.485,19.71,Medium
Basrah Heavy,22.3,1.677,40.51,High
Arab Light,32.68,1.359,26.75,Medium
Basrah Heavy,21.98,2.5,25.51,High
Bonny Light,39.91,0.401,25.04,Low
Basrah Heavy,21.64,2.5,24.94,High
Basrah Heavy,24.92,1.706,30.47,Medium
Bonny Light,40.48,0.761,29.98,Low
Basrah Heavy,23.54,1.766,23.87,High
Arab Light,34.86,1.521,13.92,Low
Bonny Light,37.94,0.823,10.0,Low
Bonny Light,41.33,0.412,12.59,Low
Ural,34.66,1.105,25.09,Medium
Basrah Heavy,25.24,2.293,56.13,High
Arab Light,29.98,1.243,30.13,Medium
Bonny Light,42.87,0.202,10.0,Low
Bonny Light,44.52,0.301,10.0,Low
Basrah Heavy,23.42,1.72,21.58,High
Arab Light,33.86,0.979,32.89,Low
Basrah Heavy,23.73,1.381,41.21,High
Basrah Heavy,25.86,2.394,24.01,High
Ural,38.06,0.316,10.0,Low
Basrah Heavy,23.31,1.725,36.15,Medium
Basrah Heavy,23.59,1.715,35.29,High
Basrah Heavy,21.74,2.5,25.16,Medium
Arab Light,33.26,1.028,23.04,Low
Basrah Heavy,23.39,1.945,21.06,High
Arab Light,34.9,0.97,26.71,Low
Basrah Heavy,26.35,1.525,21.19,Medium
Bonny Light,42.89,0.773,12.32,Low
Basrah Heavy,27.68,0.942,23.26,Medium
Arab Light,34.09,0.776,15.42,Medium
Basrah Heavy,26.58,1.901,30.9,High
Basrah Heavy,28.79,1.443,13.65,Medium
Basrah Heavy,21.62,1.61,16.09,High
Basrah Heavy,24.04,1.583,20.99,Medium
Basrah Heavy,22.66,2.356,22.73,Medium
Arab Light,34.22,1.151,14.95,Low
Ural,30.05,0.965,15.99,Medium
Basrah Heavy,22.77,1.852,19.4,High
Arab Light,28.46,1.317,34.87,Low
Arab Light,36.11,1.003,11.44,Low
Basrah Heavy,20.34,1.662,21.42,High
Arab Light,39.02,0.435,11.14,Low
Basrah Heavy,22.88,2.147,27.28,High
Basrah Heavy,23.77,1.987,22.38,Medium
Arab Light,31.2,1.912,32.14,Medium
Bonny Light,38.99,0.421,20.55,Low
Bonny Light,38.67,0.67,10.0,Low
Bonny Light,40.71,0.513,22.29,Low
Arab Light,39.26,0.565,10.0,Low
Basrah Heavy,25.57,0.889,14.95,High
Basrah Heavy,26.64,1.003,16.76,Medium
Basrah Heavy,21.91,1.934,16.66,High
Basrah Heavy,28.88,1.102,12.89,Low
Basrah Heavy,29.68,0.945,10.0,Low
Arab Light,29.52,2.099,13.92,Medium
Basrah Heavy,30.99,2.5,30.14,Medium
Basrah Heavy,28.99,1.281,11.89,High
Ural,28.94,0.774,29.63,Low
Arab Light,36.66,0.937,12.85,Low
Bonny Light,39.93,0.292,17.04,Low
Basrah Heavy,23.74,1.024,22.69,Medium
Arab Light,37.53,0.878,11.02,Low
Basrah Heavy,24.85,0.968,13.28,Medium
Arab Light,29.22,1.164,14.84,Medium
Basrah Heavy,21.51,1.062,19.28,High
Basrah Heavy,27.03,1.46,48.18,High
Arab Light,37.39,1.139,19.53,Medium
Basrah Heavy,24.19,1.302,15.56,Medium
Basrah Heavy,30.87,1.178,20.57,Low
Bonny Light,40.73,0.417,10.0,Medium
Basrah Heavy,22.81,1.311,13.96,High
Arab Light,37.2,0.584,28.48,Low
Arab Light,34.24,1.278,17.18,Low
Basrah Heavy,25.2,0.944,10.78,Medium
Arab Light,36.19,0.753,10.0,Low
Basrah Heavy,24.38,1.848,23.3,High
Ural,30.23,1.687,14.58,Medium
Basrah Heavy,25.47,1.787,33.48,Medium
Basrah Heavy,30.22,1.197,24.1,Low
Basrah Heavy,22.25,1.424,16.26,High
Bonny Light,40.55,0.784,33.22,High
Ural,30.62,0.887,12.55,Low
Bonny Light,39.44,0.473,10.33,Low
Ural,36.93,1.282,13.85,Low
Ural,28.82,1.494,25.74,Medium
Arab Light,34.26,1.113,10.61,Low
Bonny Light,40.04,0.739,10.9,Low
Arab Light,35.7,0.848,10.93,Low
Arab Light,37.98,0.442,13.42,Low
Arab Light,35.55,0.968,10.0,Low
Arab Light,31.61,1.131,16.57,Medium
Basrah Heavy,22.79,1.261,29.23,High
Arab Light,39.95,0.413,10.0,Low
Basrah Heavy,24.61,1.561,26.84,High
Ural,36.17,0.527,20.18,Low
Arab Light,34.67,0.897,14.25,Medium
Ural,31.39,1.051,10.0,Medium
Arab Light,35.71,0.841,20.39,Medium
Ural,32.23,1.265,28.88,Medium
Basrah Heavy,24.9,1.949,40.48,High
Bonny Light,40.83,0.428,12.03,Low
Arab Light,31.77,1.53,10.7,Medium
Basrah Heavy,22.68,1.583,26.47,High
Basrah Heavy,25.8,2.5,18.71,Low
Basrah Heavy,23.94,1.327,22.92,High
Arab Light,35.8,0.495,18.92,Low
Ural,32.07,1.485,31.38,Low
Bonny Light,40.73,0.644,10.22,Low
Ural,38.56,1.057,10.84,Low
Arab Light,33.7,1.12,18.16,Low
Arab Light,36.34,1.896,15.28,Medium
Ural,32.93,0.987,13.73,Low
Ural,28.19,1.958,19.82,Medium
Basrah Heavy,28.72,1.101,26.02,Low
Bonny Light,38.85,0.802,28.82,Low
Arab Light,33.43,1.296,23.39,Low
Ural,32.66,1.434,27.39,Medium
Bonny Light,42.61,0.571,13.48,Low
Ural,32.61,0.346,10.87,Low
Basrah Heavy,21.04,1.772,13.31,High
Arab Light,30.75,0.976,19.03,Low
Basrah Heavy,20.01,1.648,28.46,High
Ural,30.69,1.084,15.29,Low
Basrah Heavy,23.94,2.294,25.6,High
Ural,29.97,1.335,10.0,High
Bonny Light,42.6,0.365,10.0,Low
Basrah Heavy,26.26,0.886,24.34,Medium
Arab Light,35.27,1.547,23.41,Medium
Arab Light,34.9,0.74,13.62,Low
Arab Light,35.56,0.846,10.0,Low
Basrah Heavy,21.51,2.5,25.27,High
Basrah Heavy,27.17,1.145,13.07,Medium
Arab Light,32.97,0.955,10.0,Low
Arab Light,34.76,1.016,18.89,Low
Arab Light,36.28,0.479,10.0,Low
Basrah Heavy,27.8,0.757,22.14,Low
Arab Light,37.83,0.626,12.71,Low
Arab Light,34.05,0.84,34.25,Low
Basrah Heavy,22.01,1.837,20.01,High
Ural,32.81,0.754,24.88,Medium
Basrah Heavy,24.45,1.858,36.09,High
Arab Light,33.64,0.474,10.0,Low
Bonny Light,43.15,0.391,10.1,Low
Arab Light,32.77,1.207,15.45,Low
Arab Light,33.92,1.112,13.22,Low
Basrah Heavy,21.64,1.678,26.99,Medium
Basrah Heavy,25.78,1.2,24.09,Medium
Basrah Heavy,21.42,1.674,17.25,Medium
Ural,35.86,1.335,14.4,Low
Ural,30.06,1.003,16.17,Low
Basrah Heavy,22.23,2.448,27.94,High
Basrah Heavy,21.93,2.5,18.85,High
Basrah Heavy,24.86,0.855,20.3,Low
Arab Light,35.77,0.834,10.0,Low
Arab Light,36.11,0.604,10.0,Low
Ural,29.94,0.736,15.21,Low
Bonny Light,39.68,0.821,19.87,High
Basrah Heavy,22.15,2.058,19.3,High
Ural,33.49,1.117,16.12,High
Arab Light,32.15,0.755,11.22,Low
Basrah Heavy,26.48,1.579,10.0,High
Bonny Light,40.93,0.343,10.0,Low
Basrah Heavy,26.94,1.477,13.59,Medium
Ural,34.67,0.748,13.82,Low
Ural,34.29,1.397,12.22,Medium
Bonny Light,42.26,0.403,10.0,Low
Arab Light,35.13,0.99,15.04,Low
Basrah Heavy,29.4,1.389,19.84,Medium
Ural,29.56,1.236,16.41,Low
Ural,34.66,0.979,26.2,Low
Arab Light,33.44,1.136,19.15,Medium
Ural,35.76,0.638,17.53,Low
Basrah Heavy,23.68,1.895,22.76,High
Arab Light,35.52,1.202,10.0,Low
Bonny Light,39.58,0.723,10.0,Low
Basrah Heavy,25.72,1.339,10.66,Medium
Arab Light,35.79,0.926,13.7,Low
Bonny Light,39.32,0.568,25.5,Low
Ural,31.12,1.122,18.66,Low
Bonny Light,40.57,0.373,18.23,High
Arab Light,34.42,1.554,14.77,Medium
Bonny Light,43.39,0.758,14.48,Low
Basrah Heavy,28.43,1.049,26.88,Low
Arab Light,38.09,0.954,23.39,Medium
Arab Light,37.11,1.311,14.71,Low
Ural,35.12,0.654,12.34,Low
Bonny Light,43.24,0.185,17.5,Low
Ural,32.28,1.863,18.68,Low
Arab Light,36.31,0.835,13.45,Low
Arab Light,30.99,0.982,10.0,Medium
Arab Light,36.84,0.818,21.2,Low
Arab Light,34.57,0.834,20.71,Low
Basrah Heavy,21.32,2.5,17.39,High
Arab Light,36.73,0.674,12.08,Low
Bonny Light,43.71,0.409,20.41,Low
Ural,29.92,1.96,16.87,Medium
Ural,36.78,1.268,20.71,Low
Arab Light,36.46,1.216,14.92,Low
Arab Light,30.63,1.035,25.45,Low
Basrah Heavy,23.27,1.585,10.0,High
Arab Light,37.6,0.353,10.0,Low
Arab Light,37.09,0.768,10.0,Low
Basrah Heavy,29.07,1.316,18.98,Medium
Basrah Heavy,25.93,1.947,24.36,High
Ural,29.16,2.428,17.39,Medium
Arab Light,28.21,1.739,25.7,Medium
Arab Light,35.99,1.249,23.39,Low
Basrah Heavy,23.16,1.669,22.1,Low
Arab Light,32.86,1.659,30.8,Medium
Arab Light,35.49,0.894,19.22,Low
Arab Light,32.58,1.605,18.0,Medium
Arab Light,30.83,1.575,33.45,Medium
Basrah Heavy,21.15,2.074,39.29,High
Bonny Light,41.44,0.297,12.38,Low
Basrah Heavy,24.55,2.331,21.09,High
Arab Light,38.17,0.821,23.52,Low
Basrah Heavy,22.32,2.216,17.79,High
Arab Light,37.64,0.84,10.0,High
Basrah Heavy,27.7,1.646,28.9,Medium
Bonny Light,45.0,0.445,10.0,Low
Arab Light,34.43,0.812,26.27,Low
Arab Light,34.27,1.141,11.59,Low
Basrah Heavy,26.0,1.141,15.23,Medium
Basrah Heavy,24.6,1.942,21.18,High
Arab Light,33.9,1.083,21.93,Low
Arab Light,34.63,0.758,18.98,Low
Arab Light,38.51,0.721,10.93,Medium
Bonny Light,44.04,0.282,13.63,Low
Ural,33.65,0.883,16.45,Low
Bonny Light,43.52,0.427,16.93,Low
Basrah Heavy,25.8,1.659,26.09,Medium
Ural,35.64,0.45,10.0,Low
Arab Light,32.41,1.238,29.74,Low
Arab Light,37.2,0.702,10.0,Low
Bonny Light,39.5,0.548,10.2,Low
Ural,31.14,0.788,18.18,Low
Bonny Light,41.52,0.497,11.41,Low
Ural,29.58,1.056,15.5,Low
Basrah Heavy,22.24,2.5,26.2,High
Ural,31.37,0.626,10.0,Low
Arab Light,34.6,0.676,23.8,Low
Bonny Light,37.36,0.537,11.18,Low
Ural,36.27,0.92,14.46,Low
Basrah Heavy,25.6,2.296,21.91,High
Basrah Heavy,23.47,1.979,28.97,High
Basrah Heavy,27.11,0.972,10.0,Medium
Arab Light,33.77,0.861,32.58,Low
Basrah Heavy,24.55,1.198,12.0,Low
Ural,30.84,1.419,18.54,Low
Arab Light,36.21,0.721,16.51,Medium
Ural,33.53,0.62,20.96,Low
Basrah Heavy,25.48,1.878,20.88,High
Arab Light,34.87,1.447,16.09,Low
Basrah Heavy,30.41,1.142,18.09,Low
Bonny Light,44.02,0.36,10.0,Low
Basrah Heavy,20.94,1.075,15.02,Medium
Basrah Heavy,20.41,0.902,28.53,Medium
Basrah Heavy,22.58,0.898,10.0,High
Ural,33.42,1.007,10.0,High
Basrah Heavy,21.29,1.615,16.14,High
Arab Light,34.01,1.193,10.0,Medium
Ural,31.21,1.086,21.17,Medium
Ural,29.88,1.765,18.66,Medium
Basrah Heavy,22.73,2.316,36.0,High
Basrah Heavy,20.97,1.625,19.43,High
Arab Light,36.86,0.565,10.0,Low
Basrah Heavy,22.18,0.891,23.0,Medium
Ural,35.24,1.497,14.57,Low
Arab Light,35.3,0.649,10.0,Low
Arab Light,36.96,0.472,13.93,Low
Basrah Heavy,27.97,1.435,14.93,Medium
Arab Light,35.91,0.513,14.94,Low
Basrah Heavy,22.28,1.815,29.14,High
Ural,37.31,0.688,14.9,Low
Basrah Heavy,26.64,2.012,19.87,Medium
Bonny Light,41.19,0.705,21.81,Low
Ural,33.08,1.537,14.37,Low
Basrah Heavy,29.74,1.352,22.18,Medium
Basrah Heavy,24.74,1.169,22.33,Medium
Basrah Heavy,20.3,1.295,18.63,Medium
Basrah Heavy,26.83,1.199,23.81,Medium
Basrah Heavy,22.47,2.5,30.15,High
Bonny Light,41.02,0.492,14.3,Low
Arab Light,37.1,0.833,20.75,Low
Basrah Heavy,23.55,2.5,29.73,High
Arab Light,34.37,1.052,23.74,Low
Basrah Heavy,30.38,0.937,26.76,Low
Bonny Light,43.46,0.492,15.06,Low
Basrah Heavy,22.22,1.497,26.54,Medium
Ural,34.31,1.069,16.76,Low
Ural,31.06,1.404,30.71,Medium
Basrah Heavy,25.23,1.301,20.8,High
Basrah Heavy,23.58,1.764,27.93,High
Arab Light,38.92,1.175,10.0,Low
Bonny Light,42.52,0.354,15.1,Low
Arab Light,33.05,1.659,22.31,Medium
Ural,26.98,1.167,21.84,Medium
Ural,28.14,2.5,33.75,High
Ural,35.98,0.637,19.13,Low
Arab Light,34.79,0.815,19.29,Medium
Arab Light,36.64,1.385,17.82,Low
Ural,32.19,1.896,38.58,Medium
Basrah Heavy,23.82,2.18,34.92,High
Bonny Light,39.63,0.428,10.35,Low
Basrah Heavy,22.53,1.77,21.33,High
Basrah Heavy,28.79,1.32,10.0,Medium
Ural,36.75,0.6,10.0,Low
Basrah Heavy,25.85,1.923,18.68,High
Basrah Heavy,26.82,1.101,15.96,Medium
Basrah Heavy,21.09,1.153,28.28,Medium
Arab Light,36.73,0.46,10.0,Low
Ural,36.65,1.486,13.28,Low
Basrah Heavy,20.0,1.573,25.09,High
Basrah Heavy,26.4,1.24,22.94,Medium
Arab Light,33.85,0.694,11.84,Low
Bonny Light,40.04,0.968,25.34,Low
Basrah Heavy,25.77,0.933,25.8,Medium
Bonny Light,36.2,0.554,10.0,Low
Bonny Light,43.25,0.352,15.31,Low
Basrah Heavy,21.64,1.763,10.03,High
Ural,33.11,1.313,17.81,Medium
Ural,28.31,1.065,38.83,High
Arab Light,33.52,1.745,26.78,Low
Arab Light,38.42,0.556,10.0,Low
Ural,27.43,0.988,21.36,Medium
Ural,32.93,0.716,10.0,Low
Ural,31.22,0.887,17.34,Medium
Bonny Light,43.79,0.239,10.0,Low
Arab Light,33.31,1.339,16.3,Low
Ural,32.78,0.749,23.34,Low
Bonny Light,44.56,0.296,26.25,Low
Basrah Heavy,26.82,1.008,18.35,Medium
Basrah Heavy,27.76,0.918,21.81,Medium
Arab Light,37.38,1.134,13.73,Low
Bonny Light,38.8,1.189,11.29,Low
Basrah Heavy,22.67,2.5,29.93,High
Ural,29.68,0.754,14.85,Low
Basrah Heavy,27.42,0.882,38.6,Medium
Arab Light,35.73,1.749,21.2,Low
Arab Light,38.4,0.644,11.65,Low
Basrah Heavy,28.62,0.822,18.98,Low
Bonny Light,42.23,0.671,10.0,Low
Basrah Heavy,23.89,1.671,16.54,Medium
Bonny Light,42.01,0.578,15.51,Low
Basrah Heavy,27.49,0.641,10.0,Medium
Bonny Light,43.37,0.345,14.24,Low
Arab Light,35.35,1.254,15.29,Low
Basrah Heavy,23.6,1.319,24.7,High
Basrah Heavy,26.68,2.24,37.63,High
Basrah Heavy,30.33,0.77,10.0,Low
Arab Light,36.26,0.809,12.91,Low
Ural,36.37,1.483,28.68,Low
Arab Light,35.82,0.581,14.63,Low
Arab Light,39.59,0.691,29.41,Low
Arab Light,32.09,1.36,21.62,Medium
Arab Light,38.68,0.709,24.8,Low
Ural,32.73,0.978,10.0,Low
Arab Light,37.44,0.563,10.0,Low
Ural,29.39,1.372,32.76,Medium
Bonny Light,42.11,0.451,10.0,Low
Arab Light,30.79,0.72,27.89,Low
Basrah Heavy,22.41,2.5,23.78,Medium
Basrah Heavy,22.83,1.236,10.0,Medium
Arab Light,37.54,0.464,10.31,Low
Basrah Heavy,29.19,1.05,10.0,Low
Bonny Light,41.95,0.349,15.49,Low
Arab Light,31.96,1.02,10.0,Low
Arab Light,35.05,0.595,32.41,Low
Ural,30.51,1.414,20.43,Low
Basrah Heavy,25.58,2.472,33.86,Low
Ural,31.67,1.178,24.39,Medium
Basrah Heavy,25.18,0.935,17.21,Medium
Arab Light,34.77,0.68,17.09,Low
Bonny Light,42.82,0.456,10.0,Low
Ural,31.14,0.587,19.34,Low
Bonny Light,44.36,0.21,26.68,Low
Arab Light,32.68,0.601,10.38,Low
Ural,35.92,0.899,23.27,Low
Arab Light,35.63,1.879,33.07,Medium
Arab Light,32.02,0.715,11.0,Low
Basrah Heavy,24.34,2.134,25.61,Medium
Basrah Heavy,22.54,1.411,19.28,Medium
Arab Light,33.93,0.624,11.81,Low
Basrah Heavy,27.07,2.47,23.69,High
Ural,30.78,2.5,28.91,Medium
Ural,31.18,1.347,17.61,Medium
Bonny Light,43.23,0.449,23.85,Low
Basrah Heavy,25.51,1.562,23.13,High
Bonny Light,39.57,0.598,10.0,Medium
Basrah Heavy,24.54,1.792,35.22,High
Arab Light,38.68,0.87,25.5,Low
Ural,29.53,2.276,25.49,Medium
Basrah Heavy,21.05,1.511,22.21,High
Basrah Heavy,22.15,1.823,34.89,High
Basrah Heavy,24.4,1.551,28.23,High
Arab Light,33.35,1.47,10.86,Medium
Ural,28.56,2.5,22.49,High
Basrah Heavy,29.7,1.826,19.66,Medium
Basrah Heavy,29.35,1.697,19.33,Medium
Arab Light,35.44,1.228,17.92,Medium
Basrah Heavy,24.04,2.5,32.01,High
Ural,33.46,2.375,27.41,Low
Bonny Light,39.52,0.351,20.82,Low
Ural,37.19,0.964,35.77,Low
Bonny Light,42.77,0.172,10.0,Medium
Arab Light,36.32,1.168,27.56,Low
Ural,33.97,1.198,20.11,Low
Basrah Heavy,21.67,1.465,21.86,High
Basrah Heavy,24.55,0.625,19.43,Medium
Ural,34.94,0.921,20.44,Low
Basrah Heavy,24.57,1.718,21.97,High
Bonny Light,36.66,0.798,10.1,Low
Ural,33.36,0.826,27.15,Medium
Bonny Light,37.24,0.569,13.71,Low
Basrah Heavy,26.88,1.415,21.03,High
Arab Light,37.69,0.566,40.39,Medium
Ural,29.79,1.666,31.68,Medium
Basrah Heavy,28.16,1.322,18.06,Medium
Arab Light,29.61,0.693,14.18,Medium
Ural,30.87,1.262,13.27,Low
Bonny Light,41.2,0.607,10.0,Low
Ural,31.88,1.975,23.47,Medium
Basrah Heavy,23.68,2.277,31.11,High
Arab Light,31.65,0.829,10.16,Low
Arab Light,30.95,1.945,31.49,High
Basrah Heavy,21.57,1.096,11.06,Medium
Arab Light,32.65,1.083,16.15,Low
Basrah Heavy,27.83,1.797,29.38,Medium
Basrah Heavy,25.99,2.496,47.0,High
Arab Light,34.6,1.835,36.74,Medium
Basrah Heavy,25.26,2.413,38.66,High
Arab Light,34.59,0.904,16.91,Medium
Basrah Heavy,20.67,2.252,34.53,High
Ural,35.54,0.96,14.53,Low
Basrah Heavy,24.55,1.241,24.14,Medium
Bonny Light,36.93,0.767,10.0,Low
Basrah Heavy,22.53,2.5,32.01,High
Arab Light,30.88,1.486,12.72,Low
Basrah Heavy,22.99,2.5,38.66,High
Basrah Heavy,22.13,1.195,25.37,Medium
Arab Light,34.69,0.824,30.27,Low
Ural,31.6,1.317,12.1,Low
Bonny Light,42.33,0.587,40.26,Low
Basrah Heavy,26.39,1.413,20.26,Medium
Basrah Heavy,21.18,2.39,38.66,High
Ural,34.65,1.246,28.42,Low
Arab Light,33.71,0.618,10.0,Low
Basrah Heavy,26.85,1.878,27.58,High
Ural,32.23,1.6,20.94,Medium
Arab Light,37.25,0.863,22.59,Low
Ural,28.73,0.695,10.0,Medium
Arab Light,31.61,1.033,10.77,Low
Arab Light,33.16,1.212,29.38,Low
Basrah Heavy,22.1,1.29,12.68,High
Ural,30.43,1.674,21.68,Low
Basrah Heavy,22.85,2.193,24.91,High
Ural,30.23,1.286,21.71,Medium
Ural,33.31,1.036,11.76,Low
Ural,31.95,1.195,30.32,Low
Basrah Heavy,28.46,1.338,22.32,High
Basrah Heavy,22.58,1.094,30.9,Medium
Arab Light,36.75,0.697,21.09,Low
Arab Light,34.13,1.003,18.96,Low
Bonny Light,41.25,0.858,10.0,Low
Arab Light,29.95,1.586,26.91,Medium
Bonny Light,42.6,0.729,19.6,Low
Basrah Heavy,24.48,0.975,29.72,Medium
Arab Light,30.83,1.049,18.64,Medium
Basrah Heavy,23.89,2.5,12.23,High
Ural,34.86,0.718,15.06,Low
Basrah Heavy,30.6,0.921,21.92,Low
Basrah Heavy,22.73,1.552,22.1,High
Ural,30.97,2.39,25.26,Medium
Arab Light,33.53,0.803,22.79,Low
Basrah Heavy,26.02,1.818,11.94,High
Basrah Heavy,21.7,2.033,25.96,Medium
Arab Light,36.65,0.416,10.0,Low
Basrah Heavy,22.43,1.716,16.0,Medium
Basrah Heavy,21.93,1.448,22.94,High
Arab Light,32.28,1.389,34.64,Medium
Basrah Heavy,22.36,2.5,23.27,High
Arab Light,28.97,1.159,23.37,High
Arab Light,34.55,0.843,19.24,Low
Basrah Heavy,21.62,2.5,21.26,High
Basrah Heavy,22.8,1.327,23.26,High
Basrah Heavy,20.0,1.176,16.11,Medium
Basrah Heavy,25.01,2.5,24.76,High
Basrah Heavy,29.01,1.282,14.73,Low
Bonny Light,40.52,0.628,42.06,Low
Ural,29.46,2.5,18.58,Medium
Arab Light,35.15,0.558,23.57,Low
Arab Light,39.2,0.61,12.15,Low
Arab Light,36.2,0.548,10.0,Low
Ural,33.29,1.159,15.46,Low
Basrah Heavy,25.65,1.252,30.07,Medium
Basrah Heavy,21.8,1.171,29.98,High
Basrah Heavy,24.1,2.092,19.34,Medium
Basrah Heavy,20.54,1.853,27.38,High
Basrah Heavy,21.27,1.161,21.01,High
Bonny Light,41.6,0.329,10.0,Low
Bonny Light,39.89,0.655,18.18,Low
Basrah Heavy,26.93,0.801,21.74,Medium
Arab Light,37.16,0.849,10.0,Low
Arab Light,34.94,1.479,10.49,Low
Arab Light,33.77,1.264,11.55,Low
Arab Light,33.72,0.807,12.32,Low
Basrah Heavy,22.24,1.913,22.84,Medium
Ural,35.01,0.594,21.03,Low
Bonny Light,38.46,0.735,14.03,Low
Ural,36.55,0.734,11.71,Low
Ural,35.55,0.616,10.0,Low
Arab Light,33.51,1.265,29.77,Low
Basrah Heavy,23.91,0.816,10.0,Medium
Basrah Heavy,29.56,0.838,27.42,Low
Arab Light,31.01,0.811,11.73,Low
Basrah Heavy,20.62,1.543,14.04,High
Ural,28.68,2.09,26.09,Medium
Arab Light,36.11,1.108,12.26,Low
Arab Light,31.11,1.215,16.55,Medium
Basrah Heavy,28.54,1.362,19.8,Medium
Bonny Light,42.3,0.453,18.6,Low
Basrah Heavy,26.8,2.338,45.18,Medium
Basrah Heavy,28.76,0.7,10.0,Medium
Basrah Heavy,23.25,2.192,22.31,High
Ural,31.85,0.94,17.15,Low
Bonny Light,42.98,0.491,10.0,Low
Basrah Heavy,29.37,1.531,26.04,Medium
Bonny Light,38.83,0.875,17.19,Low
Basrah Heavy,21.52,2.5,17.85,High
Arab Light,38.82,0.419,13.65,Low
Basrah Heavy,27.21,2.019,19.35,Medium
Arab Light,32.24,1.074,15.27,Low
Ural,35.23,0.772,29.91,Low
Arab Light,34.8,1.904,14.06,Low
Basrah Heavy,25.51,1.954,30.34,High
Ural,30.89,1.024,10.58,Low
Bonny Light,41.9,0.672,10.0,Low
Arab Light,34.99,0.908,11.56,Medium
Arab Light,35.39,0.771,10.0,Low
Ural,35.64,0.712,37.64,Low
Basrah Heavy,20.73,2.041,14.68,High
Bonny Light,44.16,0.271,10.0,Low
Basrah Heavy,22.35,1.828,11.81,Medium
Ural,33.38,1.399,14.22,Low
Basrah Heavy,25.06,1.619,22.33,High
Basrah Heavy,27.81,2.5,30.49,Medium
Arab Light,30.57,1.211,20.82,Low
Arab Light,34.14,1.566,24.37,Low
Bonny Light,38.86,0.95,24.89,Low
Bonny Light,41.79,0.831,30.65,Low
Basrah Heavy,33.28,2.058,30.3,Medium
Basrah Heavy,27.08,0.771,14.83,Medium
Arab Light,31.51,1.256,12.56,Medium
Arab Light,35.41,0.861,16.43,Low
Arab Light,34.33,1.003,21.16,Medium
Bonny Light,43.37,0.336,10.0,Low
Ural,30.3,1.011,23.26,Low
Basrah Heavy,24.31,1.093,20.23,Medium
Arab Light,33.7,1.04,11.78,Low
Arab Light,32.32,1.516,16.58,Medium
Arab Light,34.3,0.813,25.6,Low
Basrah Heavy,21.94,1.566,10.0,High
Arab Light,38.15,0.564,10.0,Low
Arab Light,36.21,0.596,10.0,Low
Basrah Heavy,20.0,1.732,45.21,High
Ural,33.86,1.122,20.79,Low
Basrah Heavy,24.96,2.429,23.89,High
Arab Light,31.95,0.736,17.62,Low
Arab Light,30.63,1.189,13.34,Medium
Bonny Light,41.32,0.782,14.88,Low
Basrah Heavy,24.37,1.06,13.47,Low
Basrah Heavy,24.25,2.5,32.05,Medium
Basrah Heavy,26.27,1.269,17.27,Medium
Arab Light,34.73,1.205,14.08,Low
Basrah Heavy,27.92,1.274,19.04,Medium
Ural,32.34,1.282,16.02,Low
Basrah Heavy,20.68,2.5,25.99,High
Basrah Heavy,26.14,1.427,11.08,Medium
Arab Light,30.42,1.722,25.42,Medium
Ural,31.5,1.261,47.92,Medium
Bonny Light,42.06,0.357,11.45,Low
Ural,33.03,0.996,14.04,Low
Arab Light,33.49,0.947,13.84,Low
Ural,33.99,0.602,23.4,Low
Ural,33.01,1.232,10.0,Low
Basrah Heavy,28.28,1.702,23.21,Medium
Arab Light,35.38,1.193,17.06,Low
Ural,35.81,1.435,18.63,Medium
Basrah Heavy,22.22,2.429,28.38,High
Ural,32.59,0.871,10.0,Low
Arab Light,34.73,0.819,10.0,Low
Arab Light,35.81,1.167,10.0,Low
Basrah Heavy,20.0,2.156,29.24,High
Ural,33.72,0.997,10.0,Low
Bonny Light,39.33,0.475,13.16,Low
Basrah Heavy,27.36,1.171,13.71,Low
Arab Light,33.33,1.261,11.95,Medium
Basrah Heavy,28.44,0.678,14.04,Medium
Basrah Heavy,23.66,0.726,10.92,Medium
Bonny Light,44.3,0.417,11.56,Low
Arab Light,37.35,0.64,10.0,Low
Arab Light,36.85,0.947,18.13,Low
Basrah Heavy,22.88,2.5,27.64,High
Bonny Light,36.65,0.573,19.04,Low
Basrah Heavy,25.97,0.836,10.0,Medium
Ural,31.32,1.05,13.59,Medium
Basrah Heavy,23.78,1.29,14.79,Medium
Basrah Heavy,24.79,1.561,25.32,High
Ural,31.72,1.366,28.13,Medium
Basrah Heavy,20.72,2.057,26.09,High
Ural,32.46,1.102,15.83,Medium
Basrah Heavy,21.48,2.5,35.06,High
Ural,34.51,1.205,15.42,Medium
Ural,28.34,1.265,33.75,Medium
Ural,34.41,1.198,12.9,Low
Basrah Heavy,26.48,0.854,10.0,Medium
Ural,30.61,1.745,13.55,Low
Bonny Light,40.5,0.574,10.0,Low
Basrah Heavy,24.07,1.065,39.02,Medium
Basrah Heavy,27.32,1.221,11.94,Medium
Ural,34.8,1.344,34.17,Low
Basrah Heavy,23.41,1.271,19.46,Medium
Ural,36.85,0.928,10.0,Low
Ural,35.81,1.183,15.48,Low
Basrah Heavy,20.67,1.854,30.81,High
Arab Light,33.91,0.733,12.46,Low
Arab Light,35.0,0.901,10.0,Low
Basrah Heavy,23.62,1.007,13.55,Low
Bonny Light,40.83,0.463,21.75,Low
Basrah Heavy,26.62,0.989,43.89,Medium
Arab Light,31.89,1.102,24.07,Low
Ural,34.75,0.601,29.73,Low
Basrah Heavy,25.18,1.596,27.89,Low
Ural,29.04,1.937,30.61,Medium
Basrah Heavy,31.61,1.73,26.69,Low
Arab Light,33.24,0.669,16.13,Low
Basrah Heavy,31.47,0.909,10.75,Low
Ural,30.63,1.619,21.62,Low
Ural,30.15,1.576,27.97,Medium
Ural,29.0,1.053,19.49,Low
Bonny Light,37.64,0.635,10.0,Low
Ural,36.84,0.828,24.66,Low
Ural,33.46,0.537,17.08,High
Arab Light,38.85,0.812,23.85,Low
Bonny Light,41.75,0.716,10.0,Low
Arab Light,36.81,0.703,10.0,Low
Bonny Light,40.33,0.353,10.0,Low
Basrah Heavy,29.11,2.129,28.88,Medium
Arab Light,31.97,1.205,31.9,High
Ural,27.86,1.767,24.77,High
Basrah Heavy,28.85,0.828,35.02,Low
Basrah Heavy,30.2,0.775,11.29,Low
Bonny Light,39.68,0.72,18.14,Low
Arab Light,35.57,1.269,10.0,Low
Basrah Heavy,27.77,0.932,23.37,Low
Basrah Heavy,22.37,1.669,34.72,High
Arab Light,32.66,0.615,15.57,Low
Arab Light,38.33,0.554,10.0,Low
Bonny Light,42.39,0.41,11.23,Low
Bonny Light,40.18,0.701,10.51,Medium
Ural,29.69,0.604,10.38,Low
Ural,33.32,1.634,21.62,High
Basrah Heavy,23.63,1.553,13.08,Medium
Bonny Light,41.84,0.762,16.11,Low
Basrah Heavy,25.67,1.939,21.15,High
Basrah Heavy,26.45,1.979,28.02,High
Bonny Light,43.01,0.83,18.38,Low
Bonny Light,39.73,0.471,10.0,Low
Basrah Heavy,27.92,1.441,18.02,Medium
Ural,33.99,0.697,11.54,Low
Arab Light,37.6,0.729,13.69,Low
Basrah Heavy,25.32,1.983,35.69,Medium
Basrah Heavy,23.33,2.475,23.98,High
Basrah Heavy,22.45,1.509,18.53,High
Arab Light,32.57,0.707,17.42,Low
Arab Light,38.19,0.736,14.54,Medium
Arab Light,36.64,0.606,20.32,Low
Basrah Heavy,25.68,1.24,21.7,Medium
Bonny Light,38.29,0.9,13.4,Low
Arab Light,38.28,0.844,16.13,Low
Bonny Light,42.45,0.596,23.01,Low
Basrah Heavy,22.23,1.545,13.49,High
Arab Light,33.9,1.412,12.96,Medium
Ural,35.45,0.897,10.0,Low
Basrah Heavy,22.24,1.573,19.26,Medium
Basrah Heavy,23.6,1.124,16.31,High
Basrah Heavy,22.38,0.832,26.73,High
Basrah Heavy,23.51,0.958,12.6,High
Arab Light,34.85,1.004,10.0,Medium
Basrah Heavy,25.34,1.121,27.27,Medium
Basrah Heavy,23.26,0.94,12.2,Medium
Arab Light,37.45,0.661,19.15,Low
Basrah Heavy,29.64,1.395,27.66,Medium
Basrah Heavy,26.77,1.675,23.72,High
Ural,31.19,1.154,17.3,Low
Basrah Heavy,26.77,1.418,14.71,Low
Basrah Heavy,24.74,1.307,13.65,Medium
Basrah Heavy,21.62,2.219,34.76,High
Basrah Heavy,25.49,1.438,22.99,High
Arab Light,34.23,0.945,24.43,Low
Basrah Heavy,28.03,1.967,21.02,High
Basrah Heavy,21.65,2.343,37.79,High
Bonny Light,38.86,0.633,28.67,Low
Bonny Light,43.29,0.349,10.0,Low
Basrah Heavy,21.68,1.578,13.64,High
Basrah Heavy,23.34,0.822,21.17,Medium
Arab Light,36.58,1.205,19.33,Low
Ural,32.54,0.849,13.61,Low
Ural,34.42,1.293,26.62,Low
Basrah Heavy,22.79,1.728,18.18,High
Basrah Heavy,27.22,2.31,23.3,High
Arab Light,33.55,1.221,11.2,Low
Bonny Light,42.3,0.626,22.49,Low
Bonny Light,40.17,0.48,10.0,Low
Basrah Heavy,24.95,0.998,24.25,Medium
Arab Light,35.08,0.965,20.73,Low
Basrah Heavy,27.8,0.707,22.17,Medium
Ural,30.41,1.032,10.1,Low
Bonny Light,40.78,0.364,10.25,Low
Arab Light,34.53,0.709,10.0,Low
Basrah Heavy,20.48,2.279,40.05,High
Arab Light,33.73,1.207,18.8,Low
Arab Light,37.1,0.744,10.76,Low
Ural,33.16,1.163,12.37,Medium
Basrah Heavy,28.8,1.091,18.71,Medium
Bonny Light,42.9,0.974,12.71,Low
Basrah Heavy,24.42,1.776,20.0,High
Basrah Heavy,24.74,1.283,17.77,Medium
Basrah Heavy,25.58,2.071,45.27,Medium
Basrah Heavy,21.84,2.5,29.16,High
Basrah Heavy,25.78,1.153,13.93,Medium
Ural,29.18,0.788,14.85,Medium
Basrah Heavy,24.91,1.022,11.85,Medium
Basrah Heavy,25.98,1.185,31.39,Medium
Basrah Heavy,23.0,1.658,27.83,Medium
Basrah Heavy,22.43,0.976,10.0,Medium
Bonny Light,42.21,0.398,17.05,Low
Bonny Light,39.95,0.563,14.33,Low
Basrah Heavy,20.84,2.048,29.24,High
Ural,34.2,1.205,27.56,Medium
Ural,35.11,1.053,10.68,Low
Bonny Light,40.9,1.019,15.86,Low
Basrah Heavy,23.93,2.39,31.59,High
Basrah Heavy,21.42,1.935,32.32,High
Arab Light,31.57,0.813,19.98,Low
Bonny Light,42.83,0.332,10.0,Low
Ural,35.2,0.551,21.76,Low
Arab Light,33.63,1.065,15.42,Low
Basrah Heavy,28.21,1.523,18.04,Low
Ural,30.2,1.68,10.78,Medium
Bonny Light,41.9,0.528,10.0,Low
Arab Light,35.43,1.293,17.41,Low
Ural,33.34,1.497,13.61,Medium
Arab Light,38.08,0.506,10.0,Low
Arab Light,36.03,0.714,10.0,Low
Arab Light,33.48,1.015,31.44,Medium
Ural,29.4,1.0,10.0,Low
Bonny Light,41.43,0.469,10.0,Low
Arab Light,31.8,1.252,26.18,Medium
Basrah Heavy,22.26,1.663,25.41,High
Arab Light,33.99,0.986,15.66,Low
Basrah Heavy,26.87,1.037,23.52,Low
Basrah Heavy,25.59,1.819,23.84,Medium
Basrah Heavy,26.9,1.676,10.0,High
Arab Light,33.8,0.765,10.31,Low
Basrah Heavy,22.24,1.105,41.64,Medium
Basrah Heavy,24.86,2.415,28.76,Low
Ural,29.71,2.323,37.38,Medium
Basrah Heavy,23.08,1.828,34.24,Medium
Arab Light,33.63,0.889,20.43,Low
Bonny Light,38.5,1.007,16.18,Low
Arab Light,32.95,1.241,12.84,Medium
Basrah Heavy,24.57,1.476,12.3,High
Basrah Heavy,23.92,2.288,37.55,Medium
Arab Light,38.77,0.513,15.07,Low
Arab Light,38.33,0.557,15.56,Low
Basrah Heavy,24.53,1.807,28.06,High
Arab Light,37.69,0.78,12.0,Low
Arab Light,28.03,1.709,30.76,Medium
Basrah Heavy,24.16,2.452,29.59,High
Arab Light,34.83,0.542,10.65,Low
Basrah Heavy,25.38,1.558,24.25,High
Basrah Heavy,30.08,2.405,36.75,Medium
Ural,32.19,0.894,13.38,Low
Basrah Heavy,25.16,1.208,42.11,Medium
Arab Light,34.86,0.425,10.0,Low
Arab Light,34.25,1.005,20.74,Low
Basrah Heavy,27.73,1.699,17.22,Low
Bonny Light,43.5,0.463,12.99,Low
Basrah Heavy,21.5,1.242,24.74,High
Basrah Heavy,27.28,1.411,60.0,Medium
Bonny Light,44.34,0.351,10.0,Low
Ural,30.15,1.255,12.02,Medium
Ural,34.61,0.645,18.04,Low
Basrah Heavy,26.57,1.501,29.69,Medium
Basrah Heavy,27.69,1.045,13.9,Medium
Arab Light,37.27,0.403,10.0,Low
Basrah Heavy,25.93,1.906,28.99,High
Basrah Heavy,23.58,1.735,18.42,High
Ural,27.98,1.686,34.58,Medium
Basrah Heavy,24.18,1.338,23.19,High
Basrah Heavy,26.73,1.806,27.91,High
Basrah Heavy,27.06,2.044,35.9,Low
Arab Light,30.32,2.256,45.54,Medium
Arab Light,37.62,1.003,10.65,Low
Bonny Light,44.45,0.363,10.0,Low
Basrah Heavy,29.79,0.774,27.44,Low
Basrah Heavy,22.66,1.648,22.72,High
Arab Light,32.18,0.67,10.39,High
Arab Light,36.96,0.598,12.94,Low
Arab Light,35.42,1.774,40.77,Medium
Bonny Light,41.91,0.335,10.96,Low
Arab Light,36.07,0.376,16.89,Low
Arab Light,37.1,1.047,15.0,Low
Bonny Light,40.15,0.468,10.0,Low
Basrah Heavy,21.88,2.304,35.86,Medium
Bonny Light,39.69,0.413,10.0,Low
Arab Light,33.59,0.872,25.53,High
Arab Light,35.08,1.393,25.15,Medium
Bonny Light,35.79,0.549,15.58,Low
Arab Light,32.92,0.994,30.14,Low
Arab Light,34.2,1.077,15.27,Low
Basrah Heavy,21.7,1.378,28.1,Medium
Ural,30.68,1.304,19.42,Low
Arab Light,33.33,1.034,14.38,High
Basrah Heavy,25.34,1.856,28.06,High
Ural,31.78,2.149,22.73,Medium
Arab Light,32.46,2.5,27.32,Medium
Arab Light,35.88,1.018,18.4,Low
Basrah Heavy,20.74,1.764,35.42,High
Arab Light,35.64,1.028,31.07,Low
Basrah Heavy,23.2,1.546,14.15,High
Basrah Heavy,26.61,0.837,12.43,Medium
Arab Light,34.12,0.962,22.76,Low
Basrah Heavy,23.61,2.41,24.42,High
Basrah Heavy,21.04,1.087,14.37,Medium
Ural,30.62,0.852,15.26,Low
Basrah Heavy,24.04,1.324,25.29,Medium
Bonny Light,40.56,0.645,16.21,Low
Bonny Light,43.89,0.812,29.64,Low
Arab Light,31.88,0.845,16.83,Low
Bonny Light,39.49,0.655,16.44,Low
Bonny Light,42.0,0.475,12.27,Low
Basrah Heavy,25.46,1.379,23.67,High
Ural,33.06,1.029,14.41,Medium
Basrah Heavy,22.95,1.438,24.64,High
Ural,31.29,2.5,24.97,Medium
Arab Light,36.29,1.091,29.06,Medium
Basrah Heavy,25.08,1.327,20.09,Medium
Basrah Heavy,22.58,2.5,44.84,High
Bonny Light,40.23,0.642,25.27,Low
Basrah Heavy,28.88,1.34,22.56,Medium
Basrah Heavy,26.21,1.392,26.77,High
Basrah Heavy,30.57,1.104,22.04,Medium
Arab Light,30.63,0.784,10.0,Medium
Ural,30.66,0.668,16.44,Low
Ural,34.68,1.073,19.47,Low
Arab Light,37.41,0.718,14.34,High
Basrah Heavy,27.41,1.913,29.51,High
Basrah Heavy,22.53,1.259,21.72,High
Arab Light,34.05,0.669,17.27,Low
Ural,31.76,1.481,36.41,Medium
Ural,33.18,0.936,17.67,Low
Arab Light,30.45,1.636,30.39,High
Arab Light,30.14,1.247,19.35,Medium
Arab Light,30.04,2.39,43.57,Medium
Arab Light,36.44,1.081,23.77,Low
Arab Light,30.35,1.407,23.14,Medium
Ural,33.88,1.314,16.0,Low
Arab Light,31.94,1.016,33.58,Low
Bonny Light,43.49,0.213,20.87,Low
Arab Light,37.74,0.847,11.67,Low
Basrah Heavy,22.93,2.5,20.18,High
Basrah Heavy,31.91,0.502,11.49,Low
Arab Light,34.81,1.101,12.38,Low
Arab Light,36.08,0.498,12.2,Low
Arab Light,30.78,1.182,26.01,Low
Ural,33.45,1.05,27.6,Low
Basrah Heavy,25.19,2.012,15.87,High
Ural,33.69,1.082,10.32,Low
Ural,32.31,1.769,17.58,Low
Arab Light,34.37,1.447,22.96,Low
Arab Light,31.58,1.065,28.52,Low
Basrah Heavy,26.55,2.145,26.86,High
Arab Light,31.35,1.035,10.0,Low
Ural,35.33,0.76,18.13,Low
Bonny Light,38.13,0.473,10.07,Low
Arab Light,36.52,1.305,17.21,Low
Basrah Heavy,28.31,1.215,20.93,Medium
Ural,27.63,0.597,18.85,Medium
Ural,29.61,1.531,30.95,Medium
Basrah Heavy,29.14,1.114,29.25,Medium
Ural,32.83,0.955,24.78,Medium
Basrah Heavy,22.5,1.586,28.78,High
Basrah Heavy,23.19,1.491,13.22,Medium
Basrah Heavy,26.23,2.5,35.45,High
Basrah Heavy,21.28,2.5,29.17,High
Bonny Light,42.26,0.584,24.86,Low
Arab Light,31.99,1.213,15.9,Low
Basrah Heavy,24.06,2.407,27.81,High
Arab Light,31.45,1.251,15.38,Low
Arab Light,28.84,1.751,20.61,High
Basrah Heavy,24.59,1.93,37.87,High
Basrah Heavy,27.3,1.479,17.54,Medium
Ural,33.18,1.443,22.14,Low
Basrah Heavy,24.6,1.37,17.2,High
Ural,32.7,1.091,19.16,Medium
Basrah Heavy,26.02,1.062,20.73,Medium
Ural,31.88,0.829,21.54,Medium
Ural,32.77,0.439,12.73,Low
Basrah Heavy,25.56,1.79,37.92,Medium
Basrah Heavy,30.21,1.587,13.02,Medium
Bonny Light,42.42,0.654,10.47,Low
Arab Light,35.33,0.612,10.0,Low
Arab Light,36.94,0.93,11.19,Low
Basrah Heavy,22.54,1.718,28.2,High
Basrah Heavy,23.52,2.144,22.52,High
Arab Light,34.93,0.737,10.0,Low
Bonny Light,39.47,0.565,15.59,Low
Basrah Heavy,25.28,0.896,31.55,High
Ural,33.25,0.804,10.0,Low
Ural,33.83,0.998,21.72,Low
Basrah Heavy,27.73,1.474,29.92,Medium
Basrah Heavy,20.55,1.023,14.07,Medium
Basrah Heavy,25.19,1.295,22.93,Medium
Arab Light,37.53,0.804,10.0,Low
Arab Light,37.49,1.248,20.8,Low
Arab Light,37.59,0.563,19.06,Low
Basrah Heavy,24.53,1.889,21.89,Medium
Ural,33.97,0.811,13.14,Low
Arab Light,36.42,0.711,18.17,Low
Arab Light,34.33,0.71,15.15,Low
Arab Light,32.1,0.768,25.62,Medium
Basrah Heavy,25.47,1.297,20.81,Medium
Ural,33.58,1.461,24.87,Low
Arab Light,37.49,0.585,11.35,Low
Arab Light,36.15,0.617,11.6,Low
Basrah Heavy,23.56,1.779,30.6,High
Arab Light,34.85,0.933,24.82,Low
Arab Light,34.73,0.917,10.0,Low
Basrah Heavy,25.04,1.704,22.13,High
Bonny Light,38.23,0.502,16.77,Low
Ural,33.36,0.75,10.0,Low
Basrah Heavy,23.83,2.311,27.02,Low
Ural,34.63,0.898,38.14,Low
Arab Light,36.31,1.033,12.17,Low
Bonny Light,42.76,0.653,10.0,Low
Basrah Heavy,23.15,2.258,27.67,High
Basrah Heavy,23.78,1.015,17.88,Medium
Arab Light,34.88,0.892,14.43,Low
Basrah Heavy,24.33,2.309,36.23,High
Ural,30.94,1.419,10.26,Medium
Arab Light,37.97,0.78,10.0,Low
Basrah Heavy,24.74,0.889,15.22,High
Arab Light,33.92,0.799,26.4,Low
Bonny Light,43.83,0.366,10.0,Low
Ural,31.68,0.689,10.0,Low
Arab Light,33.54,1.34,10.0,Low
Basrah Heavy,21.43,1.718,16.05,Medium
Basrah Heavy,22.35,0.866,10.0,High
Bonny Light,40.42,0.472,10.0,Low
Ural,34.05,0.889,21.08,Low
Arab Light,33.0,1.003,20.37,Low
Bonny Light,43.19,0.654,19.56,Low
Basrah Heavy,21.77,2.165,18.65,High
Ural,35.93,0.535,10.0,Low
Basrah Heavy,24.4,0.95,19.44,Medium
Basrah Heavy,27.06,1.302,27.18,Medium
Arab Light,34.13,1.022,17.36,Low
Arab Light,34.23,1.374,23.7,Medium
Bonny Light,41.18,0.965,16.36,Low
Basrah Heavy,27.75,2.5,26.18,High
Ural,27.67,1.191,16.51,Medium
Ural,32.53,1.498,28.61,Medium
Ural,35.39,1.041,16.88,Low
Bonny Light,38.68,0.469,19.91,Low
Arab Light,34.91,0.479,13.78,Low
Arab Light,32.9,1.111,13.83,Low
Basrah Heavy,30.22,0.727,18.75,Low
Basrah Heavy,23.42,1.234,18.77,Medium
Bonny Light,45.0,0.222,20.54,Low
Arab Light,36.36,0.901,10.85,High
Basrah Heavy,23.21,2.5,17.56,High
Basrah Heavy,27.8,1.388,25.33,Medium
Arab Light,33.13,0.862,28.36,Low
Ural,34.97,0.448,20.02,Low
Basrah Heavy,26.43,1.726,36.11,Medium
Ural,33.0,1.06,33.85,Low
Arab Light,37.25,0.642,12.69,Low
Ural,33.08,1.571,15.11,Medium
Basrah Heavy,25.6,1.004,10.0,Medium
Arab Light,29.1,1.022,10.0,Medium
Basrah Heavy,28.89,1.205,23.37,Medium
Arab Light,33.16,0.854,10.0,Low
Ural,32.85,1.284,21.59,Low
Arab Light,36.11,1.001,22.3,Medium
Basrah Heavy,24.11,2.338,28.64,High
Bonny Light,41.07,0.636,11.68,Low
Basrah Heavy,24.5,1.53,15.61,Medium
Arab Light,33.61,0.897,30.68,Low
Bonny Light,43.86,0.416,10.0,Low
Arab Light,31.94,1.045,11.7,Low
Ural,29.18,1.316,17.46,Medium
Arab Light,32.36,1.304,16.55,Low
Ural,35.77,0.916,22.22,Low
Ural,26.51,1.632,23.64,Medium
Ural,34.38,0.729,10.0,Medium
Basrah Heavy,28.75,2.12,33.19,Medium
Ural,27.78,0.939,10.84,Low
Basrah Heavy,22.09,2.038,28.02,High
Bonny Light,44.51,0.264,24.64,Low
Basrah Heavy,25.9,2.196,22.35,High
Basrah Heavy,31.47,1.564,17.56,Low
Bonny Light,42.81,0.422,10.77,Low
Basrah Heavy,23.86,2.5,28.47,High
Arab Light,36.43,0.778,16.72,Low
Ural,34.49,1.299,23.78,Low
Basrah Heavy,25.59,1.182,12.47,Medium
Basrah Heavy,23.72,1.893,24.28,High
Arab Light,30.41,0.877,10.0,Low
Basrah Heavy,25.77,1.522,26.86,High
Basrah Heavy,25.79,1.484,30.32,Medium
Basrah Heavy,21.7,2.411,25.58,High
Arab Light,32.02,0.88,16.89,Low
Basrah Heavy,25.95,2.5,41.23,High
Basrah Heavy,24.76,0.972,19.62,Medium
Arab Light,37.88,0.8,10.0,Low
Arab Light,30.77,1.319,10.13,Medium
Basrah Heavy,22.22,2.1,20.7,High
Basrah Heavy,28.37,1.124,16.24,Medium
Bonny Light,43.15,0.436,18.86,Low
Arab Light,37.2,0.641,11.54,Low
Arab Light,37.98,1.408,13.01,Low
Arab Light,37.91,0.589,11.45,Low
Basrah Heavy,20.31,1.767,21.75,High
Ural,33.59,0.802,10.43,Low
Bonny Light,38.41,0.532,10.65,High
Bonny Light,39.74,0.379,12.57,Low
Basrah Heavy,22.69,2.162,15.88,High
Basrah Heavy,26.3,1.168,16.78,Medium
Basrah Heavy,25.14,1.174,42.92,Medium
Basrah Heavy,20.9,1.302,22.12,High
Basrah Heavy,21.93,1.955,31.69,High
Arab Light,34.57,0.957,29.03,Low
Basrah Heavy,25.22,1.562,36.01,Medium
Bonny Light,37.1,0.603,10.0,Low
Basrah Heavy,24.72,1.839,13.8,High
Basrah Heavy,25.77,1.199,27.18,Medium
Bonny Light,40.1,0.61,11.96,Low
Ural,31.92,1.065,16.19,Low
Arab Light,33.31,0.57,17.42,Low
Arab Light,37.85,1.504,21.18,Medium
Basrah Heavy,31.37,1.411,22.23,Low
Basrah Heavy,24.97,1.665,25.02,Medium
Arab Light,34.61,1.066,26.24,Medium
Arab Light,35.59,1.813,27.11,Medium
Arab Light,31.53,1.703,15.58,Medium
