API_Gravity,Inlet_BSW,Inlet_Salt_PTB,Temperature_C,Wash_Water_Percent,Emulsion_Thickness_mm
29.36350297,0.996737964,46.49991555,135.5257827,3.793472247,24.97572083
43.76785766,0.898989031,19.22559978,128.3716981,2.568906651,22.15738368
38.29984855,0.52276939,27.33198472,148.579941,2.75815535,22.09536616
34.9664621,1.557440008,43.16403184,118.759138,3.084026769,37.97405371
23.90046601,1.243897985,34.10446723,133.5142566,3.221920006,36.17949404
23.89986301,2.177682382,46.92855193,138.0084006,3.453570855,42.15630864
21.4520903,0.177062993,58.06039506,143.0225796,3.532760174,21.47917356
41.65440364,1.645283026,15.82733439,126.2788412,4.734298073,14.33662294
35.02787529,1.931077308,45.47838582,137.4768763,5.057439145,21.50934224
37.70181444,1.922767766,21.51720778,122.1280589,3.853275249,24.54101358
20.51461236,2.226577521,30.72383637,127.4190437,7.44377852,38.2302672
44.2477463,1.849680983,11.64313629,145.8250852,5.31883834,17.84602178
40.81106602,2.326744148,16.79536911,147.9963044,6.724861568,27.76981576
25.30847777,0.89837584,25.98886445,138.7526939,7.545426995,27.05525143
24.54562418,1.3077026,27.09929026,124.9740756,2.978810687,40.02161818
24.58511275,0.133791192,54.97926082,142.8023116,4.567246902,16.73202111
27.60605607,0.11669821,47.09064546,111.0346833,4.59926241,57.45123411
33.11891079,0.676303889,58.60914841,114.1098364,4.126833503,45.25178449
30.79862547,0.341937273,39.95357552,136.4549495,2.053435199,22.31494874
27.2807285,0.724507283,22.0856866,121.649943,6.895832647,35.46531079
35.29632237,0.524903907,26.3827515,148.0554487,2.669355929,24.09286429
23.48734652,0.16844806,25.99179616,127.4424245,7.972883588,32.20320551
27.30361621,2.282329951,26.32471638,127.1745928,6.637750951,34.62163647
29.15904608,0.119735515,43.64820866,137.1231804,5.480060106,18.7787824
31.40174961,1.866597146,36.5403964,140.7027425,2.927638506,36.79311889
39.62939903,0.465154929,29.2712089,129.0223495,5.092357828,17.39052415
24.99184455,2.289351093,17.45448844,118.5600361,3.566652445,51.8576179
32.85586096,2.242710255,11.10695815,140.9323457,3.513935147,28.48979958
34.81036422,1.669362751,20.94173388,122.814051,6.977175496,25.53708757
21.16126032,1.71336196,15.3735702,117.0044308,4.283866544,46.52832111
35.1886213,0.112813941,49.27225154,135.2656076,4.70434282,15.47387919
24.26310309,2.463691759,15.62489789,113.6181467,7.057788427,49.16156747
21.62628982,2.206798249,46.21141187,148.854107,2.526743754,62.55485935
43.72213843,2.248254942,29.28293449,135.2958906,5.567707119,16.51907775
44.14080083,1.682186889,13.66891949,149.4358208,5.469294088,20.04039809
40.2099337,0.927488629,50.63650247,123.5557369,4.551287416,27.54667577
27.61534423,2.244756758,38.98152851,148.8482064,6.978647849,38.27711578
22.44180285,0.799640628,21.78807564,115.8224899,7.657340368,47.67072976
37.10582566,1.450507704,54.73405872,111.6277909,4.792015171,42.9770745
31.00381234,0.339354334,12.26291569,111.3193624,4.736882306,42.63717597
23.05095587,2.312693512,20.09098041,128.5948148,5.012382378,39.04777332
32.37942275,0.437849099,47.60234639,113.3201679,6.338744185,51.54610646
20.85971303,0.639752334,45.46889652,130.4867154,6.008361744,32.83295522
42.73301005,1.43952198,24.46358469,123.1000201,3.337009695,21.9921878
26.46949954,1.933823201,13.10124377,123.4251597,2.383372092,46.09218477
36.56305711,1.586443134,52.90390361,135.4243599,7.695524779,23.67805684
27.7927769,0.657121391,25.6848819,116.5239202,3.566418558,43.90572765
33.00170053,0.102263302,19.78567075,140.6621348,5.831580108,15.17294796
33.66775698,1.917161393,35.80309112,133.2812368,6.970628016,27.00508552
24.62136139,2.464497582,55.51135996,146.5977852,3.801660503,51.16063689
44.23961569,2.043791489,12.17732889,124.5936262,5.812600482,14.5127926
39.37832058,1.204495884,48.2902044,149.3085997,2.647401447,30.73303533
43.48747354,2.269041427,38.6236614,133.0331059,7.819588666,22.98317745
42.37068376,1.083634415,31.27245583,148.9360782,2.34894965,28.79378567
34.94749947,1.359841802,47.20402221,111.0824262,4.629048043,43.59799741
43.04685588,1.245111442,58.29122122,139.1190529,5.220915452,18.89489939
22.21231255,1.174297294,21.46031056,142.664861,6.742890672,19.36176066
24.89957156,1.960457846,17.18236825,112.1269315,2.726771102,60.88114266
21.13068222,1.364245377,55.64408726,133.1587866,4.644847843,31.24751287
28.13325827,0.860121093,43.44765387,142.0776917,3.798269417,22.075963
29.71693224,0.719579602,31.89930108,132.441549,3.872064294,21.0957282
26.78372579,0.190593561,38.66297851,112.5525436,6.672727496,54.85627408
40.71843773,1.499668389,47.28069526,137.7378896,2.03276567,31.10297609
28.91883317,0.651907397,48.65159494,112.4238766,6.494501848,52.42934297
27.02336274,0.455521413,55.99470904,142.6987558,6.862390581,24.49038674
33.56740208,1.669191913,31.34213944,111.7213673,7.408173463,43.03864303
23.52310562,1.734902219,24.6705455,115.4958952,5.761290819,45.48842434
40.05492452,1.905171741,41.98321334,121.0043036,4.00073197,30.7469154
21.86376609,1.308584551,30.78639496,135.3345917,4.563408395,27.40762452
44.67217342,2.245731052,39.7299227,149.054364,7.818416494,32.6152223
39.30611923,2.347222608,30.99928992,114.7129141,7.287120959,31.97648771
24.96789204,2.037690256,17.64978933,115.7083068,4.781155455,47.43012193
20.13805293,1.625424357,33.47133758,124.7548159,7.658378043,39.4923886
40.38653571,0.828930289,44.5458911,143.4487655,6.937729252,24.89572766
37.6714336,2.459067812,49.96419038,128.6892381,7.40653917,26.40119593
38.2251792,0.757926801,34.66631384,122.864424,6.097863407,28.23623639
39.28175867,0.586376613,18.26189451,132.4481533,7.145924261,22.04340152
21.85111629,1.161169873,30.73438548,120.4209279,7.350596848,38.85820689
28.96164321,0.23641737,49.31469644,126.0463963,2.552099507,30.57809823
22.89672649,2.448386715,30.64296353,123.304206,7.79130186,40.04262398
41.57758565,1.512240535,44.82653968,142.1656409,4.001678593,24.636637
35.58245317,1.43668502,35.36068408,146.9702291,4.639397058,24.02291873
28.27245062,1.673911072,22.06115626,140.3828877,6.751422555,24.66353549
21.58895876,1.292856755,49.8075254,127.563343,5.989377833,29.60888001
27.77455804,0.176952441,14.2106727,130.1733991,7.358359475,25.44463836
28.12958305,1.569547093,36.24451414,115.0029478,4.403442505,45.74910304
38.24015446,1.818817305,20.44455171,139.8745884,4.239728982,14.75564113
35.93893678,1.100197745,13.35328143,133.8590272,2.190133097,25.4706777
42.18031856,1.917509373,35.14669685,146.0975998,4.77635226,20.10343995
31.80537313,0.644803118,34.9781078,118.0244457,6.344424622,36.32690424
22.98985615,0.631063819,45.34504508,140.3890449,3.807072306,25.18924613
37.83111968,0.48740077,47.23753465,137.3868665,4.776359082,17.68292345
39.01962622,0.992787423,46.38957443,120.6338214,3.316386611,30.87445162
34.03192994,2.132828885,30.47793665,136.6951456,6.636726835,22.11177619
39.2741795,2.086988949,41.58448936,146.9749352,2.363069368,40.20388815
32.34488991,1.018778099,38.84726213,146.7374395,6.23229833,23.22781378
33.06832073,1.513884966,31.07808781,138.785063,4.27364007,20.31874509
30.68852546,1.82995916,39.86063471,111.9229245,2.249576416,64.20755733
20.63547817,0.678896259,57.36239384,144.8905735,7.120817524,24.45702619
22.69728567,0.503538606,19.64468718,136.3111443,4.926331179,13.50922269
20.78572964,2.433030384,55.28860479,122.4173701,5.595913818,50.74653116
35.91026028,1.582137552,12.6727757,117.4900145,6.392184149,28.2233608
27.85889953,2.455397732,25.41946065,114.6481545,5.930446598,43.49239187
32.71426728,0.910614369,24.40726243,112.009476,6.385141225,46.89256353
42.68916185,1.78727608,41.31825539,140.1641299,6.573690107,18.18076316
26.23230573,0.634248728,16.56124759,119.43372,5.534909183,33.93460469
30.25957308,0.726880411,54.11738059,110.9701174,4.193826985,55.48066039
38.88877846,1.328565091,51.42757042,125.8908261,3.458852898,30.5919168
25.71995414,0.867083501,42.60329098,129.3042832,7.41741942,29.66775247
21.92449775,0.502291753,32.92069159,116.7692092,7.819549068,49.58040969
27.24378632,0.730913685,56.64780211,111.7619334,4.145976531,56.46581803
24.03053218,0.185796147,51.53732774,117.5650193,2.673864374,49.25201704
43.24244131,1.790616692,34.9657574,137.1641105,3.335223963,20.62346473
40.20300949,1.281079977,45.09366772,113.2897471,6.024004076,41.36585297
35.83509391,0.326183359,38.34649761,132.2014812,3.03760022,17.42415459
41.78651475,0.512065584,39.39711192,115.8564795,6.680733638,37.78988364
40.09180192,0.346082891,26.54880347,117.8275669,7.538181439,39.10501107
24.66425147,1.57022274,33.10423023,125.7231153,7.78190909,37.53239666
42.31397496,0.326104873,13.90607154,114.0330134,2.055953036,41.98538882
33.48355605,1.910277599,27.86743458,116.9281401,7.74892499,34.24791113
40.18600388,0.149226206,44.79142577,123.9580965,6.441166515,31.41771183
42.4022825,0.698501891,57.66080153,123.1867602,2.504301394,31.36790466
27.95008687,2.237600022,58.15320564,139.9708594,4.491442813,33.91326555
22.75129811,1.824475163,37.78614346,112.9912922,6.200272847,52.9210141
25.69837906,0.275123999,40.33111259,144.4180294,7.740112956,22.81768107
30.67769472,2.070702651,19.28605928,142.6492868,2.984848362,38.65141424
40.45036915,1.283284292,44.7654054,140.6396656,2.766399692,22.73491075
41.51826458,2.132279265,13.53293963,122.3748945,4.83408232,18.70122673
20.17380326,1.541775459,24.23428429,142.9152714,7.808593362,33.26268321
32.76868256,1.736399277,43.41816736,117.3120832,7.828275292,42.55147437
30.43527508,2.484403745,25.51550658,114.9763682,3.367488446,51.51173753
25.55269526,0.65760531,12.49234371,111.7982533,3.916082888,49.93914813
22.99663418,1.597469379,51.59352047,147.5724145,7.448191914,32.64154354
28.44037929,1.204771336,25.51650036,122.3204359,6.409048945,30.0569022
43.5727426,0.194684687,13.15526124,146.7047152,7.833898572,27.04405939
28.0800733,0.13472954,13.73940823,120.9045425,7.358890178,36.77536938
32.96976554,0.386148587,22.58793994,146.3026384,3.290576302,13.62171983
37.57547397,1.657820177,18.90079736,146.1571621,6.558361156,22.81614371
29.09074006,1.461191411,48.71500589,146.9470418,2.291391389,39.64585131
44.29455207,1.428230947,26.08420233,129.8461376,6.906996672,20.394555
44.06118237,0.17645623,50.23478925,144.6378515,5.609340575,20.14325611
26.2945574,1.226327191,18.69229989,148.0306358,7.736605776,29.8220163
32.43121265,2.319094763,34.64395898,122.9846777,7.760194733,33.6501023
27.52195775,1.054220486,44.40185668,126.7549762,2.304890654,44.02208909
27.12101236,1.599813927,42.59954269,138.7696075,2.963128913,36.8432655
20.92217368,1.971564821,40.0564705,122.0143929,4.905242284,44.15314672
35.23910835,1.98142067,56.2410801,140.1523724,7.27696115,27.60873663
32.56697558,1.346272198,21.42625739,112.9556858,6.886670854,45.51689824
21.28696878,2.159084669,34.68596022,130.9399354,7.786220158,34.07522218
26.96616161,1.039307424,54.1996275,114.8925394,5.708504703,45.4849919
42.70664715,2.232863715,13.89468828,121.7329391,3.539381117,22.79605674
25.98904727,0.676545199,12.79441341,120.3450157,2.150639837,41.94327872
23.6223718,0.772519377,21.66511438,143.5572829,3.337558944,24.75269582
32.23631901,0.227489498,41.65106098,117.7406902,6.051639188,37.46081888
44.64126135,2.009396408,22.99398132,142.3379168,7.55764894,20.38314933
26.05138179,1.100932567,19.51199419,141.7584138,3.925422004,22.30842527
36.80338869,0.649879873,32.94011577,129.9553222,7.254225982,23.48086836
39.04049038,0.656296666,40.67990344,119.3537302,4.36938949,32.45938796
25.9409386,2.263359859,22.42788535,119.0758536,3.849627496,46.44745723
38.20540872,2.101399841,25.03455934,128.5969859,5.053065457,19.41033883
29.19457832,1.428474125,40.67796524,110.3523603,4.653640954,51.21139144
35.80764576,1.578665921,57.2869211,131.2540302,7.482799211,27.16257185
35.83824277,1.238381369,43.73708637,148.111181,4.809541684,22.54008511
33.3943671,1.039999703,49.14520718,116.1882753,3.664012323,43.83100577
22.25724425,2.297144515,28.34050474,132.9338249,7.055393465,36.15756772
40.88256239,0.401470488,23.61271797,148.4711475,7.99249707,33.24146681
28.01950162,1.104272295,32.71338716,144.4208856,5.889028515,22.77981326
24.66296276,0.926948579,50.35664144,144.0152047,3.502768214,27.66153701
21.01937854,1.295561729,32.81498209,142.8739972,3.432890462,32.0801957
34.77232358,1.198316499,52.33627044,122.3609442,2.346240177,40.85009163
36.93910905,1.345334876,59.43859903,145.6246733,2.463758231,34.99119664
20.41469572,0.435805545,13.60133329,147.653614,7.489898571,19.81800964
32.80232646,1.331539604,12.2705078,129.8316969,2.578922642,27.76749486
25.66239438,0.681805153,17.47948515,124.1828419,4.90606309,29.53695787
36.12931976,0.542395238,29.21848379,126.5691606,6.188730678,22.92691089
24.35916073,0.255602125,16.55211046,123.3682577,7.102128697,35.36870191
37.27344345,1.930366141,53.53322388,118.4967377,3.027625702,40.89435988
29.66838366,1.12586061,11.15731255,134.7379388,4.626672075,17.40584111
43.41824972,1.60394484,25.78963582,132.5038754,3.50888117,15.66740109
23.4380236,1.846224024,19.23473147,128.5034028,3.53493854,38.1913166
28.52665878,1.730359997,56.57696651,113.8338155,3.823035845,54.26913533
22.83683803,1.229201726,43.47405024,141.8757186,5.522697287,25.30588856
43.11734046,1.030956469,55.60151282,116.9973425,2.09946483,42.39966202
41.93348383,1.002303783,58.61643552,114.5824817,4.452597718,36.8757296
26.44854069,1.636117113,34.85491218,134.9228558,3.120980811,35.16673224
36.49960115,1.287506452,21.7159554,125.9457744,7.802711051,24.68210709
40.43055501,2.137917395,19.68643931,112.392339,5.496374956,31.75863254
33.88002029,2.199284762,21.14594308,124.2227342,7.208572813,25.33047818
33.24126446,0.509344907,45.42966538,140.8712141,3.174139921,23.81268412
26.04630727,0.426960764,12.02228641,134.6099682,6.860094196,20.32649547
22.3275692,1.612962222,12.56805365,124.5114409,4.488694768,35.06284145
42.43039395,0.822941795,40.40714712,117.6721917,3.066168133,35.81987302
42.51045143,0.144569725,42.10285734,135.2718248,6.567471214,23.51064928
35.82753643,2.232742406,43.26314622,145.502212,6.572066586,31.60333921
28.47574478,0.644561841,28.59402523,135.8509087,7.975327441,25.09977681
28.73023937,2.330273564,50.29724444,142.5161542,6.685623571,35.26819121
38.14889197,1.821842682,36.68122939,130.8611135,2.871603488,29.55149291
42.4277565,1.930368376,15.2732815,138.7188443,3.935268451,14.17541527
42.17716061,0.58350759,49.85496535,145.849071,4.710361504,21.99867537
39.49688865,0.662066621,57.65338931,140.9271591,2.759916834,20.9017728
36.05079115,1.351042609,13.00181565,146.3941581,6.728233847,18.12004213
22.10349912,0.513039646,29.56756694,127.2455841,5.160191227,20.5258916
24.04071785,0.833036062,34.37580224,146.1688102,7.666697415,27.66222247
42.46385471,0.871509947,17.323538,134.8626894,5.535848867,9.618370774
35.16072649,0.48311184,53.38544739,144.8019506,5.137394502,18.41482286
20.22992629,0.5924388,24.20748224,111.5750612,2.428550918,65.65169124
22.53678857,1.992524421,49.150427,136.3140953,2.89607543,48.60171891
36.58754423,0.501270051,43.5497241,143.9190032,7.097156461,22.64079909
20.1265396,0.16829774,39.90229112,116.9680813,7.944055867,50.42427858
24.02020129,1.610451862,19.60714243,136.4714773,4.491074815,27.47121095
33.71834473,2.442359487,21.03517603,142.9981886,6.860516502,28.85493176
37.29737994,0.894913155,12.36742024,121.5179748,5.765514598,25.50531174
36.29903149,0.384773688,22.03562149,126.2098531,7.754355642,35.40552521
25.60673274,1.468929581,27.27218047,132.7807087,3.428823413,30.48558514
37.80448053,2.275250107,51.65726519,130.7667076,5.269014458,21.41809071
25.93122719,1.981748272,28.31963334,111.5675757,4.45277491,54.75749263
28.13499245,1.594038084,47.73108914,113.9468839,5.250295856,47.64200998
38.66228513,0.856135592,31.97211406,114.0186632,3.613148501,39.07333296
36.24082248,1.400512416,49.2434156,120.4907162,4.986476976,29.16694517
41.23058526,0.318987619,58.81358002,119.8345645,5.74882488,30.08411236
36.44032231,1.729469018,21.9920779,139.6888954,2.487295304,28.03929744
34.20771508,1.840230445,53.1170806,132.9097754,6.457923529,26.35666238
22.3418692,2.416075895,41.09120432,140.5590434,6.239137779,39.01354994
29.19289508,0.724953661,50.86471308,112.7958423,7.282745609,56.52593486
26.63005919,0.144295406,42.57929511,129.4085695,4.555139311,23.72935123
26.09974108,1.409460315,31.19747536,122.9510232,2.370014796,47.47250141
44.32526387,1.796297211,21.40374697,143.9975724,4.768766774,18.81279595
29.82744312,1.996977942,13.50176127,138.3115663,2.825655032,35.53262145
42.30116388,0.564973439,36.77591822,144.7703388,5.884680881,18.43311479
35.77846565,0.728206886,59.51630473,111.8570849,2.282789145,50.17645351
39.87028259,1.330218221,46.90209025,138.8329396,4.243978437,18.62426249
32.56592733,0.893441944,26.36727707,131.6003341,2.497057391,25.52824606
34.42259712,2.165227568,51.36024,143.0000012,2.020198604,47.77535764
32.31294235,1.237024369,48.44920001,130.2864236,7.763343343,28.33921373
24.88107469,2.018988746,24.08178967,131.6083631,7.976764088,33.69610096
38.06130288,1.493487425,10.71537449,112.0706952,5.333017709,33.12111141
27.01930906,1.95541634,15.90813193,136.7409146,3.4337351,35.98891781
20.60789916,0.898415168,53.86530952,120.925595,7.466594221,42.86755823
36.1368074,2.095399893,51.82815177,110.7877569,7.538219582,44.6975127
24.42776699,0.758973557,24.76045004,112.6574865,7.127053347,50.98550586
43.51146461,1.410637139,24.25977131,148.2914244,5.266219907,18.90513599
43.84821443,0.613617072,49.64324936,123.8430916,2.448212965,31.11870958
42.87160976,1.241263652,56.88687349,144.7230251,2.530633565,27.90829396
29.25396751,0.863620503,48.95686284,148.3870894,7.379718726,28.26149748
20.38641541,0.740088234,40.27893385,147.7306876,7.254961085,24.40210342
43.20796406,2.420764043,22.13356752,145.2690096,4.606383495,23.30226668
30.70460371,0.484177853,36.2873957,145.7937565,3.968927717,18.64524115
44.16637048,1.98958201,21.67559293,121.5603218,5.864743521,16.48737002
44.09049943,2.461995903,50.400571,116.0587956,6.84192769,25.48591995
41.32523639,0.147763561,29.34805398,135.5705025,6.390109652,21.51946799
27.3612223,1.777665794,51.68486085,129.5242237,5.693617628,31.57809982
29.62744322,0.706988333,29.0804609,113.9498687,3.389066267,44.49540524
41.27841679,0.197170778,51.20747026,137.1016526,3.575029215,17.44288327
27.92305013,1.066934989,26.66589076,132.5144003,6.344404888,21.05422112
24.23731867,2.344522744,32.00663523,144.522696,6.815719115,37.54002475
33.92003156,0.128236226,40.77442097,134.3673518,2.696811129,20.98212879
43.40386935,1.510925661,13.5143807,132.9578472,3.123782286,18.81785718
37.40074492,1.303351549,57.41035309,127.6300689,6.082821573,23.53925382
34.25152925,2.196121994,38.68028931,128.5114828,4.333919525,28.26671643
22.42941234,0.301604115,35.39100073,148.1752491,5.379757204,14.69610473
35.37518067,1.735662472,51.96969856,115.5378404,5.688889716,37.55966753
44.75134625,1.732263276,53.28813649,127.8487527,6.657220804,16.95607148
23.50210038,1.70579204,36.11302023,136.2330894,6.834301704,29.72559609
32.95824131,2.361602788,56.36311629,127.3204258,3.680577472,37.87262088
41.9343268,2.07541007,13.2368883,121.3286251,5.247780374,18.23507126
38.51921544,0.200734543,15.66128961,121.4942948,2.741143632,29.69328815
37.42539352,1.230598842,39.8394115,119.3462419,7.052091012,33.84911674
37.5621021,1.055087335,27.70329309,123.756128,7.07268763,24.68350018
28.98727878,0.844353331,33.21125831,144.866991,3.797034314,20.80081962
27.33979611,1.18320814,26.40396089,130.208982,2.963721245,31.12084849
40.23402889,1.022066044,30.23626557,119.6095491,2.420550669,33.05912053
40.25283487,1.13760136,51.13231736,125.3810687,5.449858651,23.1371407
41.67680796,2.450228477,39.67380999,114.2332165,2.548568602,45.57354372
42.83101381,0.312719139,59.86722746,146.1614296,6.083569068,23.69072861
32.78355997,2.313354088,49.34395989,126.3279133,6.068758406,30.18537129
32.53790737,1.252568112,23.68331271,149.2156482,5.683924443,19.19419191
39.95737947,1.596981389,23.21725589,123.9015509,7.259363011,24.82339298
36.24909827,2.09243912,26.79491351,143.4542419,4.269684156,32.77715543
37.54917193,0.96511127,52.16297403,120.2554125,7.413617496,40.150471
39.89481674,1.133012579,11.36438253,113.0461157,2.221552213,41.5305068
42.25013355,1.082844353,21.50906394,111.2693345,2.676541928,46.95365759
28.44987892,0.999354454,55.24592102,134.2467371,4.473233375,25.53401054
29.38957382,2.321270372,41.9948218,122.4629469,5.563958112,35.98014191
22.3495485,2.089431739,21.34235478,127.7407952,2.19425382,53.98003997
34.45700352,0.361599976,20.95724841,142.7458814,5.404606829,13.07764779
20.89855684,0.359496046,53.13090509,119.9243234,3.844389899,38.26145149
31.63995045,1.126886836,54.68787541,122.3460991,7.322880847,38.24868544
33.56611587,0.336777704,22.80655455,143.8134474,5.19970755,13.15002733
27.1635313,1.585823429,31.0255179,129.7104909,5.527363449,26.4341222
34.77083151,0.444859857,51.72978693,143.1066067,7.673730867,28.77568008
20.76250625,1.353695834,48.55037193,124.9790401,6.58502616,36.40446024
20.93370472,0.117327873,50.69580533,125.9347992,4.629639597,30.60970498
40.56501402,0.859831236,35.91990954,116.6855345,4.86127769,34.55371995
29.00476604,1.725257737,55.57745242,146.6538341,5.887543211,32.86842869
23.17651282,1.261693457,26.2975772,145.8713478,3.2011953,32.1176761
33.0560815,2.447846766,17.83360672,149.3686806,2.531905043,50.14840143
39.24983883,2.197849111,45.43661663,126.0978851,3.867419096,27.54141813
25.39552569,0.96176987,36.9677208,142.7445977,6.670296788,21.42427311
35.5722619,0.2091677,52.72928844,126.5981493,3.543942793,26.88031911
22.13368662,2.12950312,14.05796246,128.1719516,2.784555202,49.9471531
21.29204303,2.286962345,52.18462017,143.1999757,3.314135591,53.95346454
33.28386579,2.069505744,24.66473266,117.0946708,6.073837472,32.00559381
33.51587804,0.407079858,42.74278336,118.8124374,5.68368834,35.66571893
35.93574754,2.494996323,12.00643945,122.5891296,6.129889984,23.93356906
38.15228334,0.720602132,40.47906482,141.5271613,3.931748736,15.54975068
44.39630199,1.838091791,45.86358446,124.906062,7.405136762,21.07591177
32.90750871,2.279283703,28.43751073,124.3267283,4.710622144,26.5678055
28.07391182,0.665649074,20.77053526,149.9526538,5.082278192,18.7720267
39.87965487,2.279820531,36.88153383,125.3522457,7.692847856,25.40800494
26.77080628,0.84275579,51.65954022,119.9108215,7.875663608,48.04400784
30.97428552,2.443391734,26.17736791,134.9285471,5.969256355,29.8437503
21.96140953,0.775024049,22.62346488,142.0751981,7.668879155,22.42538082
20.63376859,2.388245979,23.94676543,112.7843133,5.249044318,58.0008525
44.06621037,0.228507162,57.45660765,134.7556892,3.843697673,17.83769494
40.89950301,1.802252828,27.96384579,111.4294182,3.890557136,40.90382143
37.39935515,1.377066721,10.18021199,131.053294,5.353643539,17.67329393
30.22382361,1.246904985,49.0840604,120.2796626,5.630216724,35.66960181
24.332358,0.636386354,44.96373977,122.2656679,4.63770242,33.87844502
23.91092607,1.793429895,16.42841323,128.6838386,7.302628901,22.92824707
26.25607245,0.557942779,59.24521246,147.0842984,4.560176712,19.98215281
33.73066662,1.42682031,40.40311427,138.4266923,3.640541882,21.57719428
37.86489807,0.707788871,35.03897455,147.4738239,2.04789127,24.04701188
36.50493442,2.393491311,29.11096338,136.3988402,7.823415669,28.35984
26.99834742,0.168714865,54.93363778,110.2843099,6.945879699,61.25089718
43.87163202,0.579347872,22.19817407,120.6234079,5.693357508,23.41045288
38.44742292,0.681545455,24.28844501,146.2309031,6.983253523,19.61296839
33.85885131,1.093762782,16.12054033,135.7378208,6.861735382,23.79838809
35.29301866,0.65855258,47.95595478,149.2658895,7.591104681,30.0262908
30.49000156,1.279237817,39.77746402,116.2385608,4.3164061,43.34897069
26.19327474,2.193917256,40.45330846,121.8699133,5.329113453,39.64871894
28.89931697,1.808952211,20.92352155,124.4947064,2.591768142,37.72189267
38.94615276,1.491908753,42.55841946,123.0623127,7.791892554,33.84993746
20.35983722,0.313607627,48.27292236,120.0796612,7.910762416,49.02935757
22.90181601,1.76558106,27.89442654,127.7386286,6.734505488,31.75174688
21.15006605,0.499394282,50.0673572,135.6919249,4.724725899,26.3122968
21.01822006,1.987281726,27.43952943,122.4502769,4.979400505,41.49939508
41.3865146,0.70013622,47.90692308,113.1879969,4.612201598,40.18256615
37.59144648,1.100916948,11.68650537,138.3413011,3.759863819,14.79635073
31.85434573,0.941128486,37.55823007,128.3606622,5.166748433,25.51776209
22.44585402,2.161153395,58.47632803,132.2592922,2.320670417,59.79300837
32.29039688,0.403706701,59.06223003,128.2160263,7.951322372,37.71780963
31.83679427,1.457547718,24.08762892,145.6143001,4.544300811,21.77200895
24.33004675,0.440947863,32.06995455,132.3497999,7.564199504,26.44207448
30.84629123,1.791510007,13.1488954,146.9310736,6.345628764,23.18781342
29.96261836,2.272187507,53.66706538,130.4230137,3.739657501,41.31856583
35.39625245,1.143058369,38.42860766,121.7035265,3.332315709,29.11946219
35.87734127,1.271421425,29.25503395,124.2177035,7.974052603,34.4980861
21.13260024,2.325814808,15.63852792,130.8851717,6.63275813,36.44573169
29.36531537,1.350379333,57.33836427,131.1995775,3.497968845,30.80399388
35.64649789,1.270236251,36.51095239,137.4935081,2.404670289,27.61337975
32.57840646,1.487989846,24.14639645,118.9797949,6.181499272,30.1086435
41.41224603,1.754151367,27.51075651,136.353716,3.818098741,19.6004686
36.46734079,0.3565201,23.53485905,141.1435203,3.327984876,17.58511854
24.07336068,2.070665267,40.09049044,137.0636796,6.409624491,34.41870235
21.76421869,1.145212066,56.49817879,129.2731244,6.075567936,31.33042575
36.06048196,0.273636424,52.83469017,149.667226,4.888476049,22.95095779
20.66278276,1.986838406,33.01904377,126.1925264,7.655935597,40.91400033
34.64438953,1.004679932,51.32496812,114.2636246,6.077830196,42.72584066
43.50575604,0.340881988,31.15527406,142.8601686,7.360517364,24.67035964
34.38685445,1.621069695,22.61535704,118.4880488,3.143317654,40.26549527
29.70424816,2.212315248,59.17075576,138.5314229,3.77987546,41.59740995
36.08220546,2.230608423,25.1943784,117.1590513,2.627120802,45.74703086
31.45632226,2.39839234,26.18621155,110.6750956,3.827479987,57.3258103
33.64041973,2.182493103,59.48464339,116.3919442,7.830669975,42.9582477
43.53662022,0.105138206,16.69637466,125.0795479,7.777137477,35.70952935
29.65256595,1.012578799,48.0266994,114.2647299,6.562318127,49.64576809
44.0297641,2.064502192,56.79063792,117.9071634,5.126289577,30.04886875
42.63376605,0.979007214,35.58974971,140.5850511,6.684678793,18.10619269
24.89477837,1.543716415,10.12608809,140.7953443,5.320921707,22.52605212
21.73403252,1.555160674,28.75294721,142.6995291,2.021051028,44.58397148
22.51945003,0.97606073,15.57844962,143.6462095,5.009282444,20.50519306
20.45554564,2.270737425,30.80938305,126.8174358,5.593540676,41.96945561
22.36107402,1.307748029,49.50133808,144.7019864,3.594490145,32.79922335
37.07516934,1.215482094,31.93557744,131.037475,3.219761385,25.33019402
21.77971621,2.49403299,31.59625607,128.8238847,3.642854569,48.95341864
27.97439076,1.284400874,37.83947385,138.7414532,5.741766497,21.79568151
41.12188277,0.528155805,39.08452924,118.5527365,2.87638469,36.24303073
20.58179839,1.331366615,52.81481544,141.5798951,6.321969808,28.36662804
40.36171206,2.053640165,25.41777196,127.1786331,4.536048926,16.42859939
27.04636937,1.964464785,51.08356322,115.0918166,4.120087155,53.26822064
22.95412069,1.992596236,38.29668743,114.7724765,6.84338775,49.55449797
37.41842913,1.799257082,25.02647749,116.5962698,5.036379497,32.62120401
35.72357117,0.71012279,24.7563022,145.6229094,4.270403367,18.29044435
41.93680034,2.169001806,28.05687586,149.6375129,7.268928293,25.95715331
38.3767761,2.244264317,41.13466213,124.278952,4.209509793,29.76852304
40.08702326,0.565966472,21.54058657,121.6857541,7.154001698,35.2292011
27.05086431,0.413093528,56.01667808,118.7508389,5.025192191,42.54393053
24.43598859,2.441451925,38.74562921,142.9526591,3.248042585,53.39218529
38.76536879,2.183977513,56.00078885,118.3682993,5.676909129,29.94122521
40.17086848,2.243766753,12.32021793,146.9636052,3.711941158,27.80431986
44.76262855,2.227303323,27.13056852,136.6940152,2.882930793,23.85485282
30.31544192,1.400048378,11.14038303,145.8851117,2.519176228,33.63680338
29.30045214,1.651364168,23.61259075,132.1603942,3.450184015,31.66239038
39.41032402,1.408870845,53.10032361,137.6271945,6.419327852,20.57010448
28.52008851,0.222895238,11.83048579,134.778324,7.027995334,18.1690229
43.26893314,1.889207405,31.807355,143.2478183,7.170325076,18.70201584
41.4603188,1.31279688,15.87835352,143.4344324,3.620889642,18.89843041
30.72485068,1.654501779,30.84203296,133.59172,5.965837598,22.10340077
38.77177669,1.306335532,51.94257921,135.300306,3.382124359,23.16588526
38.86357185,1.280347174,41.15355167,146.8750368,5.736572684,25.93085499
22.57809672,0.512293863,46.83781727,147.1946594,7.323265958,26.49810894
42.56382267,0.768912916,27.45520577,136.5699914,2.245362096,20.61635264
32.63130931,0.481246461,57.21988475,110.3101711,7.911354006,66.90682452
40.66143665,0.56959911,45.46310469,114.1764486,6.962527265,48.69423806
28.00124003,2.435145713,31.08994096,144.3177013,6.569972698,30.93383928
42.38808071,0.46747227,31.32324001,113.3885647,6.148177362,40.6157752
29.73004197,0.746249018,55.9342089,118.5407672,6.621643333,41.26055094
20.27094129,1.517415179,38.82023467,119.2218672,7.967572136,45.57652385
42.63454941,1.564428583,45.3189605,134.0093908,6.621147783,18.4645017
22.28216692,0.469537911,30.85176123,133.0653119,4.109604708,18.79774731
27.98284094,2.004921822,21.18463824,121.5767009,5.683531118,34.7549255
43.75154918,1.984486883,46.1779646,118.3044546,4.021538097,26.02214484
43.76517867,0.66956249,40.39118861,140.5812812,7.82039266,27.90579618
34.3359472,0.792799126,35.06714402,147.4182462,7.400838397,26.07979287
35.7959303,2.351170877,41.201047,112.1122272,5.405721365,41.04898218
31.21113805,2.08161147,20.4142793,115.3272185,6.687642527,32.17701607
27.33026929,1.774712879,49.69693533,135.6865595,7.458121658,31.65252011
28.21661363,0.297359732,57.40814025,142.1776581,3.461601582,20.51829356
36.8129614,1.103833794,54.55515721,141.6475468,5.476891142,22.13489678
38.80936324,1.442324493,26.07178727,138.7873261,4.890297916,14.29695013
39.78947609,0.549787091,30.30028866,145.4971182,6.629548129,21.20669931
39.74045357,1.175743797,50.42011499,118.6939552,4.274495128,34.17423565
22.28015258,1.542462106,39.75585654,114.2916379,6.253877838,50.85634574
32.36050762,0.885704032,37.39572218,134.6145188,4.417958534,18.50628971
21.438969,1.974267565,56.33209838,142.8910357,2.666449188,52.17659688
33.73822206,2.117078996,36.80124805,133.2817431,2.64272859,38.44056921
31.03826253,0.876662727,35.74693398,148.5198995,2.714337947,29.68643433
42.19260457,2.112777171,12.10092956,141.8225785,2.195119256,31.25004392
28.77287531,0.348583759,13.47084793,138.031672,5.19783903,12.94527648
22.92667541,2.110549837,10.37101539,112.4102916,6.031416092,50.1992705
23.57479205,0.466601036,55.66221129,114.3096895,2.760370411,57.20825876
39.03776579,0.299025166,30.419333,141.3935053,5.671148001,14.82267511
35.45545158,1.640260971,33.42806881,117.929517,5.58644047,32.96123495
22.5280669,1.232649678,52.26934738,111.153407,2.882564308,68.44488248
22.10267015,2.278937441,40.46231552,146.4304274,4.4244956,48.63767611
37.52422829,0.971654071,40.47507982,145.6322149,6.530814259,24.60628557
21.81907516,0.789165432,24.82672147,118.7393531,2.100536153,52.31691568
40.54650148,1.301763775,51.6954187,141.2082503,2.881687303,27.02251028
37.65605568,1.194270846,18.2914988,111.9191864,7.974970246,44.70098568
22.03371952,0.926627311,12.65747961,121.4023202,6.401269383,33.50270369
22.12094285,1.764979117,19.58016788,134.9466763,4.784781675,30.92189921
44.66598946,1.922948401,23.38686094,140.5271598,5.778808473,11.73124789
29.35676989,2.147161526,24.11555289,110.4159676,7.077325824,49.00885622
29.26605368,2.434855851,43.52567993,123.0483445,7.053827513,33.0397431
40.31998918,0.739974861,20.89122937,118.5738224,3.948208613,26.50101029
43.68121443,1.818624358,43.83291522,149.9512162,4.947748535,26.26436986
44.6500266,1.046219765,14.55660866,136.8392893,5.828330579,11.99424641
38.83445463,1.724996733,17.36012305,126.2268581,2.431381499,26.40072766
29.40648964,1.242356057,35.44107242,113.0261041,7.674779596,52.16738939
22.08751792,2.485055447,56.09479013,133.9468103,4.596450954,46.43473748
39.4286729,1.849365126,52.97837944,135.6680588,4.225173964,27.26861296
33.96010624,2.385979121,58.43767212,142.6562371,7.442602169,33.93023917
30.60555023,2.103926919,42.52395326,121.5430741,2.709719893,48.58087376
42.65885963,2.266962427,43.79074332,149.2571232,2.235564784,42.63362123
22.77993706,2.054606073,41.25114995,127.5786296,6.110014474,33.76984969
32.31562761,1.201981913,41.14094614,121.8377502,4.310017809,33.15751722
20.28384112,0.704292288,17.35601725,123.9379734,6.586854853,29.36184218
31.71651605,0.988768421,37.18694781,130.7834421,2.411267669,32.14883932
21.40758189,0.148566958,29.30339667,147.4680626,4.302542861,17.82202575
22.97044791,1.357583602,32.12686079,139.4063519,3.411951272,34.01776122
22.93815617,1.312138721,36.18002865,133.084386,6.437639198,28.28001019
36.23025755,1.360601116,16.41980859,116.5124155,3.363020663,35.77218239
38.65112198,2.43767494,27.97438669,115.9741324,4.747672009,29.71593384
34.58421913,2.287489608,13.17247804,130.0878766,6.913265307,20.58752006
44.05431371,0.488110668,58.98340652,139.1483482,7.492343213,27.76490223
29.37176449,0.985318052,15.92640144,140.0404869,6.335634762,15.1474238
27.14280216,1.117494831,22.92623693,119.0365754,4.575370469,36.23798246
41.7149782,0.965279003,54.56464634,114.0039805,5.431915248,40.82340598
25.58989596,2.016390313,34.13550231,125.3784396,6.138139683,30.99352067
44.08056349,1.357690408,16.78186008,146.7269017,7.249595759,24.77751254
20.30386187,1.473039561,29.2115269,131.8146901,7.331443909,33.29073075
44.24697067,2.147232542,15.79339971,122.8039907,7.585816949,19.07958827
21.0789978,2.034227568,20.01079985,122.9455067,6.864266593,38.9077039
42.27857784,0.417307655,12.60149235,115.2834818,2.880787616,34.36836464
33.19252773,1.813395002,31.91137473,128.9289494,6.4858372,23.88581
44.8241199,1.145046709,50.33180609,141.6545071,6.887554241,21.42811253
21.84491412,0.807157367,39.29845893,148.7423477,7.267228566,26.85112932
33.84635711,0.22004517,40.31726527,130.0638,7.548901368,30.81066627
44.23256339,1.269398945,20.0292015,116.6885966,5.054958881,28.70673813
33.0774461,0.953048034,27.19469216,137.318016,5.930556171,18.8188664
35.73496595,0.703631295,52.26210519,140.2716537,2.05731666,27.51900134
37.39371722,1.767212151,14.39280922,112.86799,5.436701406,33.53126817
31.36352662,1.94676493,52.89653268,144.0055652,4.839190286,30.67229421
35.688952,0.687494846,34.18450131,143.1728956,7.773836268,25.00241156
34.6078578,0.218673848,51.85737157,128.9016422,7.410255792,34.38056894
42.52895026,2.137006481,25.90032097,132.4169007,6.785623577,14.74714593
21.13615951,0.123903379,26.94214758,138.5363225,2.341965107,20.82574261
27.02407974,2.349069985,47.58024342,137.069925,4.412173054,37.26270407
43.7602871,1.606287698,49.24980867,110.6614391,6.176253333,36.81982359
42.2565946,0.872431924,21.4822339,114.8974122,2.177964461,41.21565438
31.39141882,0.691546983,58.64356624,116.5036222,3.414882751,45.50554546
35.50331495,0.121613594,14.22450521,140.2270356,7.325043141,19.81102061
26.93452957,0.665131401,13.42514816,127.6033425,2.778684604,28.33233081
24.70302899,0.430547924,39.77521076,131.8201051,2.308241026,30.99996876
31.59246012,1.56919893,46.13703839,140.9074975,5.483514538,23.28913796
28.8338057,0.499709413,58.04430646,123.6392908,7.678787693,37.74825587
34.5914028,1.36871161,30.24728904,139.9556091,7.007748439,24.40848296
21.94336592,1.516279414,11.26457045,127.691971,7.848635028,33.72476854
44.35987019,0.815300076,40.14481697,125.0872075,6.521138922,25.23285004
44.65526861,0.184155878,24.48480103,123.3214906,4.624218645,24.57447555
37.45404285,0.189409313,31.64735606,148.5977926,7.679698638,31.78559228
33.40240916,0.163233597,34.42347411,140.8789364,4.559799671,13.19654717
27.73819041,1.873899201,13.22563054,110.8078376,4.100567698,49.70197546
40.34487549,0.863223292,34.29908923,148.2966195,4.689175507,20.88136661
37.11827931,2.011120446,31.31598334,141.0175852,6.883843726,19.86733906
24.06542348,1.136158777,45.62721326,115.9669886,7.506161299,49.86075803
42.77317961,1.187195442,42.28329556,113.053525,4.14609266,35.97797602
40.56343107,1.330918246,19.26078591,122.3277637,4.773484739,22.07455252
43.74499783,1.811275495,20.30694591,134.9672612,7.38996394,15.77645489
38.14298771,0.756406878,22.55030894,134.6618676,2.282261987,24.0383156
35.3353799,0.391809639,18.94752201,121.034005,6.703212165,30.41816308
30.45607591,1.434537604,42.86065998,127.8269991,4.725306549,29.19842194
43.31821208,0.884746296,59.72150896,118.4756062,4.259110106,30.37071416
41.65159724,1.161979153,42.60541703,112.0231474,4.681527751,39.92265345
21.13046675,1.6526721,40.33407731,130.6788187,4.512144053,33.79770399
20.65917436,1.285901779,30.49639667,123.8796454,6.539711709,35.2864054
29.41158417,1.588669161,25.62901294,131.7152973,7.567685133,29.05252342
40.26383327,1.406080005,55.55368785,147.8602929,4.948734953,25.94065301
44.68190323,1.875511293,58.45009371,115.7348125,6.996402715,33.61663946
23.76042228,1.794247883,34.83880878,110.0784807,6.391667214,56.49513815
34.85326788,1.38205574,24.51002478,113.0751285,3.984084713,40.10691945
29.52227142,1.72936725,48.50611038,128.5083318,5.523882887,29.52129942
44.24785995,2.196543045,16.62283954,138.2772812,6.00089405,14.77507868
41.05297308,1.137451091,48.27941188,133.2305441,2.140996231,23.63767491
40.95821762,1.090631375,50.94741872,129.7957843,4.375733307,21.45747785
31.71732899,1.93418949,16.24519723,124.1585252,7.955829055,27.68426832
30.37048756,1.498129209,58.84307344,122.3989669,5.823538562,32.07137214
26.8351768,0.270416273,59.27561452,125.051447,4.005464416,33.05594783
21.40938742,2.241068838,56.83597397,134.4653982,3.500144236,52.85836343
41.61805941,0.173879445,34.80174047,116.7101582,3.256889613,36.47637349
40.32252523,1.896151255,22.30370711,140.8544833,4.409848454,16.61706238
44.99294183,1.921105942,39.10046404,133.0101296,3.159594144,19.51306779
44.91592093,2.387466605,30.99669192,120.7662551,2.811117092,26.81284028
33.88579264,0.22992258,20.29743224,130.0461185,4.184379707,17.86911604
39.22468538,1.532456466,31.18382048,148.5111475,5.641998156,23.40312937
43.61914325,1.12681737,43.19449178,110.8196612,2.878395093,45.25515455
41.24118477,0.893519092,13.54566554,117.9809056,2.266059643,35.21744006
26.18370254,0.316764545,26.67090007,127.9352096,2.207796908,31.66315281
31.26360338,1.450369887,10.8897445,135.5375889,3.604305515,24.52445896
23.22898538,1.249697742,47.47477527,118.4891307,3.140793743,50.56997888
43.85127568,0.3509307,42.03456338,147.2561579,5.235532162,25.34895629
35.15436586,1.569974817,13.13360674,135.7028805,4.734321122,18.50806916
25.71607014,1.871087489,58.23687798,145.097278,3.948599686,41.97401398
36.79251711,1.941467923,11.13107786,123.1727172,7.001257005,25.80446752
35.45320601,2.272895652,39.49803232,143.1581574,5.029681958,29.02247361
28.95406795,1.082729781,48.81837309,125.1287687,2.549179953,38.24460809
22.8389398,2.387374645,49.39481565,120.1100709,3.774586124,58.3619855
36.78932989,2.177030572,11.71425678,146.4662136,7.840035597,30.44622984
33.00769252,0.81160377,55.32075663,113.688739,7.861863925,54.61253927
39.30795979,0.48227929,55.9225836,147.7155518,3.528029813,25.42854586
33.00408753,1.144934551,38.06951866,128.3406082,3.003416773,29.20071506
41.30453751,1.064556899,34.10415994,149.7050189,4.974128877,23.52979546
33.79767097,1.481726333,12.24337315,131.5837861,4.888789509,21.30087077
34.02344929,1.500126958,38.09770713,140.2995269,4.460826124,23.13414298
41.91634007,1.899968763,30.46895409,110.2828407,5.176143365,36.2757397
30.08707166,1.323735876,48.64032037,129.8666728,3.393172271,33.74007896
23.35038071,0.351574338,30.19417834,139.4981389,2.689576049,21.63073078
20.71956691,2.159899205,44.17904167,141.3130808,5.422768751,37.41066924
38.87843139,0.843435,15.07040731,116.3219433,7.595587981,41.49095722
35.50773878,2.431113905,16.64761354,126.758838,2.82649566,35.57965881
37.6019942,0.382864261,16.98550953,126.7628783,6.228888345,21.05218267
25.32410404,2.399802813,12.27627499,114.1456323,4.627380124,49.5084172
23.40928689,0.318428337,37.06644296,127.7218203,3.763859538,28.36538988
20.36361664,0.654486731,49.6983863,142.2837183,7.11865531,22.01216546
28.76468897,0.211791861,40.52056018,122.0072295,4.738950167,33.25504705
34.74794217,1.792271552,38.74774428,127.3029809,5.499872084,24.98071897
29.80610113,2.140716968,44.03119642,148.4383474,4.658337722,41.94763902
30.93687305,1.141770596,26.98226615,111.268323,2.48749749,55.7596241
42.60396736,2.32845298,28.09770358,133.6608707,5.569428121,18.26622094
28.70638668,1.516717772,25.71350491,139.7374437,4.51304585,24.18963308
32.84973723,1.612017125,45.60544664,140.4352974,2.520539636,35.88478954
39.59132532,2.129006084,18.08201678,138.637521,5.574870407,17.90482009
29.91356956,0.812320492,10.65126402,139.0580577,2.059225592,29.74519816
35.55216751,0.950237731,39.80982234,112.3605066,3.25112233,44.70380164
41.55909272,2.274284606,57.11906824,131.3654648,6.686417221,22.2524154
43.73801559,2.26231239,40.47039585,141.3187629,2.227564549,34.50336565
23.67683702,2.443558663,49.14608265,113.762602,5.880092588,54.10652718
43.16469063,2.264411959,43.63953547,110.4819969,7.698241677,38.21679771
32.30290733,0.405692886,34.87183268,142.5824733,3.027154749,21.22028953
26.45610971,2.076938287,45.91962009,138.4917755,4.502671161,36.38197766
31.47839391,1.083612347,51.20520619,126.4882567,5.452986184,30.1208436
44.50081438,2.477923254,21.23658221,147.6158573,4.702495032,25.05051705
32.31545235,1.233474314,26.80652402,140.6639238,5.722266117,18.9683594
28.21879026,1.429206598,21.18628663,148.7144377,4.424585151,25.57269053
35.83502136,1.371459797,32.60864778,147.1726104,2.891024774,33.82277707
26.00364047,0.872168872,54.25322755,129.2517441,2.534266159,36.77902287
21.8965832,0.280053013,27.26035504,140.1883591,6.466658937,16.56335346
23.22199305,2.249562953,28.72334446,136.7676556,3.431743697,45.38178145
23.20114597,2.02642195,53.01836173,142.4578084,7.084701877,38.411174
23.79756734,0.434864273,35.76871654,141.5075361,6.458163463,17.73268002
23.47067932,1.964243851,36.77244998,116.1292788,2.296719106,67.84193283
36.02186862,1.602031999,53.04006017,119.3494213,3.207266702,38.1443047
24.54700211,1.081945091,34.52633685,120.6292631,3.751955939,43.16913722
28.64168208,0.709650758,44.07787673,142.7399424,5.566893493,18.85909412
42.41971025,2.16334908,14.28223329,142.4296682,6.858962002,19.71058841
31.84904101,1.780451822,18.93158566,129.8134139,2.361999531,36.10733796
36.68894346,1.414575783,30.21881004,133.2332904,3.497653711,20.00116068
24.30799678,1.562964481,34.74195339,143.0768861,4.257258574,28.24869117
24.80722547,0.318558837,58.28668506,122.503744,3.100262928,37.99691288
21.02171541,1.237407426,58.53258165,112.0071511,5.271752585,61.06608412
24.22337658,0.564880703,52.55985437,129.3038575,4.868014876,23.33854317
26.96475848,0.60012083,25.77994176,146.5486858,3.898973852,19.60425922
24.42526211,1.687129509,58.20141454,141.6187304,5.101321322,33.65940227
22.21756334,2.287014764,44.46704323,124.6646921,4.134929386,44.77261028
23.01589678,1.069015865,29.64700639,112.5908544,4.059164405,52.28544213
31.5194692,0.598598255,45.08374585,135.4767802,3.592373152,19.87005118
25.15834296,1.656992649,10.82613649,143.3796318,5.242627606,25.21461803
29.10674653,2.190848911,17.30773411,136.5979427,4.664692367,31.38020309
32.58543177,1.895965123,51.48428558,127.0029866,3.177948705,39.28190189
37.25987072,2.185017353,42.27868184,114.9341445,2.077797565,50.72511705
20.9828035,1.38773121,28.20973506,146.4309698,2.905577244,36.8481957
39.98525997,1.904502986,35.03333201,121.038333,2.257007609,33.6723433
35.69750974,0.436154942,55.25710748,118.9714815,4.589593002,35.10685689
22.0439758,0.935859077,41.57890547,142.6390666,3.350581123,27.03417417
41.8394656,1.034917995,29.9074642,149.2487975,4.522731995,20.37769047
43.02181001,1.327109791,16.01633287,136.4064103,3.97669924,13.43119457
21.526949,2.329783265,24.68734008,134.9924196,5.228088864,35.94864787
26.9219412,2.198311745,58.91701164,122.7772348,6.343200973,38.22758083
40.15503199,0.422861181,31.86815314,110.816538,4.875883629,44.07219416
38.70649226,0.514695165,33.59197319,117.6719146,2.371808366,37.25834815
24.61302548,0.958337319,34.92990162,133.3772175,2.105062888,39.0942132
25.23373308,0.797785278,54.20520115,116.0526585,3.279386998,52.14627048
29.26180257,1.575450288,40.19641422,145.3534323,4.549805067,30.09093894
32.11307463,2.266662515,44.68385182,117.5257875,2.269430172,57.07532876
35.45636929,2.4094997,29.47067713,130.8841781,3.966402829,30.30339269
29.22284099,1.668647086,11.45438093,130.4805298,7.322154247,26.93530324
31.5633679,2.111582083,56.54864571,134.1578252,2.540114131,44.88286342
38.68677345,1.360485281,57.45638405,123.0973628,7.691099059,33.90928074
20.91708007,0.599984672,57.45765267,144.941368,7.140030653,25.05364658
26.31092361,1.359252189,57.18435433,127.7720614,6.990686936,31.59903475
37.83373965,1.432198243,50.76209705,138.0061431,7.181951065,25.97423533
42.38017094,1.881898154,44.22980251,135.4364344,2.480301592,28.14726474
32.79193605,0.627719175,52.22549591,114.6862433,2.907008564,45.7519192
33.30283713,0.983944917,40.02731195,134.9055741,2.806234559,21.84483941
22.67930028,0.973665926,16.71848069,132.0281071,2.667450865,36.08871803
31.18530917,2.40265503,29.56090825,145.9441625,3.966267317,37.50621269
33.31543166,1.165467905,58.5647456,145.2350655,6.981301298,26.54194537
26.06176259,1.912225522,27.55689068,116.0381915,3.511772862,53.30380443
26.73108077,1.901947315,53.39139569,113.2674058,3.465330074,56.37733991
29.43210408,0.737306044,14.66057354,121.7836888,6.055332545,29.92309887
20.50177994,1.472487254,26.70919212,149.4645143,2.581550613,48.23356783
28.05197914,2.246326944,27.54766624,110.8629511,4.161679954,58.95155186
25.28620017,1.240474527,12.58012716,136.9156896,3.772557841,23.37629836
28.1874338,2.368282018,15.95471651,134.3405494,7.083805185,27.12711914
22.9940533,0.61469975,19.65826056,135.8631312,5.087007666,17.05961268
42.26318202,0.277981854,51.89077954,118.7314356,5.878841385,36.44415489
34.83981134,2.239489296,13.1700995,119.0686938,2.774206029,42.52129032
36.97755798,2.134434875,24.93504507,127.2256833,7.573509563,20.39218593
39.72928097,2.482215702,10.50875013,113.8343123,3.934712925,33.50609982
32.46105497,1.730544371,44.78138727,112.9845284,6.241033027,43.22726482
22.1730072,2.348051024,41.0151545,113.5343781,7.727757079,57.66575676
33.42766355,2.08467766,42.2491131,132.9191669,5.05189317,28.66796898
34.67102795,2.126623199,28.71913924,125.9096743,5.045211552,24.37400088
38.63598685,1.465939769,20.41339106,121.7446712,2.703496541,30.28236505
30.79148866,1.017675035,46.01601066,122.6327752,4.341653339,34.14094092
23.18950757,2.342939374,50.55589364,118.2913322,7.114789633,49.48349861
27.09439764,1.137081221,16.9300749,126.4602134,2.810639043,28.56923038
29.07705741,1.393166481,34.3414714,118.1223228,7.505024783,42.3303923
36.14793103,1.170674337,22.4357841,137.9218417,6.003856486,19.88343392
34.26945762,1.455563954,18.40534306,114.9573005,4.52575901,36.50270734
28.90241815,1.22921219,46.71626567,147.9296834,5.278990511,28.7771742
44.66288122,0.215122141,36.90484677,113.5927576,2.902979646,43.83591106
35.14437048,2.216915646,20.80926662,147.7384286,3.304899759,37.89262424
25.93066979,1.166545165,25.50000056,143.3317989,3.718450562,27.32349819
22.54456182,1.513464756,58.33268357,137.2284848,4.309076709,34.52361993
23.82147848,0.434050727,52.43397824,146.4920662,7.49313197,26.36045211
26.14894321,0.108130835,53.99733714,115.5687517,4.20541415,45.87607734
24.01703433,0.688696225,33.00060485,117.052591,5.143011442,42.07375594
24.6641756,1.791006477,41.1903632,120.0861037,2.972156969,55.58689559
27.12737922,0.338066872,28.83838701,119.7924611,6.415839206,34.96761498
24.33433988,2.281329857,13.88559878,122.4339308,5.361685094,38.42964209
42.41913562,0.616054166,30.05346553,133.0252359,4.639444748,15.48755196
22.00584364,0.591024674,39.69903766,111.1269045,7.683118793,65.59857506
33.11278474,0.535619108,24.35721354,125.2909038,7.343905065,33.50070028
30.25992067,0.133556111,52.39752874,119.8554051,5.957067634,36.89091929
44.55946542,1.952333124,17.55500796,134.2651939,7.530874437,14.84560546
22.80097255,2.200082875,28.35645447,149.4067732,5.38869077,40.11322775
29.94638998,1.573990486,16.24519527,130.7061845,6.96162291,22.12217808
44.23676083,0.551679956,30.2416067,127.0274096,4.456760985,17.32855119
41.63767815,0.784667193,11.98306525,124.7297418,2.520465148,23.69878668
40.42680177,1.242224074,23.62746975,141.3979688,7.964891537,22.58427976
26.44757068,2.390430284,30.03676276,112.8792373,2.993789125,61.34321812
24.27218968,0.693643292,33.90826816,148.3908206,3.509060236,22.72327744
36.7160805,1.855950169,37.18481792,126.7167154,2.978620337,32.3863218
43.23439973,1.154675736,23.74955649,122.548029,4.024877108,20.54240978
33.91907233,0.814833636,36.15206673,148.9627247,3.735680802,22.43592913
34.29031724,1.194198249,35.45023108,147.4351545,5.606613491,20.98994389
26.99947734,0.270896122,25.80890254,135.6773656,7.978760087,23.34338159
39.23732333,2.01684969,51.51001653,110.740295,2.315054333,57.07695044
24.67609371,0.683924627,37.28205633,139.941399,6.67065868,20.9284593
28.09198091,1.840989096,26.61348594,123.422296,2.767951546,48.93571948
30.63591097,0.264036091,57.3669256,125.5312092,2.119010148,37.97844608
32.69025947,2.392236535,52.25562065,116.3496852,5.831460921,42.82419439
26.06024331,0.563235965,59.12939058,130.9383234,7.239891373,32.85726059
22.87092062,2.218580983,44.61169373,139.7821038,3.05779104,50.388458
35.26550106,2.042735703,28.91114528,120.9204447,4.049682708,30.24392785
27.21576383,2.422863818,24.04303333,147.5493163,3.012501225,49.19256789
34.53095554,1.246937586,43.16589218,117.7894742,7.439045416,41.58123536
23.85906788,1.845753505,59.04082912,112.6504936,3.622162595,63.8747529
32.02850255,0.989705577,41.33575401,135.7745549,4.668277348,21.80812391
33.31473581,0.542483771,54.08074705,143.9727493,7.368447658,28.41558755
21.29558842,1.163382239,26.45517155,148.1253144,5.317215223,26.43514385
28.41510695,0.497797637,30.34768912,140.6868404,7.597098805,22.62017833
23.36036692,2.456907095,55.31376198,117.9860005,7.558702488,51.3532011
21.58437426,0.330991579,47.8433351,149.1064474,4.769606119,19.14359289
44.74900581,1.514108136,59.07051602,146.777435,5.494295676,24.25603896
28.05884612,1.603513253,48.73821049,116.5266969,3.381885642,51.37218759
40.24686115,1.391390903,32.42578536,132.3514331,7.943214913,24.37836713
26.36601637,1.689246126,36.55340099,132.220697,3.669899962,30.24570174
37.03756806,0.37883386,55.02577462,127.7013911,6.699841928,31.41793772
39.0056965,1.432044458,37.5823368,149.3712532,3.877814361,29.71909465
34.89096852,0.789310171,22.76986871,112.3848895,3.878253573,39.49341156
31.78940471,2.356422552,31.78099064,135.0883563,2.62317756,39.86978887
30.29602285,1.928971968,35.81579944,118.2121449,5.359374865,40.98921276
28.72170666,2.434034757,14.83599168,131.0932482,3.468994029,38.15720991
43.23822861,0.190134567,47.18813371,141.1896309,2.890368547,17.82915659
40.76548519,0.78431962,15.46769667,119.8690721,3.360000167,25.66575606
44.12567277,0.569014208,30.24588567,125.7343819,3.506558942,18.13422917
23.10743059,0.12677101,50.23112208,148.030723,5.024500737,16.84134338
38.27168688,0.681581753,33.37851808,140.4592295,4.315538219,17.62181961
43.45851142,1.72906236,52.10077599,132.9089274,2.452941686,27.54151749
24.53082665,0.654613413,27.0940661,118.8798955,5.216171497,38.36109332
21.66240668,1.321608269,57.8818147,127.0122175,6.72648471,39.65945882
38.52801623,2.230763476,20.47342159,140.9624528,5.445410965,19.3852716
34.36182783,1.765019009,11.91320725,142.8217231,7.847241514,25.07400603
41.04571942,1.047109768,53.62132715,119.7842479,2.594901249,37.61253535
23.49430942,0.993925453,47.6101358,136.4824084,6.926914021,24.73169233
39.8816828,1.193765954,21.59919185,113.8001197,5.034156019,33.81790561
25.040683,0.524899459,59.23708036,110.9284923,5.129571065,61.87863273
24.09139857,1.621601842,35.11400646,131.9469569,5.114599608,28.98530628
24.10664495,0.973966766,57.55327201,118.9751942,3.951912967,47.67572746
40.36436801,2.145676838,35.25143857,113.1564812,3.947330085,35.79492868
36.62993052,1.915726384,33.59372934,139.1931325,5.79106704,24.67966959
33.07663562,1.565231594,32.45692686,129.9189835,2.268590512,32.165982
28.9707621,0.974085334,26.74376381,141.8510804,5.532716272,18.87255394
41.93001352,0.603836396,36.68507486,136.5577696,6.347544309,15.71954773
29.81112769,1.962764474,32.6277331,139.1921976,4.137957761,29.12491726
40.41498599,1.267381838,11.83734383,122.2944233,3.304141637,22.02045211
30.97837271,0.639400092,23.02176167,120.531033,3.280321476,33.06525595
29.42361074,0.568419076,20.65614001,134.0349957,2.49103792,21.3433772
31.56699464,0.496962171,53.37178012,118.0032856,2.538315915,44.93702993
27.53444685,1.965186871,39.94349886,142.6164846,3.000127209,42.82469134
38.6902345,0.649569245,48.18415502,130.9168068,2.11503743,24.40793229
32.56800975,1.363941432,57.84130189,119.0795973,3.597412445,39.51087261
25.80531738,1.183711266,42.20196363,135.0067293,3.838410975,33.33142045
42.48936433,1.491066158,59.13049957,147.8014294,7.97132752,34.57564672
29.59728053,2.205171761,25.58820258,113.2837891,7.950126426,41.71917595
33.58882153,2.182593736,19.31335912,114.3738083,3.122293081,42.92955058
42.66180277,1.182582572,30.1654944,143.7535659,3.278192949,20.29006801
35.6059499,0.136879002,33.53997075,114.383751,4.951438223,42.475237
22.92245102,1.123465134,54.76807714,111.5750148,2.892706002,65.00751716
43.49580309,1.55486449,37.99702195,123.9172232,5.024236449,23.84164231
35.69270133,1.438635422,24.60904997,128.6682354,4.396338229,26.26478297
28.37264037,1.663206654,47.13171414,132.7777775,3.947737346,31.38656052
23.48180182,0.469781758,35.29159686,130.2920093,6.935631025,28.40833645
39.85062973,1.651684237,18.10659726,146.5273825,6.9687062,24.2391551
35.5018189,0.538363885,38.84098938,140.746724,7.927336802,29.72906766
33.3365273,1.901257554,55.56972684,149.3524102,3.338528684,40.35618012
42.34731458,0.913810272,52.13113087,129.0582169,7.329664983,31.16734425
39.71493028,1.80374904,39.34049863,113.3731844,5.227075578,34.38073017
23.79187199,0.214877437,28.85415869,148.2212257,5.548756588,16.02743266
27.79305169,1.078864061,14.34893755,110.1645265,7.377759286,53.58922983
26.2122285,1.792082853,33.48244617,141.0438406,7.655784778,29.90980575
38.59865731,0.644489239,47.60397188,111.2512812,6.360867546,49.95340267
20.83831087,2.008688908,28.01368599,140.4485676,4.087054592,36.9822966
34.24724212,1.613871359,21.77234128,147.5175576,4.938007938,20.46629703
39.06146714,1.510148253,56.56898596,125.5704119,5.690323184,24.15795198
41.91914092,0.94851725,51.07778502,119.638594,6.971840234,32.40493652
28.55204372,1.257883529,41.91378097,119.0511661,5.947686232,38.38756363
40.53143262,1.533638322,16.8391672,129.6687058,4.1926857,17.21442601
22.76579342,1.233909073,17.24544202,116.8354814,4.507282708,43.29027302
41.16130729,1.775951977,15.16097957,136.9169452,2.302626212,28.55585977
23.18721656,1.140872639,40.81483334,124.7340943,7.545607163,36.76951522
29.93218226,0.585455636,15.77813982,122.9243797,2.52871408,30.12165339
39.93238414,0.613441079,52.13135994,128.4514231,5.479584744,22.25255102
23.74793568,0.113929045,59.64825009,131.7035001,7.229911287,32.48958269
25.73128488,0.822298517,28.31740924,115.6772105,4.525191497,39.51094201
38.05631421,1.897402337,32.68349235,138.3105346,6.800752925,20.53890962
38.00091341,2.005990501,45.58335885,145.317884,6.822896478,28.68966617
36.02869082,0.585922101,56.85765032,121.1194766,2.359076232,44.08675609
37.34871111,2.401705592,54.70468868,117.2156361,4.472862354,38.44499189
33.56811108,1.305766704,12.87959144,140.4202169,6.14615292,17.3632841
26.29497647,2.300748998,18.45359013,117.341669,4.534121054,45.33885987
28.64239984,1.796236676,47.72985993,111.6502064,5.271003489,47.11594409
24.53994292,1.833840215,44.4446554,134.7697288,5.566747428,28.89682879
42.71126403,0.304104691,16.6609297,119.5900567,2.90737626,29.62599658
34.58479487,0.627978705,35.1032291,116.8724164,4.471887237,36.65052971
30.02128542,0.1211556,49.04073155,149.2641097,2.17077933,25.11891102
31.55014509,1.818706337,20.93903411,121.6745993,2.897756499,39.1370116
43.68208349,0.926651892,53.56438179,146.1377316,5.07352438,20.7927939
23.83378508,1.987966039,12.64858874,117.1287506,5.441515988,42.22252988
34.6557458,0.913446928,49.10975425,142.7590853,2.87740644,23.72325132
32.64721697,2.066401006,40.79094499,130.0807549,6.533715621,25.42874746
35.28635589,0.413675809,25.75996733,113.1437908,4.237927327,39.83434565
20.4527546,0.516095576,46.04662742,139.3442117,7.523899573,24.68926347
41.80309772,0.918103695,49.11828976,145.6829349,4.32597634,22.67946067
43.30295706,1.080369733,56.69494857,116.5206796,2.898865859,36.78874533
34.12832959,0.936886746,28.38873361,139.0236097,6.547822752,20.15552483
37.4162706,1.932752878,44.3008368,127.8021008,5.406804803,23.09502219
43.06248453,0.332683342,40.13081385,140.1548181,4.320129009,14.26198907
37.68096586,0.942920847,36.26030347,138.5571179,4.135742981,15.58955992
23.81347607,2.109375999,54.52082371,111.0640092,2.904613841,71.66604207
34.407209,0.260312985,10.15836571,117.1488414,4.045007765,33.53743036
35.16787616,2.361624418,24.10558031,128.8410897,2.176064846,41.89149801
30.60326678,2.467160421,36.91386198,147.3437669,5.014411484,39.06355427
38.41110589,0.312563617,18.91466308,123.6829383,7.380342451,33.43062577
43.35917537,0.799054053,55.39332669,135.1549388,6.771984777,19.90386699
43.13921282,0.993761598,42.37975588,110.4833498,2.171127183,51.07105084
31.27098429,1.963339285,33.89414973,138.4450769,7.287561958,24.23728247
22.83095115,1.530224349,50.73508795,134.1227305,4.713948973,34.4751775
44.62102997,1.646477681,32.54430957,138.6157899,3.145348792,20.96447748
40.97245216,1.918023575,37.9326506,146.1864245,6.514471731,20.85536077
23.11656703,0.383149599,10.13754978,115.8599573,3.937241301,43.63333718
43.02104707,2.099702697,28.28502651,120.4635838,3.519910539,27.11476919
41.74740905,1.79348753,16.93952362,149.8312357,2.967910441,33.16597278
32.97095143,1.48562014,44.48443403,116.2513583,4.919731441,37.07197933
34.78188589,2.235364803,33.95134795,138.8250803,2.560363997,39.11529851
29.9750676,1.780735249,25.08787786,139.0030364,6.713678775,25.22614536
21.36904097,0.58407991,33.39161697,137.3197498,4.82404746,21.37667714
28.37993104,1.131388915,20.4814944,119.0976236,4.681858501,35.32062444
40.07133621,1.285702881,56.25433162,118.6053625,2.011123739,41.58248095
20.11580058,0.232522304,12.69863163,136.6536427,6.907183162,19.65181556
28.33747929,2.391130032,53.27085176,117.4500074,4.957022354,47.7367405
29.95421734,0.408585426,35.56793944,136.4625333,4.639367119,16.80832136
33.43489007,1.773907041,40.94732481,129.7011313,6.568309312,23.20373368
42.99639041,1.314954487,25.13028105,125.4651547,2.377391295,23.82642087
28.65864986,0.1615174,58.33488084,122.009294,4.200082737,37.70693838
28.67383005,2.319393942,24.09254793,147.9030773,5.454403745,37.70448529
38.4375312,2.144408341,39.44389986,130.3237463,4.763465376,22.09717771
31.30544852,1.358219027,59.67083526,132.4500785,3.089833339,32.66379451
25.61512057,0.649461607,54.05471982,147.9702434,3.795659046,21.77449694
31.3109879,0.391894938,36.81649126,136.1550927,3.801203346,17.95482707
23.52142551,0.972141951,59.51872615,148.3141171,7.951824817,31.76125632
24.40967466,0.713027875,45.06849309,114.2546696,3.957182713,51.26303338
32.45919432,1.316058882,20.43502081,143.8655853,3.231092375,27.73800712
30.47313624,2.419382311,30.27981052,123.4165851,6.935822919,29.14024147
42.87114753,1.479888384,26.7246667,142.419501,4.52702753,17.18255514
29.05984748,2.235834534,27.20068541,144.225465,4.663182167,36.05548091
34.51470876,1.66210921,48.02282197,120.8595154,5.293334381,31.68738506
35.8066072,1.240591664,39.21314636,126.3532247,5.574135184,22.38791923
20.32736141,2.151058151,11.90463558,139.0405742,5.543333602,33.15127929
36.5884343,1.231283464,53.87242418,113.9622252,2.206998334,53.23471128
24.45089917,2.184707609,24.83980702,140.2213414,6.913054597,31.75137155
44.02675794,0.799784247,59.85374385,114.418917,3.169116914,40.19598434
23.71656819,0.409151377,57.70953652,146.5782293,3.754052767,25.21577052
30.36560309,2.152754714,57.02653583,121.0535717,3.04057712,49.49993946
22.1337417,1.509796393,50.5563802,133.0239739,6.602459945,29.01535385
44.9218563,2.233821756,21.03066658,114.68614,5.501947956,23.31741432
32.55487526,2.350785297,36.6316372,120.7797262,6.531776917,33.56143863
34.88462543,0.228708137,21.21513134,126.1582017,5.920390433,20.87783227
21.67691193,1.302326324,22.98377278,129.4819551,2.624951807,35.27770969
38.74901176,0.999914918,40.54758847,110.0026999,3.808998655,45.07860377
25.24763983,1.602060153,12.04167727,145.5462305,5.043590958,25.90441014
42.45135724,2.004618873,58.47292834,110.3069924,3.829670189,44.23251515
25.12849101,0.773416518,55.93365863,140.9473825,3.243823426,26.10224435
24.76719302,1.436316122,29.03837861,128.8231565,7.218871814,30.78412646
20.9137417,1.800948592,35.7711224,130.955201,6.486702051,27.14282702
31.80167363,0.422634599,33.30597096,118.3306192,4.071320363,36.22534216
34.12102833,2.053760574,54.10998893,134.294734,6.590074176,25.41118744
21.64271599,1.55466304,44.43009382,131.4892764,5.765231711,35.92623195
39.38819042,2.378889849,23.90556237,116.5694563,2.022714402,40.95705429
31.33222087,0.914869406,32.34206272,119.5247601,4.281572156,33.89846156
33.10975673,0.359550262,31.44829878,112.6761452,3.742924995,42.63915334
31.01906867,1.315602882,57.96675841,112.6513429,3.30745173,52.9432298
30.01907652,0.305945852,18.76554553,110.5510314,3.509536364,48.46871005
33.99100828,2.426863656,14.47881686,118.818973,7.654189079,34.82291286
23.88100615,0.1928439,54.03094161,137.1864491,4.917902408,18.80945535
24.54820326,1.908409363,54.83429948,122.6486155,7.086252309,40.05806377
41.54464053,1.360245756,53.5869544,123.7093708,3.285302913,27.88747172
43.65288655,0.984689566,35.54884578,115.2762157,3.046422798,32.72660529
29.33273291,0.258021195,42.98722141,133.0188267,7.33273753,29.13695645
26.76861683,1.593200618,38.16815238,123.6857457,4.974228115,35.31831002
36.09998858,1.504528791,13.4723913,137.0526721,7.370912752,21.4274612
30.21835428,0.774119855,39.79174485,139.6583788,2.378173117,25.04702591
20.63465889,2.284532083,10.68070736,133.387715,7.498613133,35.32037121
23.90381493,0.829864018,26.24937048,121.0427815,4.492671898,37.28157392
37.89930572,1.179340985,56.61462879,130.344312,2.932222925,27.44110802
36.47309855,1.405029894,25.20226348,120.0772322,6.100296137,29.19030754
20.67739981,0.340556508,56.99133213,146.1165134,6.7814161,23.56556113
25.54930405,2.337188126,22.50669786,140.65543,2.284248365,49.4370597
25.77686991,0.998886766,25.72811202,129.7202362,7.923175847,29.81794943
36.79731859,0.293870113,41.42037482,148.6182857,6.182161324,20.1827196
20.49276344,1.029498817,48.08134864,131.8702179,3.92841195,32.60721249
22.60271455,1.540486113,35.0693884,123.1414191,2.907762774,49.61239652
39.99790213,1.332766412,54.10578436,113.818692,4.355188488,35.41350194
24.46361655,1.766900738,12.01202108,131.7498258,3.323393963,34.0583127
36.3186527,0.233161461,56.10974193,144.4166645,4.964919342,16.89333139
25.95456953,0.782897465,19.81538999,144.6687491,6.691356251,18.0031558
22.48603482,2.066153384,54.21193725,134.1826827,5.960782334,34.41311323
26.07930477,0.291744851,30.04315897,125.7375345,4.615609429,26.11113835
38.0566733,2.153166291,51.63785279,136.0118523,2.713663547,35.9447377
41.3924117,0.320550621,43.58327749,140.4856142,7.742941534,29.3758516
40.75549661,2.102690116,18.79708162,126.4649914,3.622223153,22.14706313
29.92958824,0.965892163,55.90237849,129.0501668,3.667007275,31.09901902
36.70212841,1.569301752,22.27586952,137.2246523,5.873013331,22.02299813
25.12460739,0.466929078,22.20700593,145.0661042,6.623057733,18.0957669
27.32869326,0.258804932,50.70894483,141.6404151,7.904916592,30.22490807
42.40839546,0.61825169,15.29366278,110.8956548,7.814985564,53.56841094
20.32504809,0.406849163,21.10179532,114.9748938,7.482563145,54.90975617
22.13771327,0.849774154,35.18387867,144.1111272,4.611881404,23.51433044
25.19715638,1.334519792,51.52385143,143.3529131,3.000017959,34.75447307
20.6633051,1.513022713,17.37419874,125.5522713,5.50682722,33.34027984
24.53588588,1.995683458,37.38341173,133.3711169,2.103539033,51.84085006
34.57603902,1.674975744,45.56202959,146.2337993,3.177493034,35.69946917
30.53561376,1.56101998,53.02976124,146.4623472,2.015176381,43.32417737
42.31679278,1.088276866,56.77827801,141.3237138,3.083215475,25.81747021
40.43608904,1.237140244,49.23199572,118.3835575,4.84854274,30.40781702
28.54543379,1.094849991,42.64141991,139.2113123,4.359945867,25.13425941
26.48558584,2.121198472,31.68100427,114.0439373,4.21577939,52.01635554
29.4923102,0.652001086,15.60550771,145.7575384,6.985717184,19.66389319
34.75737356,0.113730236,45.48685963,115.9659521,6.049977828,44.55156923
26.70159102,1.663167753,59.63686522,136.4939456,7.618590577,34.00785877
35.6037227,0.585909241,46.83802974,134.409731,4.672046544,22.83868188
30.2352913,2.236276327,10.83555469,141.0759862,3.633378053,29.41765041
33.80117952,2.161711191,34.8129989,132.0631001,2.736107228,37.83638302
30.90316323,0.284145693,40.73233162,112.382663,6.032164374,51.017921
27.36164399,0.355332173,44.48371006,138.2338502,7.050446531,22.76177381
43.71133267,1.288411821,45.98629178,125.3261824,3.102436186,19.58367625
39.09014485,1.562134391,37.90542206,122.8114,7.272516467,28.55017077
23.50282939,0.75978001,21.16801664,149.666942,5.15765721,19.98774324
41.7116994,1.82031452,57.11003307,133.6159906,2.864483793,26.33025543
32.18577996,1.52779845,44.83332338,138.4287629,5.857179949,23.43183911
42.36380567,0.879577863,21.84200184,131.0530455,5.120316449,13.76723903
39.9963814,0.160891571,26.11609161,140.7989058,2.169101284,14.03621053
30.63033761,1.900360675,56.09638353,140.0829094,4.395459228,32.29788104
20.56173271,0.615408798,54.37425934,136.2858446,6.708727958,26.95306012
26.71693398,2.102736984,30.25732192,149.9097225,5.332542521,36.65729912
33.54085537,1.108696624,11.9153611,128.3917414,3.692246758,22.04069261
35.8369555,1.484985862,12.42486844,138.2476939,7.57185058,20.74595731
26.44719214,2.195076953,24.19591455,141.9111185,3.426674228,42.77202129
23.48390185,2.172695202,41.45611097,125.0413884,3.516416042,48.12343648
40.87325592,0.991646981,39.20973177,128.2870011,4.127836078,21.40468036
44.61005452,0.601333343,41.69138935,148.7666907,7.367227168,28.4451114
33.14225456,1.960350587,45.8641486,111.2916407,5.045752373,50.33711741
24.29198215,1.139392489,10.95161268,123.4118262,6.093074355,28.50807669
26.80768316,0.560900785,15.25427976,129.4485185,7.857585035,26.9868537
20.45976691,2.270620822,27.97417259,110.0585997,6.699777781,59.85037943
42.85747016,0.575450066,17.74299988,145.965084,3.035600712,14.65081683
22.94377707,0.161937204,13.76600213,121.449776,6.730123574,31.5886716
34.41291189,0.148671937,42.0482198,120.3081933,6.490022895,38.86469362
26.85138052,1.593556855,50.76682387,142.8130478,3.395701967,30.15432136
33.85445006,1.688020146,47.63133287,121.1193291,3.952098985,33.5060926
36.28550971,0.846500092,50.85198893,136.3049038,6.260769439,18.61582599
40.74354509,0.868026374,43.2928272,142.8601258,3.430358564,20.10655453
25.16053179,0.914785396,46.76726609,141.6990739,3.249121214,23.78047563
20.27489572,1.732380512,23.58893871,141.2780295,6.220836633,30.47372845
23.42214075,0.239521098,59.65040181,113.5455028,7.283572957,60.5858457
42.50046605,2.329879246,19.15828272,113.1938787,2.450100096,36.36681536
41.84725194,0.634050506,20.72469372,122.2708014,4.675446412,22.57291916
34.93532755,2.499215693,24.44609159,111.4379152,5.643051322,39.92473894
35.01292151,0.511654465,58.76662151,130.0171895,6.057660715,27.26940111
36.62591686,1.951711498,59.41442947,125.7912827,7.977175474,28.82723576
24.38428197,0.636190108,49.74468749,132.2810365,6.096151762,21.96321627
42.86029865,0.294032324,41.45287993,121.9515415,5.720924678,32.3295041
30.46926312,2.199839978,36.00312876,129.4301601,7.938404914,28.9384349
29.57846321,2.161003022,58.53104228,123.3897906,2.364008842,52.09487478
32.97294263,1.068568942,44.78114014,117.8083237,2.446621377,46.51071887
21.17414917,1.785750742,57.23650642,135.9746672,5.364095159,33.1688738
24.15708422,1.436958238,25.82753997,136.9374361,4.151987686,27.2984439
38.45084041,2.147094673,26.68873961,143.1692677,2.580185082,36.83888527
22.0699667,0.856134326,52.73622971,144.9900713,3.838693377,24.93741969
35.07880274,1.35681376,17.49274603,138.1784762,6.046126924,15.87365785
26.13372774,1.264893691,57.29639306,137.4999235,7.283689782,27.24480575
29.73239035,0.949373983,35.37371773,112.2670266,2.56594686,54.17456163
27.21734342,2.239492155,56.32069393,114.3911697,5.240870375,52.759041
28.89181791,0.498107019,26.83963944,142.5025084,3.776693389,19.80794487
37.97614763,0.458820735,45.79794521,119.3180505,6.00395698,35.44708156
27.42804289,1.484582885,34.1437561,124.2226024,5.296708967,32.27065159
34.16011601,1.677986152,41.34018151,115.8118941,7.560266036,41.47168729
31.90126005,0.56708621,35.21862466,117.8060787,2.226103322,42.87182494
36.59177913,1.037721861,58.35578087,141.0166894,4.82022365,21.99103083
43.42074348,2.371753223,44.60526989,120.4743848,3.156557332,27.18775857
38.31430243,0.691881814,22.56594843,127.9613987,5.220690252,16.44056066
25.37350946,1.704065685,55.4838461,116.0668549,7.121476064,48.14583405
20.77957838,1.876358545,24.70148691,137.1171963,7.467899167,29.31424112
26.55660111,1.175508879,28.58025497,139.1307894,4.389389979,20.41377589
34.87694827,2.350062368,15.1061849,124.4676927,6.87068314,21.78175818
21.28564534,1.867976165,54.99832599,141.3898658,3.683048448,45.90052561
32.40915618,1.199018992,24.30560116,119.5962661,2.037829678,46.49201962
34.92107122,1.466404484,22.9458809,137.6761545,7.131434345,20.62084166
28.35609727,1.762272264,56.0131299,139.1985833,2.716473454,42.70183004
39.27280509,1.521256433,50.27634312,148.7462951,2.10566674,37.72353009
22.66495633,2.208874201,17.05394608,119.2928666,4.12278598,43.79423994
21.87844454,0.956532789,48.4662252,113.7484192,4.276279938,52.64434074
38.20471891,0.819725776,55.6516549,120.5214169,2.463321025,37.10285313
32.38728291,0.613213335,13.92556091,114.9144879,6.885095879,42.17113159
37.21005991,0.190679123,51.26074975,116.7877723,4.433556381,39.0085548
30.87068347,0.203233515,37.37100259,123.3645805,4.939541683,28.09812095
26.16005083,2.188132463,43.45987247,126.5596299,3.587751608,42.69333583
40.47755794,1.728143551,34.64271695,146.148969,5.069040514,23.3681843
39.98539697,1.685277797,44.89015425,117.8246309,6.600388344,27.75979485
37.36741177,1.575142765,11.70489308,148.870359,7.437096293,27.4144541
26.80362843,2.138125947,48.13533616,142.4061284,7.823177604,34.52577018
34.75576667,1.252640622,11.66718489,145.2588556,4.560343548,22.45745282
29.02434742,2.188985989,32.76499239,147.1777596,7.940203153,35.6581298
22.28955183,0.962668063,17.54824966,140.1296479,3.76973427,22.26959563
42.93283939,2.32409801,51.17871387,141.5511933,2.041855612,38.28881544
23.42046577,1.776776752,25.68304546,127.5127319,6.605702263,30.39169811
43.75593385,0.717225126,32.70467723,130.4180094,3.070613891,19.62154839
31.15014432,1.453803812,31.43753706,147.2994171,2.314729029,37.63633356
24.62832322,1.379273348,48.62509828,125.1302365,7.544053536,39.03629932
33.54752368,0.430957172,34.05721799,111.6778829,6.750864983,52.925139
41.8236459,1.518982974,49.44791675,140.5101754,2.615988809,27.56999779
38.30562216,0.855485497,13.67541384,132.9263005,6.661460914,17.93855528
40.1640287,0.22563704,19.5796984,142.5950385,7.063998185,22.85215178
36.46958417,2.376774778,37.57671248,113.0220507,7.431809991,39.22058874
37.30691411,1.639576886,57.35441624,134.8492796,5.262164405,23.1956169
41.22989129,2.204605436,13.73789234,119.9082355,6.220472423,20.32961673
26.24170022,1.722534412,12.15421081,146.1307438,6.573435674,24.09993743
32.23562409,0.956760861,17.82753375,114.3963976,6.131833611,44.53597199
25.53023605,1.330451374,42.05765644,143.7227709,5.881001722,27.09491246
44.6917002,1.721792225,29.94964583,113.5421701,5.285355517,29.30810419
43.60148349,2.40460558,51.27761897,111.0038942,4.875172725,33.75145157
20.98567028,0.708806702,13.59665757,119.4023772,7.976750117,38.66890294
37.63937931,2.199944941,19.82070434,123.3217816,4.025364683,25.32425696
43.13120794,2.317786733,25.00132027,135.0611509,2.529612623,27.65149133
24.51438363,1.708997235,41.33650433,115.2689839,6.59022179,45.66260259
34.19863076,2.335039906,44.25863452,127.4931973,3.282946267,35.03010619
42.88720744,1.05490861,16.2101647,118.1705441,5.196160158,23.78829019
20.84864946,2.387238822,57.19023545,144.2121329,2.5748091,65.6069654
37.43550668,1.786678905,27.05220676,111.7986603,5.715703165,39.8563657
27.43372518,0.200813842,45.65843815,124.2375091,7.664044423,39.3170493
43.10990488,2.276494796,36.21038595,135.2549632,6.336228276,15.57868227
44.27645613,1.262734742,21.13790568,146.5235271,3.287208669,19.38321254
43.60666223,1.204784763,52.31141616,144.7197369,7.826828272,29.70558014
31.85535542,1.459519854,50.91190141,145.80768,3.842521586,31.02577381
41.55106627,0.458522912,29.8035927,112.5141317,4.619689919,41.28786675
41.11373496,1.225998517,39.43037928,143.6369305,4.988702122,17.80406476
27.97751183,2.09470532,22.8912848,141.1965031,7.94431246,31.51448103
40.72288685,0.137157902,44.49258144,146.097266,2.413348404,21.13260467
20.92519087,0.755001185,25.45134063,122.4630507,6.180369767,33.19298193
34.90674696,0.105891007,52.20393672,146.4706043,4.171585254,14.15232535
25.75022093,1.097707142,20.86925521,126.1056434,2.469951915,35.79012269
23.01417214,1.847957225,10.74017114,135.3639874,7.610189946,31.18485823
21.92383004,2.01705239,23.4254021,126.9671596,5.539149915,31.7633592
37.4072194,2.368455427,19.55262432,127.1059372,6.521108046,22.38173377
28.49687409,1.560411071,35.41432199,131.8654808,3.442312613,28.31180389
38.11916929,0.71110448,20.18516458,124.2370684,6.569245536,23.36031243
21.63390852,2.317955078,48.15949354,141.7094798,6.97085264,38.46691751
27.88225845,1.960757809,22.0685319,135.3455494,4.584976383,31.79752074
33.48728231,1.478628359,45.348409,137.5902305,5.431738836,22.39623352
39.76807912,1.769536518,38.92354615,119.241392,7.83123521,31.63611962
27.96881257,2.318359252,59.31249282,148.7830115,7.08037785,40.11357807
35.64728441,1.809745668,59.99504885,136.4070439,4.669100366,27.22760471
42.14944371,0.984098818,53.47630417,117.8878346,5.987443153,31.95183275
35.3965797,1.811267685,47.99916846,140.0196097,6.705388861,24.38520861
25.82398687,0.196667591,29.3228207,116.9485641,2.145972923,47.55936368
20.61001954,1.027397348,47.66383636,112.5353959,5.53019592,57.35684204
41.75247185,1.075175276,57.83377685,131.1021358,7.90717168,31.3899206
20.53173527,0.500411763,11.16887877,132.1409582,7.683083899,23.34037525
41.86754182,0.155405153,36.89573501,117.558623,6.994642369,41.53435679
33.22342835,0.420114968,20.89991522,123.9351578,2.637284559,27.71339526
43.47669246,1.67109159,37.89381579,147.8307718,7.964248715,30.72994985
39.96958089,2.025493159,33.32235449,121.4001293,5.657228919,24.63661802
44.94835276,2.471688383,38.78842908,116.2227224,3.337449497,30.05170734
28.76779539,0.931272407,37.54811107,149.7024783,6.045612138,19.88869602
39.17970722,1.538510133,58.00535196,122.0922215,7.139141372,32.34252459
30.04827284,2.34914792,37.60930545,137.2101469,2.673966565,42.24595616
31.99689051,0.500900275,52.31160441,119.2624073,7.49862886,42.88739949
35.68763658,1.822349407,25.99101434,132.0048479,7.521225689,23.17006161
41.84192785,1.91194896,31.90503444,125.4512795,2.080786437,31.95091045
44.60208673,0.313541286,33.5206738,148.4631704,7.40191473,30.204065
39.20683535,2.166998524,23.93640217,127.312235,7.680907509,20.33764568
30.44416955,2.051452113,28.98951307,133.3669674,2.226150782,40.63612722
30.53392506,0.180167216,39.92565397,147.7906506,3.764997941,16.5356651
38.43955754,0.318602596,39.00938817,149.569372,4.238645041,20.39226535
25.96942864,0.217904545,41.82176723,114.0663346,4.093342832,50.0182471
22.76185283,0.903384476,27.59089577,143.3728285,6.554019424,21.72663987
28.86555394,1.322293578,25.79157476,125.2846598,4.148626755,32.13848932
27.18097479,1.377634547,40.58089414,133.7931482,7.739472859,31.68745733
27.40770301,0.742400223,16.64308742,125.0019232,7.969955752,35.04418064
25.84019378,2.287832528,22.65157718,126.0446482,3.900913224,37.9861916
21.05232974,0.983830696,12.10638685,116.3543014,5.052804519,44.15589408
20.44684837,0.209320374,13.63054263,132.9106583,5.346235042,16.37519038
44.69305974,0.820545068,22.16916396,131.8686378,5.47641698,13.0884554
30.69432834,1.374662614,10.97646401,117.5742315,4.245253965,33.497025
29.60816618,1.079732374,22.2705296,131.6692172,2.995961012,26.51056562
36.99118207,0.757222046,42.74881615,148.9240753,2.32736325,27.14940113
25.4563472,0.415175799,13.05535392,138.5763438,2.638091994,20.43430866
43.7490296,2.0659948,31.83683389,129.2393024,7.407747426,17.75555361
39.65862536,2.490748581,55.65543935,146.6433594,3.68225004,39.19534102
22.23527506,0.89090112,49.56424145,133.0125743,2.460937899,38.2260169
30.43951939,1.015890506,25.27187511,115.4019199,5.741178197,38.63782106
41.97795769,1.583290059,56.24027396,131.9003859,2.451842908,27.40785209
43.61830056,1.824259539,26.48232484,117.2389246,2.420317638,29.52606981
31.68503778,1.040870884,13.62577482,140.7001935,5.729423035,17.67428799
35.33528473,2.271830841,59.70279784,148.6869686,5.548371465,36.68796943
24.17584865,1.444009574,53.50112636,124.4327434,2.248863722,51.00366426
44.77921565,1.180936183,33.29663917,127.3967152,4.762867007,18.68155792
25.79179253,1.652014608,43.31882621,126.8598587,4.614609847,31.64829386
43.56829435,2.386729236,43.56140389,121.411999,5.280134778,20.64011927
36.24116622,2.006925507,19.72411154,141.7671986,6.427068263,19.22790411
35.19341987,0.196031513,20.00243166,134.7091333,3.696800285,15.73364442
32.81721278,0.897543786,33.47903517,112.5620623,4.596681702,40.13200566
25.76674529,1.229307244,55.57865701,143.5522534,6.756456106,29.89614247
24.4132008,0.854842173,10.49968874,117.4835292,7.535338343,43.58977131
25.51215523,1.780450146,49.1252818,149.1660465,7.347937838,35.22115687
24.66095655,2.08304596,12.87633919,125.0665256,4.865785713,34.56838061
39.48961184,1.855228228,33.91110574,134.6579859,5.125194782,16.42691711
28.75313148,2.474399888,41.89364165,113.1129448,5.174632653,49.74732629
21.44606691,0.754114355,44.33796335,123.786531,7.212293418,39.28034141
44.22756575,2.199974788,12.92396318,142.0941583,7.039637042,15.17928436
42.09464712,1.939894396,30.93018087,129.0883397,3.869195171,17.05321092
43.19380708,0.969229018,39.19186303,146.1841393,2.977098137,24.54126845
44.87269557,1.861898905,13.30227687,133.0055376,4.273847369,16.10668526
24.34738123,0.349782295,16.75472783,147.1428878,3.730438299,16.72395934
29.90605047,1.994400358,43.18244948,149.3043963,7.704684349,38.47407219
38.95596189,1.377593446,36.08190983,128.1557824,3.595494077,22.21955167
37.40051545,0.801496415,18.09143306,132.6062629,3.08724009,18.82705318
23.84739766,1.673865524,36.76196685,143.3968257,7.396874375,31.78972785
40.39582812,1.639887997,55.63461867,118.8613202,2.518871626,38.72711435
25.6110143,0.602766935,10.77937924,144.465183,3.561596309,20.1186931
25.59544037,0.172953796,42.13168867,133.6768056,4.634667164,19.80535834
33.42436057,1.140694209,13.68252173,139.0200054,5.570644269,16.32470769
34.82349837,1.466828486,10.32247215,113.1941609,3.966037378,38.38743402
34.5021552,2.203852668,17.53272443,140.6475073,4.977403982,23.88167402
22.28717093,2.32772031,31.14533159,122.4314762,3.192987119,57.25144989
41.93652157,1.369132524,50.11719995,142.2092911,5.445644721,20.18630603
26.64000106,1.909128361,24.08927483,130.3661015,4.44690085,31.26071547
23.23787303,1.154327854,41.28366062,120.9845734,7.095558124,40.44601807
42.218702,1.890597176,30.5578319,148.1103879,4.4944048,24.45619422
43.89128746,0.59152366,21.7165896,140.6024959,4.662892507,9.555556743
41.55319043,0.990555364,35.71235571,149.427443,5.553049936,24.85284749
40.23790187,1.622147197,49.87322452,124.5787959,2.739020024,33.53006481
36.38104952,0.143579117,51.6246185,135.9687853,2.94077106,22.78436325
33.77143427,1.833907145,52.32597659,134.4635471,6.741426483,23.54878146
22.174669,2.105285203,26.92789063,137.5022696,3.640512675,44.35967733
30.21133033,1.057939987,49.67280324,111.5326626,6.108181574,54.98023248
29.31721293,1.175061801,20.60892276,121.668773,2.58456182,41.22980326
26.49384459,2.143077309,46.92125506,146.373503,6.931079962,39.91339042
38.08550284,1.961571125,57.41922131,126.9528022,7.929368666,31.12305176
32.39689338,0.791558774,10.68719173,148.4257472,4.242145671,15.7242787
22.0261554,0.877542656,32.01819656,118.5401269,5.033180611,41.81712085
25.50458005,1.729307758,42.38854942,149.8969589,4.656271879,34.94575617
37.08146909,1.451675422,45.08878852,137.9032364,7.365126492,23.12646532
21.90327149,0.489350971,18.80438791,141.055737,2.059604226,27.22729596
41.28017285,0.843831782,58.60916376,125.8744469,5.920755927,25.96439005
32.37866318,2.259959865,40.7632684,146.2803249,5.914209637,33.47852286
32.01466443,1.751618648,18.21703006,131.818516,4.29431005,20.08577449
34.81019462,2.466338362,11.02612559,137.2375352,3.316001853,31.29054565
40.61702415,1.940830072,49.16320994,113.7923309,3.438096088,40.59172942
28.6952302,2.360738637,13.98523697,135.267228,6.802784727,27.6483184
36.95040381,0.618852577,17.05254605,145.1631595,2.396618578,21.89764435
34.1432991,1.9515637,38.74150134,117.1313291,5.382944878,35.12541084
26.67570675,0.148522048,40.17527517,139.5090374,3.841043618,15.99213194
41.96574966,1.709824052,44.34435593,111.0160304,3.591486875,42.06113521
39.93565054,1.226277467,29.67570063,147.0481207,5.034425993,19.25388175
36.46129587,0.932224173,48.69493345,149.3166846,7.387169038,31.70213923
41.26454323,2.169770446,58.71792998,124.1672027,5.708551514,24.27503727
41.68235502,2.150242462,23.55474715,114.282954,6.731663767,27.69256705
37.70907442,0.153524092,45.15143083,136.3430547,5.604102676,16.93240071
40.92533321,1.562812294,56.42343262,111.1933806,6.186294679,43.62511283
37.43678654,0.982797338,44.31433813,129.2994513,4.594445893,22.34082687
37.00351929,1.097586404,44.05547493,120.871167,7.555889811,39.70184931
35.46528446,2.096897774,21.18862845,128.9335622,5.011634123,22.77534621
38.81791599,0.843615452,36.75651002,110.7310206,5.310648015,45.80294405
23.96512763,2.363317146,38.12614218,112.0644873,5.14979302,53.51607159
42.02176898,0.531121183,45.00647812,110.6390332,3.897134121,46.86994377
41.79608819,1.690533816,59.84107249,134.7652748,3.387430614,24.22941125
20.73118208,1.713052161,11.68219113,132.4037167,2.443009785,46.12181367
40.64541876,0.705268387,13.26163306,119.3263199,6.309049892,28.81305911
23.22174669,0.879401462,13.89750347,135.8657252,3.735651579,24.23742875
28.37797136,2.103516382,47.14895672,145.3682903,4.335187779,42.57601944
38.58770641,1.928332612,16.81768976,121.092884,7.519568976,23.66758184
24.0189974,0.889830113,41.12259372,143.2797523,5.398684096,24.00006049
40.4491756,1.381495713,26.23344389,136.5003654,2.582468383,24.33293861
40.80335445,0.248032711,32.86599781,111.3528177,6.797671477,56.11104848
32.68669334,0.600990118,20.78315799,125.0059958,3.536783595,26.65971719
20.15964679,1.265969341,53.30532807,130.3102886,5.316235056,34.26884646
27.17595333,0.306336965,39.30751621,139.2679676,5.059888849,18.40154198
35.42317296,2.123997652,57.22816318,121.4852223,3.428473054,40.62404595
44.52965445,1.823214904,38.72981249,149.3092042,2.694626209,36.38854165
35.79533818,2.36472081,16.19540153,137.3815896,3.267569639,28.88661953
26.49508953,1.764320574,18.54352169,124.9125471,2.584026797,42.63244457
35.85014258,2.356963293,59.45369882,113.8810016,3.653768114,50.35541784
33.49963449,1.430830134,46.27825987,117.2547104,7.983785064,39.00279392
39.49613488,1.540524667,12.4639375,129.5043104,4.412553591,15.8309368
22.67451597,2.444730531,45.18905025,129.7878142,7.183330348,38.76959515
39.02569756,1.641109952,30.60865234,140.7087506,5.295066153,18.15866685
33.53166447,0.173887765,25.36041934,139.047065,5.999498476,18.72761111
44.0748001,1.837126664,17.70303969,118.0509215,2.938087819,28.38035696
28.54680415,2.273124861,51.99519773,133.7982648,3.648835205,39.68708252
35.81554733,2.0093926,13.19206895,110.824872,5.062660538,37.3752477
43.30070264,1.501199854,24.49177312,125.941896,7.286860605,21.2969779
22.5627432,1.711128431,25.31914469,140.5642096,2.257328215,47.76198502
43.43071218,2.476460294,18.0452642,125.9803437,5.041519757,14.96916666
37.19714306,0.317589012,35.40924416,143.4238496,2.306073275,20.10795941
21.69592648,1.701387589,10.58513134,149.0462116,4.740936059,31.42438056
27.52408917,0.780154467,25.04877577,134.2885041,5.773208956,19.91747418
37.70430222,1.636216952,56.6814722,115.8001631,6.468339149,37.57650945
21.68376504,1.558296582,25.52647847,125.1870883,2.831192032,44.15952587
34.5542615,0.468296397,28.02296936,110.3793342,2.999451701,53.99229821
28.64707642,0.59619195,33.65825241,134.109037,4.82038953,22.53345268
35.52288794,1.591910987,38.08466874,142.86274,7.988218748,28.6372519
21.14355085,0.407751874,50.43543224,135.1976032,4.136281014,23.9937548
41.78842015,0.7364341,19.51606116,141.4434492,4.565164564,10.62120237
44.33722423,2.104589315,53.58731886,141.9961571,4.594680457,24.2658498
44.22194638,0.885019614,47.87746786,144.040503,2.484204928,24.54660526
38.74129579,1.271344375,46.13251673,120.6665513,6.645032872,29.66831257
23.252156,2.358736804,14.34022869,144.8507409,3.518609147,44.97780272
38.9565799,0.645157813,11.0820345,136.1637599,6.222002341,18.11677791
20.61467291,1.035102442,39.70063505,121.5890223,4.850539273,40.02861733
20.55308879,1.555498661,53.15669813,149.4917886,5.670678453,34.4632448
28.09025548,1.912813431,39.22207321,148.0072957,2.323829819,51.30416521
32.21607976,2.263968128,20.66174327,132.9776393,7.339794106,24.87138687
39.26018545,2.29713517,14.5259949,143.7283351,3.463140617,28.75689684
37.08238442,1.963936178,44.97982264,120.4597795,6.020572325,30.41891778
31.14756766,0.647994008,46.08851387,126.6414799,6.788114672,24.41044206
26.84066666,0.159542392,18.62658503,117.3588704,5.240232304,33.85474489
44.9281125,1.021057433,11.40951577,130.8041057,4.024004132,14.71299876
30.65453256,0.439717242,30.41417566,129.8400572,7.867420247,30.16694999
31.28467561,1.804930354,39.13593511,118.512529,3.67063828,40.42238495
24.09059553,1.686713408,45.30012048,136.9120677,7.691974023,29.42497039
39.87023872,0.20553194,50.49725046,114.7116118,2.937344802,44.24133313
37.34205564,2.10782507,40.52687137,112.467658,4.335332789,40.99432937
25.51924032,0.696983839,15.54403043,125.3961987,2.830973505,34.87570229
22.05952614,1.137344981,44.12908361,126.3929911,2.013442838,49.11875651
37.01248255,1.703040965,59.20883214,122.7896243,3.561551242,32.99042514
36.36278036,1.130605088,55.27922923,120.3178655,2.523262406,40.73691897
26.83148817,1.159090727,53.58344546,123.5510538,7.918073139,42.34030643
43.77158906,0.257507189,25.10850767,116.535023,6.569919908,40.5561023
23.77644729,1.063464518,47.53940882,126.1380988,2.022228778,47.854114
30.80837003,1.935634944,52.5551723,146.1841349,3.341879509,41.18152735
43.590398,2.296423209,43.91631023,118.9770752,6.020745448,21.11259568
30.49318292,1.092393129,22.52808783,137.3780442,4.391312679,17.15655326
35.96314869,1.116605985,57.69169859,115.6713804,6.991055378,40.59211537
29.93985995,1.786305055,32.54097057,124.156265,5.02916467,31.2876199
26.85538006,2.362652803,16.49027793,122.8469912,5.921908518,34.50378626
44.5994412,0.740946257,15.48889475,147.4811758,5.582224386,18.16129726
30.23335016,1.156346096,42.37594936,127.1192822,5.829013404,27.84694008
42.35248009,2.010335785,31.88548232,137.6186378,3.380593123,24.63298595
25.74886515,1.563264566,14.72419376,134.0985124,4.239736635,26.13456896
25.3276176,0.365407226,47.01822861,115.641203,2.303775517,55.48419603
20.77835207,1.606558565,49.96625836,147.581618,5.525819088,33.18588802
36.29167063,0.548191083,46.27078154,123.8347717,4.755550772,26.95784118
29.21315859,1.324518242,20.11304388,111.7903342,6.564296894,42.80390382
41.60895625,1.369847842,44.4887728,122.0177483,3.238294788,28.32749471
31.83024767,2.202888069,10.53614014,123.425349,4.620872696,31.22273965
44.2048357,1.209986258,25.25560698,113.7098131,3.084472598,34.7053942
24.63813789,0.770661813,29.94107657,134.7990963,5.683875351,22.00540595
41.7155792,0.654319236,51.76234744,123.8705682,7.088181539,32.76192652
39.41492132,2.198204504,29.51971865,135.1653843,6.592659491,17.58530696
39.27304612,0.510426051,10.56347231,110.2696225,7.665187836,53.23215947
41.1195807,1.122084546,27.61732059,149.281936,7.830354691,31.79801674
39.02559977,0.549215476,34.94620492,116.8206543,6.632203205,40.06032874
35.65550804,1.955929696,57.45023933,136.3732395,3.720836512,29.14628452
23.28112194,1.238494336,57.05171519,138.6313721,3.315568263,32.04654313
20.81315449,0.942744857,19.04370191,116.864334,4.685294207,43.86947208
43.0211962,0.966639138,19.25732709,114.4684913,7.963302167,40.8163735
35.41625786,2.145314096,18.16907282,116.1030877,4.476008125,33.21840319
39.91343227,1.42905749,49.44609662,119.8727302,3.194410463,30.33112155
32.03805879,1.822882843,10.30110202,116.7292847,7.666057267,37.78219376
22.93270472,2.252892439,16.35885991,136.9599771,4.315507866,36.90002245
23.12964481,2.264180022,36.89798158,126.8333281,6.145393323,37.17421458
37.13913218,0.88842173,22.37810334,131.5116638,6.728917872,18.05035928
30.75764737,2.385883032,14.61782291,111.8934716,7.058935412,41.35108534
25.01311817,0.159702117,27.99390062,144.4499585,6.927682323,18.43955418
32.28986367,1.004405346,23.71038025,116.8228621,7.017481178,37.24953233
21.60522343,2.249917258,35.55521533,124.4060933,6.005920565,39.99346518
34.54928505,0.759128512,58.96167969,112.8760656,4.422986416,50.07603812
26.72483511,0.755395481,16.21523184,115.4717254,6.003721124,37.36509465
39.93897752,0.826293484,28.63633524,136.6319764,7.020406004,20.39141196
27.75904897,1.569552124,56.59925089,137.7034801,4.103854788,30.08894376
31.38050373,1.151998661,53.84365217,137.0786194,3.779047942,28.71474379
20.2905135,1.844163607,29.71355174,132.0854715,4.062243303,38.21306853
21.81117219,2.247785542,44.94766323,148.1008666,5.307700376,42.23458297
29.81233891,1.7180785,14.39285068,130.2870864,2.314663249,36.59677919
31.99847087,0.590720128,45.62705278,127.9764812,6.673824914,28.37450018
35.0005137,2.338436566,58.64288647,119.9018226,2.833111751,51.8660087
27.29156447,0.734782896,36.87440764,113.9539812,2.797031941,48.60247709
37.37454715,0.459746309,34.92451135,131.9261972,3.185954836,17.42986922
41.50305993,0.315921469,19.36593099,122.5956075,5.46156461,26.97133949
39.49627472,1.452120978,41.68940995,130.9610153,3.713410255,18.87928574
20.99047063,0.37302991,39.52186404,118.2447631,4.208541974,42.77056834
32.01267368,0.433062122,42.59665297,143.5269069,7.589894666,24.91909365
22.62325446,0.820073153,11.30416433,149.9878884,7.08321308,21.16132141
26.0511254,0.775967223,37.43617442,122.8961404,7.113143199,35.20432615
44.66656483,1.550174825,39.74674217,143.6931043,5.465851,17.86748033
23.56238857,2.060188671,20.37650677,144.9194455,7.198796884,34.74366872
32.47220384,1.927239175,20.41664287,149.8429516,6.671394952,32.70958687
35.45389336,0.729962691,23.81090843,123.7088052,7.719420817,33.45523429
37.56162426,0.688745195,45.58607959,140.2416557,2.38621043,23.51135961
33.99121709,2.417899672,40.31330318,119.1523601,2.172362802,52.32020038
20.24427119,0.11976698,52.28813231,134.9918401,3.050179644,26.49163102
28.16153271,2.211329279,24.78292859,138.1937028,7.574508923,31.12197526
32.94279108,0.579348446,55.60340299,139.6448277,5.633390636,21.09474674
22.19666248,2.373482375,47.1853081,118.2868867,4.556675106,56.81653307
28.76567328,0.921537484,29.7505835,143.9490228,5.076266369,18.19615503
20.83007772,1.156844257,14.76310328,126.8388744,6.977627529,32.031801
21.96446243,1.797089473,22.84918312,118.6547807,7.574659975,44.82780182
29.92308191,1.510405724,57.83841086,131.7012435,6.378193006,26.8028071
23.31789385,0.863054391,25.51816879,144.5342852,6.559086998,21.50845494
34.18852121,1.429194198,26.49504801,148.6835164,3.922268265,27.59178265
37.23662423,1.853696522,19.47944655,139.9283129,4.802211172,19.16127092
40.01466748,0.20160387,50.34253006,110.2249155,7.311261161,61.08136069
25.00375611,0.126878333,23.78221151,115.3880304,6.71560466,43.82027069
24.18706456,1.199360654,26.51291242,113.0509595,6.105625511,47.33477918
22.61419601,0.416407883,30.71740542,114.0485497,2.391481015,56.07787517
35.91075624,1.6944263,31.68641399,125.3213982,2.237043317,35.26865463
37.66189316,0.613725895,30.56703952,123.5397326,2.782465659,26.67484299
20.78965362,1.138842656,35.18718477,114.5473993,5.488346595,52.048501
43.40530616,0.574410248,50.72564398,145.2894141,5.218321084,19.07376701
21.29928209,1.416360606,50.96425204,134.6171031,7.656144959,37.57817756
33.53240838,0.378528303,49.91565669,141.8585324,6.16855784,20.60896892
37.72651299,0.155456447,15.05624196,124.8619756,3.763835704,23.46147959
41.77422809,0.222715931,49.98394016,126.4094407,2.968977763,24.98008279
37.8521733,2.39022026,16.01258867,122.7048484,7.097199436,20.52676951
40.04320208,0.441486925,16.2361885,127.5370645,4.757744622,17.74106612
28.48625481,1.800347808,57.39313858,134.4150905,5.920816984,32.02273172
40.37062784,0.26302289,50.96989224,129.7193603,5.39086164,22.11907468
22.00287116,0.359584845,37.62052334,143.5166802,2.644738077,24.69734182
42.3704164,1.321303003,53.74851022,146.0055667,2.342350302,31.63216938
33.6898094,1.215690232,59.46823213,128.7873541,4.262109138,27.29174091
40.43244425,2.383792743,40.53210333,119.5899192,4.169301785,28.44761946
31.30795711,2.367605087,40.64492185,147.8076968,6.042788678,33.91951749
36.08944238,1.971060742,47.72135146,139.4015457,5.793202455,24.07643828
33.16006652,1.545044392,21.60694762,135.6050834,7.813645571,25.38188717
38.28973804,1.191904762,18.35624308,139.8165493,7.148597017,19.6375456
22.04074955,0.954828482,47.9790375,113.0392713,4.979495155,54.47449424
21.5088021,2.373010113,27.24523975,112.7050531,5.000152115,59.21546901
26.17758085,1.546981147,16.75351782,116.1248261,6.044775375,40.33999143
23.988617,1.489774066,25.7438863,115.8980387,2.684543497,55.92445608
41.79458916,0.656562692,27.93184339,126.826819,7.999343388,32.9378811
25.48034968,0.212074763,58.26138298,116.2961633,5.112848607,46.59317681
44.3966314,2.368452591,44.89798555,144.1810258,7.459429243,25.17952186
28.42239479,0.852964621,36.54281587,133.1238772,7.804138008,29.27048414
24.55294789,1.162213656,58.44365693,124.7304759,5.489856439,35.14303857
39.74246268,0.375135865,55.15698702,112.7849015,2.620091885,48.52465484
36.46769439,2.108618392,35.60004283,133.6411118,5.440074851,21.91865414
32.45489291,0.166316399,55.28398177,114.6613128,5.585854623,47.60907387
33.88408877,2.101577829,30.2152329,139.72881,6.735158821,22.00975975
37.98004446,0.436684031,21.52103327,142.1103239,2.289375602,19.39694592
25.71136853,2.22775387,21.63390884,131.7590503,4.797892203,36.43730089
44.9083479,1.85145433,43.11577622,115.9841144,7.53662155,28.68701506
44.36982905,0.49520863,35.05351604,141.4745089,7.947794472,27.78962486
36.25814216,1.457963183,42.94754235,122.3131116,3.148296073,38.94348545
24.98856127,0.850375154,44.30379821,118.9061257,7.223593956,41.79221822
37.00570606,0.527759437,11.11614364,128.8222656,2.87750337,22.30391856
21.80496022,2.162037279,12.70197962,146.9058497,7.047046607,34.50387777
20.76631256,1.06845464,36.63388633,121.8949317,3.663666365,42.53900229
26.44207221,1.056504914,19.55177389,146.22314,7.757751596,25.71285095
31.56557392,0.50772802,41.62668844,112.1461323,6.172980505,51.25429193
41.70681264,1.019357623,37.60928696,113.3409482,4.394663608,33.4873521
38.17922674,2.191880431,39.28801792,137.942441,3.685839979,28.08815092
38.56766303,0.971508905,25.12276899,117.6237065,3.411425165,31.74213272
30.63733336,2.38384855,41.99217531,122.6648273,6.084753962,29.518433
28.64837481,2.371141358,51.47463182,115.4549192,7.374746015,47.74356634
29.27596907,0.447756782,59.90356268,123.2899308,6.529651818,31.63539127
44.69123909,0.525547008,51.92221931,121.2183998,7.008749228,39.74085958
21.00272979,2.170417769,37.87493798,139.4535056,6.688302606,36.79936456
41.6757874,1.042626205,19.67147958,138.0809355,7.874885999,19.91019052
34.46688521,0.110497557,44.07229381,148.1970871,6.546829561,24.56340448
30.96538548,0.757292367,56.88268928,138.9768674,3.261371111,23.6823825
38.13144151,1.534309584,20.59332699,137.7927101,6.749590793,16.42456672
32.16672354,2.018238318,22.79978103,137.7681556,3.932416166,24.36359007
41.83558095,0.420132681,17.45042717,145.3186982,7.974799176,25.49706382
42.5175466,0.365299275,46.83608218,121.8494693,4.260035721,26.2189456
30.54302317,2.313022369,30.32807517,122.0036844,3.756762535,41.2192442
26.92069493,1.902756083,13.13478194,139.6485524,3.435295913,35.53731026
34.80875821,1.515471042,53.74749957,119.1482055,5.951087912,31.50334584
42.80908364,1.946048296,37.88359524,146.4808002,2.65532653,33.56704479
25.26655473,1.129250467,26.5547146,131.391269,7.72135929,24.77467517
35.57416459,1.920293794,27.1991488,122.0049971,3.765876072,31.15082395
35.7890055,0.992327179,24.51256101,141.0439972,3.772403666,22.3845933
38.32782556,0.685826974,32.77400862,122.4928252,2.276396574,28.62617735
23.28919213,1.849632211,26.85208442,148.5311327,3.476105107,40.46308292
37.89562412,1.107213501,37.3973152,149.3195684,4.513876134,24.71880781
42.72581302,2.45530505,48.67586261,136.6718497,4.217638341,25.2200301
24.49207772,0.938764438,43.72306417,114.5453556,3.638119529,50.08248937
25.93858312,2.312145809,24.72284464,120.528354,2.244463027,61.42821812
44.28487735,2.339110117,36.43705058,130.6166785,3.803488242,18.12568914
24.52442382,0.680447073,52.006308,144.057898,6.66998563,27.30977318
41.35962733,2.015730836,13.41031174,117.3954599,4.632753712,24.592366
32.30694641,1.139378812,13.91486335,114.1761384,3.744652086,43.27227612
26.18077686,2.302059345,37.8085034,112.9790993,3.828752805,58.42777939
41.76874753,1.180298254,41.95575642,130.2787025,5.326625459,19.26991578
31.13263138,1.886328922,20.57065079,145.3880388,3.813756066,32.74962471
32.87043385,1.220721782,47.26100633,111.6943697,5.784783919,49.53480396
28.98083423,0.646721814,42.31316885,118.4928614,7.936727082,46.58909338
34.82377129,0.578440309,56.16446341,137.7302806,2.247058387,25.08982946
24.08809681,1.121034866,18.44771009,143.0345374,3.012420534,28.40241875
29.77703842,1.913187177,47.56871327,142.2959812,3.074645272,38.21814354
44.23530806,1.552171564,14.18215453,141.4027223,4.682421908,12.27268482
26.45333582,1.752710296,38.26462048,115.191992,2.248512272,64.79627484
36.41841661,0.777583242,37.59475697,125.8895033,4.865129466,24.42641973
28.12975161,1.25544483,29.41925223,149.3897865,7.573548548,30.94487918
39.33682814,0.206548636,52.22855738,149.5555029,2.069384532,27.70622641
23.27184152,2.062077798,10.21853224,134.0970957,4.189633203,35.14706347
44.24552613,2.475741189,36.00897009,138.3706882,6.565362633,21.45693821
31.34473853,1.07650975,20.85767749,148.0513519,2.926967002,22.98701132
25.90126158,0.126312768,47.17493096,127.9971144,2.465354015,29.40402084
21.83741868,0.507502335,12.15337132,115.4746743,5.784671224,41.45160151
24.24394763,1.666064507,51.57773441,136.757955,2.059705454,45.92918033
32.99434871,1.568990364,51.90461134,148.4040922,6.810622947,31.15068491
28.42507941,1.990875327,51.64330062,137.8882438,2.401116521,46.63064239
40.72208415,0.709321626,17.62842634,142.1328451,5.146125557,17.0459851
30.77218809,1.932716597,41.52032593,126.9099522,6.440766261,30.43035811
26.21785681,1.751161652,10.71836796,113.8585262,3.452065932,49.84218111
35.42862467,0.874754795,52.39812956,116.7552835,2.621240972,45.3369625
37.66943042,1.409171555,46.14875968,149.3061932,3.053736599,28.79143539
24.1760477,0.45345714,36.55768654,129.7273727,7.128101432,28.35076504
24.19048041,1.186154808,46.52957165,110.4808236,6.23468175,57.59107812
20.91678567,2.214873615,14.71620483,148.2146912,3.188588295,49.66460683
38.41005038,1.110859312,36.43279161,129.9111965,6.296724783,20.11913051
36.59511319,2.114960096,24.56382459,143.4507359,6.251709021,21.9387795
31.86577189,1.516608077,58.63097316,131.9383257,7.986350589,30.30575541
41.10426122,0.560504111,52.85589753,114.0680913,4.349336141,42.04331912
40.14175382,1.494654987,46.66378479,134.6227833,7.189120965,24.49952518
34.63385911,1.31435999,56.68738176,149.8960111,4.678656116,30.58023239
41.70678201,1.056739204,27.34216523,111.3895113,7.386561342,43.89255837
25.14603025,0.387113055,55.04399495,143.6717679,2.549602995,25.14209077
22.79799048,1.100100793,26.26191161,119.4192318,3.051875781,45.26691239
26.74374029,0.274629703,46.63983598,125.7546489,7.099726178,33.30025528
21.4271714,0.337045723,46.82084559,124.9083805,6.915801945,33.25758899
33.2792382,1.098199679,10.91749382,145.9518878,3.832602751,21.78615303
43.41514231,0.832915557,28.05298491,130.1794476,5.580789909,15.76294055
20.98358852,2.321306382,10.97163362,127.8869715,4.296198333,43.14539389
23.05274785,1.001693933,59.85460088,142.7210044,2.061904096,37.72655258
31.30497571,1.918859493,16.10983809,111.9562854,2.156624759,57.13076714
43.34687544,1.372594063,37.14054478,113.4582526,2.325538193,43.10295024
27.90390262,1.789805605,49.52781194,110.8675543,5.564432926,54.82297978
32.68087022,0.724278359,20.06318011,137.5193162,3.675366412,14.60343706
21.03932148,2.360571935,34.2526334,131.0246455,2.86368979,55.35192484
23.70858002,1.372212393,40.37143805,145.040885,7.646786651,31.53673822
44.66575307,2.095177771,18.01023772,129.9413161,2.727912002,19.92327627
44.12796741,0.976109664,48.927773,118.8727829,6.043890299,30.76177653
20.12349952,0.340507238,24.96682286,142.2058949,7.364961097,17.07341647
43.79529464,1.716907955,20.55115382,121.7729542,2.982978003,22.27408052
35.97799845,0.118623156,37.91443732,147.4275913,3.288378093,18.26826761
41.69795736,1.240703144,30.51568138,120.0169555,5.442881201,24.52419544
31.36849639,0.562724566,56.01429723,116.7088261,5.050692118,41.93058239
32.88990071,1.605701211,54.00313491,129.7329597,5.126164501,26.24877926
32.22116451,2.450607696,34.16753317,112.0206047,5.328068564,45.03736967
36.67160644,1.214566975,27.96318874,111.4564691,7.699417496,49.02265838
23.49128137,2.061995816,26.27589908,129.8405818,2.323028252,52.59480886
20.74933975,1.318682049,23.37818115,118.6042752,6.562691124,41.87917597
27.69824854,1.290016075,37.22739269,110.3741055,3.395038534,57.6477694
37.61701907,2.333016384,50.24893024,121.8422765,4.242066021,30.26761058
25.0463363,2.235918085,25.53783041,129.0946942,2.535746738,47.63485991
36.83581083,1.985921116,19.50470448,125.7715481,4.673760615,21.19831782
44.24780115,0.811013808,33.77419031,115.4187786,6.825315514,35.97602966
22.34751789,1.408020198,13.45172084,133.1869931,2.592442031,40.27591002
36.81505296,0.63735336,45.06395031,138.4133196,3.653621589,16.78299492
31.09375548,1.165400075,35.91791332,137.0215665,4.238370252,24.07546628
41.70355636,1.262111358,34.8187404,125.7504769,2.623395219,25.6485229
24.42874474,2.095936096,25.02226898,115.503846,6.57390086,44.55130468
37.31564881,2.250468077,55.23367188,129.9794709,6.721682169,25.60831684
40.95288224,1.09508815,14.52431459,145.6172702,7.015369987,17.12424636
43.61535549,0.142490668,53.49120044,128.748914,5.503377229,22.43192564
37.08120071,2.168257215,28.83526012,117.827242,5.043432925,27.05408647
32.4293691,0.518268828,54.0311758,113.7221321,3.575314673,47.72177703
35.44618101,1.592516713,46.43807292,147.7570655,5.930947804,25.51519956
41.72262461,0.159930161,15.20853633,139.7203764,4.667380914,13.8299189
34.26524367,1.058815541,51.57681433,122.5186789,7.824658436,36.42859252
20.75967649,2.466304725,44.10884168,121.8140962,7.809076982,41.94532345
43.27371739,0.341664643,11.61509565,145.8087395,7.431230791,22.43403779
37.23816878,1.116863565,16.68513411,117.1027294,4.160534828,32.39909568
36.91283464,0.83715988,41.78140279,131.4014916,4.207834732,23.3356811
25.39187881,2.272211496,43.13002514,138.540171,7.116038984,33.3960457
36.47213676,2.186416259,47.33257164,125.8556141,6.37480959,24.37034087
29.84661014,0.670477025,46.01227004,111.5960937,6.226165819,52.45365845
36.28082443,0.294850689,42.97599773,119.1103525,3.677666067,35.44287381
22.66482576,1.605132146,48.31194509,146.0723255,7.000091669,31.0132961
36.44613262,0.907284909,38.75428529,130.9247587,5.476523434,19.29173047
44.98534314,1.713002537,23.03956928,142.6176499,4.681193445,15.75457759
21.20530097,0.177087415,55.61883069,132.2274217,7.192532745,29.00937463
44.42935461,0.420158164,10.91070155,147.7440838,4.365258583,12.95231914
30.17269902,1.747293359,28.32808599,146.365363,5.923554871,25.19028885
41.76883626,0.609689573,46.44351465,129.3155217,4.795431092,20.43825902
39.5596371,2.158210422,31.35780206,122.730961,5.556426837,21.73879968
34.17540652,0.240618131,11.24172037,134.0667515,2.24327883,18.76819373
38.46123023,0.617156759,13.29904516,136.9955073,4.766690979,9.952434865
41.96288903,2.496544596,42.43186846,129.9342037,5.338947845,20.19534923
30.10350804,1.139382646,58.24322997,142.8913288,4.956316008,23.23355145
28.17582904,1.787117593,37.59318179,117.3331409,7.084462235,44.13851193
36.68983464,0.538391317,35.3378909,123.3764732,3.866743849,24.13939632
40.19614855,1.563684964,25.91626065,137.4550543,7.304459186,21.23267515
39.05712837,1.842654564,22.83453369,119.8673546,4.420771819,21.75534433
39.94534122,0.854743926,11.04924909,127.5937898,6.167160394,13.18118172
30.88958287,2.089353069,23.64774338,148.5493419,2.520336368,45.36376758
40.4458554,1.548202188,32.45552204,135.0350389,3.200924501,17.14211679
23.00522638,1.033895223,19.89748915,147.9622894,6.566996067,24.60361955
33.61222745,1.438341744,14.36739942,138.8976561,2.073972113,30.7728257
20.14396651,1.484226034,45.88639336,138.9866708,7.811166435,35.9559812
28.11464575,0.497284702,54.73101345,133.6742869,3.143773406,25.90145544
29.16153837,1.066557688,56.83860348,115.6883438,7.407823917,49.29099332
29.90431729,0.924233411,40.89993642,130.7885716,5.095670169,22.53570934
37.38668017,1.062166534,12.63872913,120.106648,5.387452201,23.17696396
29.71395253,1.926665412,47.0431315,149.9469022,2.504790728,49.2648734
31.21734057,1.258092178,15.50476526,120.6784776,4.191312525,28.23647105
25.93860327,2.356758768,43.48740588,119.2274337,2.937313165,57.95832539
29.33129479,0.804823392,48.96829179,134.9553262,5.155588966,21.2548739
25.68174068,1.097688588,46.29323554,130.4379525,5.304392874,26.95847653
21.82989809,1.988696345,57.59419029,110.8541165,6.258001698,66.73731341
35.08621483,1.410459024,46.90731422,115.1813272,7.269668948,41.11614281
36.70531996,1.412867551,44.6604889,142.4417177,4.809078898,22.59956427
35.48725865,0.228016391,23.08715861,129.3476782,3.40016222,19.22534617
31.5873511,1.056639191,56.23843432,115.8406086,4.001429969,46.62153863
29.4946445,0.749760958,18.97719354,128.6097025,7.082538878,25.4181258
41.58334124,2.498404295,55.24483057,120.1259633,2.87518091,36.10522913
32.97704463,0.84005217,25.63312717,118.9436584,5.76353647,36.85779029
31.97954694,2.222791684,16.50817969,148.3090111,2.078515303,48.48277427
20.64105165,1.722960964,51.33415136,124.4809811,3.474015971,48.70600142
28.53119569,0.918199382,10.12477268,111.8572442,5.548450985,46.9728918
29.50489047,1.404482508,51.60441588,148.8130669,4.73847224,29.14614626
29.97056952,2.117286112,23.1155921,141.793583,4.961296941,30.14154003
34.50430923,2.220083915,54.23606364,120.1765323,5.963372303,31.87023367
33.34006367,0.4849453,44.57395911,126.3556734,3.407516147,29.26966734
35.19762732,0.914975539,43.30916664,144.491583,3.684829642,24.0650986
39.12208154,0.904535633,28.26597816,124.2965408,6.106749245,23.1775168
40.32464347,0.200907511,12.97014869,132.6961617,5.229748445,11.98427506
37.95307691,1.535770624,51.50365491,131.3942748,2.087520946,33.45849353
43.8880924,2.151568127,18.54518976,126.0517819,6.021966772,13.55322046
20.45581457,1.015778531,28.61293209,135.5800761,5.720552245,25.26045457
24.89444964,1.876086268,40.01773428,128.9316295,2.471645443,48.69135592
20.18907187,1.606480993,34.11268693,110.8492197,6.485116969,59.62676077
36.18686785,1.001556965,19.93303176,142.5753243,5.132608754,16.38241006
42.45076372,0.438543519,17.03081784,114.5262313,3.228483704,37.30451319
26.08705741,1.802377247,16.16231361,128.5635972,5.356138209,27.22193369
43.17586362,2.150956405,53.15039407,133.1960316,5.572751085,18.91247103
21.50668476,1.746050782,11.57797745,138.2202422,7.520712375,28.05245843
43.36090067,0.142908362,58.85071298,126.4318614,6.452866553,30.16972466
28.79056718,0.618958947,19.92643452,139.4219395,3.811546127,19.00982295
22.53552071,0.266751964,15.51611484,115.2540034,2.708797805,51.00398567
32.14679398,1.468926639,38.84858274,136.1378219,7.119104432,26.76067135
26.41941419,1.915546429,13.9992979,143.0535571,7.076406127,25.70233494
27.12182255,0.365390049,40.12266316,145.5777589,3.051860088,21.80603753
27.68224912,2.112010769,52.53133224,133.1826598,2.372787111,51.39044914
40.07564745,1.433221548,12.39490107,122.5158079,6.271187899,23.40922922
33.47903192,1.755925629,49.99343023,116.5342605,6.335490985,34.95596009
27.78269248,2.431364437,29.72387205,123.8223501,3.062862522,47.70577587
35.25834458,0.300834372,17.97453169,131.5989749,6.009271157,17.44934813
37.90376686,2.262937655,18.80482401,117.853209,3.673542468,35.39694393
26.81560002,0.40264647,55.93822718,148.1005962,3.563702168,18.68095422
30.33872754,1.043101136,15.5302876,145.8854172,3.947107605,18.58502483
23.04715233,2.143452871,53.33913936,111.3182878,5.122378199,63.47166074
24.52873374,2.275010168,37.21223105,132.4784719,6.82672354,32.25356059
37.02794635,1.315292017,11.95280894,141.5723516,4.991862505,12.82780393
24.53595869,1.525851132,33.22380729,119.8156784,3.788256174,46.97428895
33.12908459,1.799553603,50.87247572,130.9558493,7.303845792,25.00515091
37.72615654,2.098620804,46.31013938,126.2396753,2.330539745,40.29816397
22.67192308,0.391626807,34.43912088,117.8618506,6.782548903,40.686574
34.18280549,2.04416634,53.00249398,134.5894954,6.706290548,23.24288018
26.41406959,1.255062761,16.01823809,149.747687,3.521280861,30.02055845
44.07317188,1.18149622,55.49705267,124.6114904,3.189771095,23.99117303
32.08864117,1.117359405,52.32206042,132.0951603,7.248203369,28.19691001
40.14981374,1.322107805,45.41384128,123.1141873,5.353227761,27.87133603
33.75566355,2.368121328,50.89438711,145.0779447,2.276068146,50.86356598
21.08531332,1.415689055,37.19077534,144.584108,7.344995099,33.6176691
35.82878439,2.387626092,43.75812145,117.1509355,4.094035906,38.67692813
43.78508356,0.532696313,38.02990354,145.997955,4.052939323,18.89862682
35.0402955,1.837926349,27.77142653,116.0603484,5.859727623,28.44901258
40.47972149,2.049374893,38.44303987,113.8175984,5.967865657,33.01074892
42.10516158,1.729909195,22.87326663,136.1173846,4.119896725,17.23223291
25.7019943,1.556613473,32.01395854,125.4361642,2.859673567,41.09625591
25.301121,1.455550675,24.03877036,131.2296237,5.31361858,29.438951
35.27452472,2.166233158,16.14438947,136.1028313,5.751074988,18.80060706
30.27571175,2.071951833,26.09309282,112.1134895,7.16133419,41.59315311
40.99653257,0.393492931,52.59936091,121.7181268,4.906639924,31.11061577
42.50057808,2.136610377,29.05403853,128.4362525,5.874176477,12.80887656
28.83553448,1.093764687,47.40018245,120.6634964,2.326452967,46.57889575
25.92176397,0.708872392,18.75989271,111.9588554,7.367137401,56.04256412
39.51313788,2.187444563,31.22095796,113.4670629,3.963294879,37.0316974
26.87015089,1.136859519,15.74280347,142.0699148,5.793326746,18.58942293
40.56535796,2.040075256,16.93105317,146.4554704,7.496309788,24.20026648
30.59345634,0.732168669,40.87181899,116.0893321,6.863154706,46.59225341
36.68874748,0.109430371,40.37409087,119.9704783,5.826223145,32.48706987
22.38838285,1.289102063,20.66859537,136.0899762,6.221646968,25.03204902
35.59648312,0.340547816,33.72115971,148.170871,7.525430696,30.78114379
31.29419197,1.910502293,53.16530835,121.9835884,6.872559081,35.61940684
34.66521158,0.762580327,18.71007543,144.208545,5.659154363,15.20654187
24.20035519,1.164749552,10.96052665,130.2409858,5.952216237,22.49342322
38.42184362,0.308880556,42.59975703,148.2623456,2.883610545,19.80100549
41.56992694,0.787982196,12.6749104,115.4503465,4.821006079,28.8868038
25.418495,1.975576584,58.99701193,148.9468959,3.805985886,46.73546622
22.39286389,0.463810989,40.48101419,127.6391451,4.591823807,28.93875933
20.59096465,1.653182947,33.51981764,148.1175356,5.973481241,36.41310533
36.04928751,2.301822047,31.499627,128.3476087,2.894906562,30.50680155
35.1773509,1.731608223,38.65353293,131.2032854,2.104255782,31.76236902
33.66743532,2.046452054,14.53122184,142.1910004,4.381546419,28.78470778
25.7986774,0.36153191,56.50095294,138.90514,3.933105887,21.43309732
29.7726499,0.701756382,41.28210343,134.7841328,4.522592358,20.66782755
34.86190838,2.246893245,19.19892488,126.6792009,7.587325522,25.23599123
32.41917147,1.816253473,38.12905269,141.6975347,6.242504607,24.73341684
44.69463801,1.634929183,16.66282529,147.9291333,3.964752648,24.79636393
23.41099381,1.693040167,10.87763588,110.3924359,3.075672933,64.16160976
37.37861385,1.09408133,41.52584926,133.5138039,5.710869766,18.23761474
30.1079692,0.206935916,42.42416709,144.6392372,5.945457509,17.06728129
30.70499037,1.982659701,39.18482914,136.1245015,4.901736103,27.34785175
37.93994414,1.728911767,19.17416022,142.0331703,3.276564648,22.96908619
37.31090378,1.234730714,40.17149292,145.8024442,2.171331565,35.42745687
44.78139984,2.259423077,12.82554705,140.0380406,3.593964185,19.37664963
23.20985724,0.906783196,40.46191778,138.6806961,4.743022996,20.77168711
22.60274123,0.806372186,37.70085096,148.5898357,6.727605719,25.41720866
38.10847043,2.19471118,42.76274154,144.5473863,7.122522973,30.79031166
34.45967293,2.012770371,54.77378029,142.6151148,4.477607358,33.00883968
26.85401666,1.335951546,52.51790526,113.4561344,6.776744328,49.26734333
21.98548422,0.413763375,59.03270958,119.5611953,7.960116941,48.33555519
22.14145624,0.616171532,58.81205165,132.270241,6.299662249,30.45844848
42.35477187,1.674947177,48.61598467,138.3824042,6.37159419,16.4067976
24.79668312,1.024098971,57.82098111,122.1285957,7.457219009,42.32862995
28.08428905,2.10753566,53.36419429,113.7331245,4.028864771,52.92474203
25.66641006,2.379892022,46.37912249,122.4439675,2.067232358,65.7177899
28.87490765,2.033528621,13.76921273,140.8411672,7.92186363,25.77364907
21.73559607,1.006109015,12.45249441,145.0960412,4.942808466,18.86336128
32.97649477,1.99284743,51.87997838,146.5161459,6.714065559,33.29389767
21.69031409,0.943460016,34.48279289,125.1546672,6.874946826,34.99925135
40.0089127,0.501040211,50.73033422,124.901543,4.385100062,27.89839335
25.84280205,0.180143692,25.64591353,126.2682988,5.24763828,25.41159108
33.50029787,1.025720111,29.88249292,125.0323788,5.239493156,25.05981832
42.00197719,2.268542329,45.00933605,136.6478643,3.321296056,28.92215814
36.27193423,0.673567811,55.76633685,124.3329305,2.705833603,30.13020034
33.32394466,0.595631596,14.38807372,110.8137575,5.26143383,44.05345643
28.10834383,2.427569885,53.07390723,127.560984,2.720859361,48.95617717
28.32504783,0.160009871,49.65063624,118.9660826,4.076532343,33.65994305
36.73717388,1.985877161,25.77696354,111.1522855,3.11649999,48.54854652
44.85348403,0.871287894,27.76083071,128.8337181,6.24149665,20.95657483
36.54597975,0.189971096,12.32307386,118.2381824,7.232053121,40.60164821
33.94458543,2.302726097,10.78703056,128.1096726,5.467487659,22.67135154
38.26626276,0.435141593,33.85030632,121.1099995,4.460934843,28.24575317
31.63014031,1.424270281,14.77698227,134.1483548,7.979855845,24.68289676
21.50355857,0.757730098,19.70009072,149.6350955,2.127254811,36.140809
34.0574204,0.256462725,52.33835998,131.8892768,3.826046505,24.68784036
43.94063211,0.219813966,38.55141956,135.8758367,3.672038916,14.24872779
24.38257356,0.377336077,41.68162186,146.7710303,4.137221588,21.14909488
37.25012227,0.271280833,19.37396654,124.9600167,3.383574447,25.23399752
25.02334222,1.925339477,51.43309022,116.661938,3.585577013,56.02695092
33.39569211,1.265358885,53.39898862,121.3118913,3.54606266,37.10432787
22.41691124,0.922941019,36.16637969,126.1117976,5.034464305,31.38894795
31.25927341,1.104085384,55.62788859,135.8007073,4.346331662,21.57342201
38.90408322,2.329472165,52.24143125,110.1835212,5.835680612,37.09232846
28.68928811,2.285804351,46.56620883,144.1353286,5.086406959,38.14686885
36.62279311,1.817623552,46.70379578,113.0437589,3.100531114,44.85792398
39.88624902,2.223237706,15.2696737,146.026206,6.860269874,20.65517358
43.17944549,0.867155266,23.54180188,147.9773808,4.83317119,12.99586722
25.86605205,1.014662382,13.34236099,149.6041118,2.919389107,27.88164472
29.9828979,1.572909236,10.43406046,142.3804074,3.001279058,30.05335219
23.81040033,1.596702274,17.91547657,115.674221,6.781810463,44.60936891
44.81208755,1.256079611,54.02435913,138.2466817,6.217959105,20.90690932
43.1750242,1.061578836,21.99370295,118.1328516,5.039167715,24.35380293
33.49892826,2.466832748,58.50769813,145.8851134,3.836489059,43.5859621
41.05083236,2.070696703,39.86454998,122.664237,4.763132221,24.59380698
33.02394943,1.143952475,21.86292438,123.0718391,5.818901223,26.68849895
35.5896422,1.845501945,34.85654017,146.7061318,7.275693905,27.45807726
22.2281108,0.746948064,20.95474114,110.5292428,5.335207206,55.31282017
38.88176051,0.340406383,59.19867791,117.7586461,3.660411769,34.12278958
23.19283709,0.945834461,52.3632492,126.8772907,2.256439488,44.02411362
40.65169076,1.06713472,11.31193944,138.0288627,3.052730336,14.90491817
39.55070219,0.139689099,57.38880157,135.9026466,5.901065724,24.68025764
37.71861744,2.055500804,46.05325537,136.776475,2.962621801,29.9213189
20.90400951,0.962064166,14.1190626,145.2008811,4.889237319,20.83834113
27.5782089,1.493003598,43.53188732,114.8412165,6.193730093,44.30549566
26.57781425,0.277511649,42.3463349,130.8864678,3.849349408,22.06547666
29.00341019,0.519992389,20.93943729,139.0191076,6.014635339,16.69265978
22.19106867,2.235264941,47.922335,135.4447377,5.48643237,37.14014445
43.42394558,1.560850067,14.35323517,127.9325648,4.633634642,17.31100926
33.84505602,2.38068172,34.47225906,110.6845834,7.383472873,39.98287354
27.63810777,2.497000083,10.49616036,112.4180906,6.152353343,45.64832231
29.92453793,0.992464277,58.43687444,114.7576531,4.163582199,47.32246946
31.18006351,0.817127354,47.57818159,123.7291101,6.825587201,32.81565948
35.01485833,2.160054532,17.94260381,114.7061381,6.428613285,33.67802914
32.89198569,2.496667425,27.083702,127.0432925,6.750103793,27.99057948
42.98479933,1.611138962,18.02811889,117.1456796,5.845735898,24.1555753
32.42408707,2.008337734,48.33087321,141.1666479,4.276223695,33.43884411
44.80395037,1.976190061,12.94481627,144.8595047,4.091471094,19.13979193
41.28562394,0.9528153,52.02033278,125.5859003,5.924908165,22.2858099
25.21276286,1.478248913,57.10981694,130.4532706,2.785400048,42.03895967
43.26488037,2.099336659,43.83139714,148.1398497,6.919486103,30.47050617
22.90915995,1.751473303,20.6482725,131.4203102,4.222012304,32.10066333
40.43624271,0.150793154,28.00450479,149.8029286,5.782231936,16.61314918
29.51558234,0.908093605,33.86199374,115.6852397,4.99438349,42.04978971
41.94935801,0.446741672,40.23123861,144.4890568,5.115958952,17.56599744
41.70141725,0.659133309,43.43315449,129.8881201,6.428036877,20.97008858
40.148135,2.273174746,37.71073577,110.9085644,5.760020322,34.97601866
39.75076091,0.188543893,27.56569604,148.8889177,3.50185393,15.84655647
27.61697848,0.627521709,54.54586403,148.601916,2.445355589,31.00958619
22.02298208,0.842966445,14.0696029,125.3308336,7.041404404,31.37159754
30.07450447,1.580521773,33.31280271,148.1656828,7.309364449,29.38639444
24.33811287,1.381844056,48.77824192,115.6403857,2.986979198,58.12947287
37.37377722,0.623846759,13.04363326,137.2044056,3.856862402,12.12572194
28.65249316,0.494178561,45.26676084,117.6771595,3.694054292,45.01440911
44.39025502,0.668315283,50.98558114,119.8658895,7.624691364,42.93970501
36.02430193,1.306071104,43.04156493,141.1734975,3.228664292,23.8782993
40.56201409,0.750826686,10.64684461,125.0943234,2.999235393,18.56273813
23.31311682,2.374246004,19.00685136,110.2851001,3.091031298,71.57665802
41.55036206,1.213276531,27.10565394,126.569537,6.379215057,20.1411924
43.06892976,0.24111044,21.68450178,119.1227728,7.328119065,40.02502785
32.17654797,1.850239374,58.13260701,137.3331965,4.360204464,28.78737924
35.15632344,0.889228692,42.57969571,117.7779479,2.816479426,40.11896708
39.12024502,1.668373437,24.84854787,143.6901411,5.514331984,18.60003402
24.37096568,0.771026489,56.48487493,120.6837205,3.25960975,44.81474923
32.56415191,1.46978498,47.02970997,125.7211303,2.384908684,36.88208114
29.96657569,1.953166012,24.23036059,121.9214744,7.31738827,31.90888204
23.6593498,2.32722098,28.94407847,135.7569339,7.225047658,30.64113256
29.18836056,0.726705147,19.97144292,114.0465416,7.855460962,49.14094767
21.70430773,0.903656682,58.55369991,129.1239749,4.844028529,31.58144562
20.64529767,1.214239409,35.86482479,123.3781926,3.764007189,42.18983878
23.37915723,2.325219611,54.80283437,145.3655185,6.618702473,42.39511354
44.07787779,2.263328456,27.32498855,112.9364837,3.082969593,36.03677341
33.7382384,0.315707872,53.04208015,143.1878026,3.459752461,16.58173999
44.14555403,0.416631582,12.69434242,116.7072191,3.534095757,32.10944189
30.81244696,1.289222026,59.10451588,113.5431064,7.709716459,50.95409309
27.79540333,0.355886255,55.60171835,118.0929143,6.378937513,42.52288569
32.65354657,0.929394096,28.16014724,114.1061193,2.802168755,47.28280975
30.98779222,0.456124908,48.73610827,130.8393579,2.557075269,27.59973308
22.64161711,1.626496852,47.61289632,149.5285981,7.056889122,36.73192009
36.02065787,2.378789036,55.06273986,111.3730941,6.813645938,43.59752374
25.40095456,2.492161049,25.36274906,128.445134,6.025967468,32.23156153
35.48969887,1.000578718,33.27600027,125.4428132,3.176603914,27.22386406
36.25502731,1.537630329,53.24998063,123.5842566,4.881701233,27.90142791
23.80062133,2.155042368,48.92897271,123.2745444,5.616355673,43.05646807
21.53374068,0.381908975,29.67333594,145.8005103,7.592825161,21.6721468
39.51903965,1.754954587,52.28626165,110.759046,3.016542441,47.5407525
31.49501059,1.081224788,12.34770196,140.9966555,5.092680843,14.14512134
21.45409489,0.594750785,49.10231515,120.1173272,2.946509833,44.76763447
44.87165793,1.066608685,20.33829297,125.3318204,4.663096043,13.29517672
21.44451402,0.282304689,24.30604539,126.8059965,3.200809848,27.67892372
37.37588072,1.768977157,34.66074218,122.1892702,7.01711725,30.12343445
44.59197313,0.706582405,32.48672505,113.7423545,3.528417666,37.44189596
25.97950261,0.847373548,36.02850534,114.573234,4.502628297,49.08303993
23.55623422,0.390595116,37.23877978,121.925245,4.446725915,32.30727122
23.03462349,2.175181873,26.57638455,142.8723621,7.19776976,30.04006651
27.58187869,1.28426627,18.76137565,115.3851061,6.546784788,41.57884575
22.52614528,1.473152507,48.42406146,139.7055933,2.345452934,47.93897179
37.30403354,1.466638439,29.99880745,121.5547892,2.402524743,34.56590637
21.55729495,1.085183475,35.29204312,145.3385974,5.307183471,24.94781361
32.7355532,0.562071797,42.23483592,127.133139,4.566314164,21.21401322
44.91742135,1.888318596,55.48189612,116.8689325,3.653505323,30.3960516
40.34925674,0.404935037,45.37764156,149.433778,6.755725629,25.54160518
35.38048596,0.349297097,12.27296128,117.0653808,2.771811031,32.13697517
27.65634052,1.80434809,51.92801817,132.7047928,7.844341477,30.77995946
35.59739591,0.601208849,59.46775076,132.7714591,2.144615041,27.29122129
33.1760366,0.836254603,33.62425127,124.912538,2.709384348,28.28554858
30.6520846,1.240545921,58.47951682,148.0595437,3.867899926,29.88111424
23.26775942,1.17844316,37.36643712,143.7549825,5.054894572,26.29756489
42.16510538,1.8005899,32.98079979,143.1927824,3.296816951,23.50010472
31.24461622,1.596236304,26.57023824,148.9660774,6.417290893,29.76312093
24.8655628,1.646550789,42.87774379,128.2843735,4.145251421,34.97215338
29.19398377,1.813730394,21.49102103,113.887431,2.23123,58.43913036
30.35324381,0.802270546,15.24671093,140.618237,7.266331805,21.01223812
40.68844739,0.873599948,11.36185513,125.2325032,7.663194039,29.44753388
38.34035951,1.151194595,24.61900564,117.6138061,5.711381735,28.20710757
39.23262234,0.837909215,29.78854161,129.3298937,6.839218331,23.11058802
20.27578161,2.463850886,37.60383481,147.0287576,2.726669232,62.11676179
30.40384995,2.053724623,24.63749126,116.8542808,3.612921691,47.22190578
32.03360379,0.495171252,59.20297862,143.9479526,3.951390126,19.15901446
20.47980692,0.113425974,24.58725841,126.7281977,7.764519002,34.09186864
26.49533022,0.202679844,32.04876942,115.4720792,5.073335839,46.49015299
39.00724558,0.685752283,15.16380828,143.9352922,2.044481353,18.90141618
23.42774264,0.374299086,23.03132567,148.7848136,4.281114937,17.65195409
33.38275329,1.380011476,12.41660699,121.6508286,2.046503605,36.91410733
25.3800468,2.159188535,37.97543167,122.1414484,3.426834443,53.0022929
20.30301937,1.86820053,47.55323416,125.6218393,4.728200403,39.11410202
26.03003644,0.617461751,19.78549072,142.5652146,3.940358333,14.38856464
44.39684387,1.058318214,28.39554689,110.4166879,2.196405274,43.39452027
40.0384278,1.318946103,10.83081134,118.9582621,2.698014334,28.28952826
43.98941611,2.044494039,51.97610279,138.2359924,5.305319367,20.12899555
32.1963511,2.113891847,48.99817625,126.225578,6.173629426,32.94967854
22.74340497,2.283323949,13.16270154,123.2118249,4.427294073,44.38056043
33.69898722,1.322188601,28.24338047,144.8913156,6.388890479,22.31583089
31.35943336,1.766259391,57.76433069,146.6933568,2.979997331,41.29050176
41.10892707,0.368320891,29.6013528,147.9194488,2.732347687,17.93020744
22.45206452,1.456693504,36.31043384,120.9020213,7.036722296,40.94732848
32.20602843,0.696860343,27.76214305,146.5005044,4.035280091,18.20965005
23.75121662,1.136120524,39.80656941,139.4786222,4.593487532,25.72258253
28.11689817,1.62172122,58.90784378,116.1685899,7.685489614,46.74968252
38.43392693,0.716766251,59.87512517,134.4108011,4.544673968,18.02743865
31.90045323,0.225244139,48.7357489,111.0533928,2.020940635,60.62767567
29.39720713,0.124561255,30.2155549,138.3351262,7.627831637,24.11199117
29.86190696,0.153182885,34.72161004,139.3427009,2.084711801,20.85983923
31.48616921,0.12003937,27.83656641,141.5735403,5.973717702,13.70397885
39.6254136,0.364852136,59.2787315,116.9010022,3.937345457,39.8295323
42.30211722,0.674772915,45.38801529,135.1299976,4.822344539,17.62050234
43.88336716,0.630931634,32.44657227,117.1542674,5.283711006,34.60945717
39.67258466,2.468311826,10.60576351,147.8660033,4.450760344,31.88307733
27.88517239,0.834414653,36.02417072,137.0004277,6.646212723,19.46123087
37.20336765,0.40580988,59.19641009,113.8130339,7.584238458,54.87936838
30.9400781,1.409350106,36.15304545,117.4812892,2.518472313,44.8593024
26.36676555,2.159097893,19.12133427,136.5384039,6.801517287,23.96870759
41.02178949,1.727344904,11.10468736,129.0668198,2.772026845,26.54478727
20.96065872,0.810597014,27.73518791,139.4519066,2.481663099,33.61723783
42.5440498,1.447878783,55.91140278,121.231552,7.734988716,31.46568449
31.53693662,1.815654338,59.82770541,136.3167015,4.935786689,31.29011057
35.93003692,1.847450782,57.26839874,117.0784067,2.915619746,47.74134225
36.48384806,1.699692293,46.47099966,131.7484105,5.419742679,18.14821212
42.37794352,2.189945019,37.90713642,148.3119837,3.579422833,34.3644143
35.91674205,2.1882531,39.53430732,135.1288893,4.785854101,23.72679629
35.34833962,1.489447743,36.94960045,111.9997447,5.747957563,42.56702045
21.66630101,1.131655286,45.35246525,149.5504855,7.215618973,37.11658768
32.96020055,1.639768709,30.94366133,116.2746532,2.01848839,54.41920165
23.75422502,2.063708803,43.46020025,138.7227641,3.284843965,44.13305352
38.43584422,0.113565052,16.08060575,131.3012016,2.577623258,20.76670166
32.80554802,2.480792822,23.28476533,121.7744275,2.582586209,41.5137624
37.00569448,0.538945054,51.80015194,117.0924194,7.674664479,48.36986979
21.04182252,1.228597566,55.18744654,117.1080946,7.616497607,52.63430116
22.1198004,2.192871364,36.95041188,144.3359872,6.495848478,38.40213504
37.9080847,0.640096958,11.58178086,144.9165006,5.858378254,13.47658739
21.8021084,1.244308537,56.34867854,128.6058209,7.087822678,35.6167073
21.78141819,0.418197232,45.1032129,114.1448585,2.350452429,61.30540307
20.30271188,1.048183181,30.70139619,145.3666042,2.716914759,29.55402345
43.91253496,0.525125092,39.91894716,129.4806594,3.90267754,17.63390082
38.43770899,0.972706597,31.48874172,127.5504969,6.994954279,22.33027789
28.83128521,0.99631412,33.26696134,126.294281,4.833395257,27.97299698
27.41338953,2.483609895,54.34049328,124.600567,5.021448581,43.43676361
28.74258074,2.48755127,18.05421235,131.0402161,3.375592578,38.26996378
39.36633828,0.375487069,15.18345677,134.1816491,5.890324887,12.84824649
36.53426528,1.84232507,10.13643723,128.6572881,7.327052924,20.2762717
24.6298892,0.224189151,25.70001878,145.8659265,3.977085319,12.44394199
24.35273338,0.172460837,17.37068832,122.7064491,5.715115639,28.84189204
22.45989124,0.352801346,20.99927476,133.1324743,3.991693785,18.86112415
36.50756799,2.417165577,10.56194913,121.9981568,6.756314671,23.49567886
39.10931656,2.358072515,21.35977073,140.134001,4.849758422,22.39929885
26.62616071,0.565426769,26.6355791,114.084844,4.036814133,46.52904596
20.52362403,0.488013605,11.57837482,117.5479599,4.520293125,42.99042632
22.05429169,0.677284208,40.39520621,142.0480564,2.547365128,29.95734488
44.19650087,1.337312786,38.44001744,117.3279038,7.19670292,30.90469659
27.38611944,1.467291117,14.85178893,135.0298538,7.748414332,24.54367068
39.2305787,0.631824233,39.75048888,148.8097381,4.864485078,18.20472365
35.61658922,1.915894691,59.93269593,130.9156246,3.328023248,30.76880062
29.54849099,0.842927607,57.22344764,117.4958579,5.987937195,39.16895466
25.14218155,2.313115181,10.13354967,122.8276418,4.714288877,40.04623117
23.03466045,1.676134495,49.76891557,142.9383231,3.513800485,38.30178117
35.3753242,1.147242866,27.68026381,124.0664365,2.230598861,34.67113108
39.36584452,1.995788804,13.18256852,138.9404544,7.338226711,18.19512868
36.09760634,2.062995103,24.79916069,141.0940025,6.780406112,22.38685013
33.25755333,0.797155853,26.08682582,130.0473139,6.974036346,25.7138068
21.04878059,0.915314905,36.16221197,141.3285354,4.639038386,23.78364666
44.21221944,2.346292369,43.05418836,122.6761202,6.519532352,17.07610514
39.96785479,0.495378492,47.45278061,130.6463859,5.487351583,19.55656938
27.32055092,0.201161001,22.29515213,137.4623306,4.248651778,15.9576786
44.49925823,1.189732774,26.08852851,116.7229259,7.056452529,32.10665445
35.04703974,2.022903761,25.41908534,120.9448787,7.992545288,33.06559829
34.56056646,1.952003455,28.13684341,136.0814641,7.395693844,22.87768409
38.70182949,2.306873509,59.98281545,136.2144048,6.65715183,21.99854835
40.2942447,1.379681594,48.89716514,129.7321059,6.485047833,22.72332664
36.41196518,0.340155212,58.74952326,141.8234143,5.901493058,21.25942474
23.20239366,1.512853538,44.65555298,129.2821961,7.121704981,33.38019912
28.45668765,1.968149474,30.31353508,145.2528906,4.958487487,28.67693043
43.20209101,0.323987489,29.48720918,139.4361372,3.090377061,13.52163165
25.6153903,0.514377763,34.42905725,122.5877945,6.608298346,32.18864979
29.3041756,0.129497587,30.84348917,125.8101603,7.517038245,34.54632729
30.80192207,1.524766191,51.4163123,136.7074674,4.048113752,29.1624032
30.98512474,2.228162541,33.25010065,145.7781048,6.697899788,31.46675416
35.32348956,1.709591958,24.78071801,117.1483493,3.642336218,37.88355838
43.57689594,2.45689621,48.74301343,130.5865415,7.65560164,23.54719884
26.0173178,0.251280766,52.72102047,114.7513769,6.100765952,50.65691202
23.03753441,2.267202604,31.02144781,121.1782062,5.415655923,43.8713198
24.93676225,2.05376389,43.3904286,137.4392544,6.679220947,30.75297289
42.17312251,0.854179649,12.94022669,113.1093854,6.879387023,37.15414854
36.14527032,2.436463724,36.4732426,136.4943433,7.354219389,26.85296525
27.14766973,0.791050596,12.24905689,146.0324448,7.406717197,19.79907392
40.39867347,2.234331337,11.45954202,148.7748116,2.316144953,41.0122505
41.53424991,2.213796585,40.64624253,118.665288,2.737445648,39.06293287
41.16285847,1.91837828,25.16676912,139.9559183,6.956365269,20.19914028
42.97316334,1.452329137,47.12685812,147.0548179,7.67630992,29.34868795
26.3060255,0.388006599,54.80412803,113.6547724,3.846031089,49.4654286
38.87604822,1.376732163,16.96955869,126.5609443,2.051610911,29.76255671
31.51348743,0.956311014,46.22614193,146.7763907,3.936231134,26.74590283
41.04996382,2.00132088,35.72599991,118.1114999,4.297184816,27.37396444
38.21226693,1.919510096,15.60596251,147.3504274,6.566200188,25.66888746
39.41118616,2.285470018,42.57963032,131.0876828,2.285507994,36.76638809
36.40404594,0.13559239,40.47334016,113.9957233,3.275841417,45.43923481
24.43571924,2.04184772,35.78209337,127.9950927,7.363811517,33.49290693
33.62567297,2.352308927,56.32356023,123.0504478,2.928922457,41.67179652
44.61674349,1.994321078,36.05398481,121.2881664,6.555485912,19.09992091
43.43470166,0.412466704,59.52575577,131.659023,4.167862493,19.31554472
21.07934339,0.295069852,35.46144069,129.3437076,5.97596129,26.00799681
24.12037039,0.150028576,15.79260192,129.2786864,2.44307902,26.00414337
23.29321934,1.608988542,33.52356255,113.5256692,3.719347671,58.57368054
38.14949775,1.611214364,19.11643813,142.0927272,4.548738425,19.25979601
40.44463325,2.468592914,39.85667426,129.2575726,7.143275756,19.46644296
25.33778416,1.055303618,44.65660876,142.8362331,5.380975146,22.09882754
32.64631732,0.896575084,33.42176394,142.9837857,2.271351758,26.45002883
41.0175757,1.598619825,14.88514838,122.685413,6.81119944,21.05797721
38.32003862,2.081460814,33.43206993,110.1738522,2.327128934,52.52473119
33.55593014,2.348257479,14.07271074,146.4498271,7.606199384,27.88871434
34.75869226,2.027497999,44.10629778,140.4277877,3.270304676,35.61253979
32.70901367,1.124017553,49.51841124,114.2900783,4.927556868,43.48826902
27.43871128,1.623794165,58.11901636,138.0690814,2.433685813,43.34211613
34.12554982,2.155118384,17.44010536,110.8009307,5.370274318,39.04104225
37.22213255,1.277463252,36.62101678,111.1103628,4.983372204,40.55736574
41.8330729,0.620047945,38.37686838,131.0329296,4.461491209,16.98503542
35.90728385,0.507336255,56.12382669,113.8414972,2.213437502,47.6526371
39.02803843,0.100378587,41.36383203,148.5734609,7.273618272,28.85236655
24.00179087,1.823771188,17.27548228,145.7532491,6.815819593,28.02294591
31.53893686,0.366633301,31.8175662,135.9924812,5.798180122,16.81827778
20.2332905,0.685213839,42.73812643,112.5483588,5.433379896,55.80815165
26.16697161,0.814903196,45.0142216,122.9934103,6.169678588,33.38520024
38.16154288,1.444911664,53.15369993,124.8689199,2.863940095,29.96536652
44.79524878,1.055097466,19.02535599,129.2351934,7.595865478,24.94424035
22.47945249,1.719217581,57.57710734,116.756115,3.708039749,53.46114985
30.0373579,0.233532782,12.9569706,133.1004657,5.938941635,11.7795343
40.00177422,0.397454066,59.18810673,127.4308259,5.640534087,27.51999121
25.10089087,1.298107608,52.88835464,147.8918785,5.819683878,26.85100986
33.87712373,0.908715491,43.01363914,147.4478092,7.273712738,29.46407252
38.3267824,0.809952071,46.74977501,132.6189582,3.77546724,21.15429215
35.39963626,0.26086739,13.6346003,135.7739734,6.49368913,17.25220189
24.70061837,2.249726019,12.07399314,115.5118587,5.590346384,42.90918398
28.88461422,1.760364607,15.08828983,118.9329296,2.456361986,45.8051913
39.59479461,0.391883576,14.36799073,146.0286162,4.484928085,12.02915896
33.85566285,0.256110299,37.36906167,137.9666369,7.02770944,20.51817952
20.13074034,2.43969408,20.77219936,117.5772079,3.892084334,60.41518015
39.024769,1.734814121,53.01028186,132.8084122,4.8935833,20.11592337
20.88278387,1.101894571,32.28743115,147.39045,4.931831409,27.18758225
38.64334457,1.784154498,44.77552382,123.8068442,5.708059201,26.13085744
25.062014,1.915196288,42.64365465,117.432815,7.304107159,43.16333784
43.951837,1.971909286,25.99265195,147.6810111,3.041235193,30.15994531
29.19851878,1.246905534,22.15837868,128.4506144,5.027701296,21.75569536
28.17329041,1.131718619,27.12281426,126.6896799,4.545603556,26.45350255
23.72220126,0.126467402,49.83291869,120.702688,3.775520541,37.63766578
27.64010539,2.323737076,39.31384242,145.6634118,7.517649062,35.35237214
41.91626905,1.547938908,22.67693313,143.8246707,2.049026554,29.36729547
44.90835844,0.587569449,50.89232215,126.119616,2.732628756,22.54036751
29.20773826,2.307048207,12.73796931,111.2245312,6.400066699,46.2126506
31.21526577,2.295836564,44.95916875,127.8660572,3.580649628,35.99356284
38.05177346,2.474041994,31.95504029,117.2343207,6.339075567,25.48857911
42.15489451,2.197735752,46.5645193,115.7093628,6.993521664,28.99876546
34.82610835,2.494682531,56.37306401,125.7237445,3.527696101,37.51306545
29.78814245,0.687246851,47.5017049,113.9630775,3.151665727,51.24022718
30.31554602,2.121399004,32.09826777,148.2985803,2.871803796,46.0435042
37.39045366,2.075267941,17.54878408,111.9015673,3.200531665,39.77571306
20.08045659,0.654256862,50.31754879,126.0547851,3.603112335,38.3625649
35.48973344,0.336250118,33.03527635,116.5081081,7.212498899,44.12659123
28.88732526,2.450609233,13.76561617,137.5524529,6.62002648,27.50462509
39.85493328,0.810458924,45.95276989,113.152458,2.011065902,53.5897472
22.324766,2.190140297,24.5925983,131.872223,7.244714853,35.63620791
34.70505667,0.109905171,12.44441148,140.9240598,2.472873798,15.11228766
32.02432225,0.150459537,55.13755075,148.0023934,5.931593705,18.01906222
36.05813815,1.218091141,34.1550546,137.9411025,2.908848609,21.63937196
21.62133986,0.672915241,24.04805266,113.9796703,2.373654863,60.46606227
34.49959469,1.75561908,45.81932789,113.540822,6.558624185,40.40574798
34.0371147,1.457354381,54.29511888,139.2639219,4.803218683,23.88214895
34.01650236,0.285965914,10.01535375,118.6131762,5.59437508,29.18265771
35.08719166,0.490307911,44.39260925,127.8895723,4.552118113,23.86680618
36.91169843,1.031318248,48.3505847,149.0648441,2.403031175,34.44904764
40.12472499,0.545449753,20.49637136,142.7962719,6.437708998,20.03011204
26.745518,2.001333633,34.48119157,143.8637343,6.922106727,30.37405968
40.62623525,1.098568565,14.46429495,144.4307962,2.248523259,24.51211168
32.45639206,0.32423648,47.33749413,134.7818136,4.254303182,18.89559932
21.92645698,1.262422965,52.37280093,139.757357,5.343899222,30.04905967
21.46377323,0.318011635,15.40933287,124.3584366,5.631100537,27.45463907
28.35595797,0.409449533,50.82301267,149.9378491,5.468917647,19.6992716
39.62242443,0.675063597,48.57850852,121.1848868,6.157643923,33.95782555
37.69202337,2.162866493,27.34566602,133.6002961,7.800897215,22.83220831
39.71537412,2.319070078,44.5144765,121.2824671,4.343519127,27.13834674
32.93172641,2.08301855,10.00240619,114.482842,5.339741402,35.53707269
31.00497495,0.901785322,56.58988272,132.7034326,6.194471777,23.4054931
23.68631317,0.753871459,37.51916177,124.1339468,5.554542932,32.42697813
28.20481884,1.417973658,41.0169432,133.3287707,4.32050618,26.90063859
30.85048415,1.832447585,43.23297068,132.3471391,5.744475728,24.41928096
22.21501074,2.484094692,38.06845086,131.6902692,5.900669183,43.30684185
25.51529882,0.415769709,52.83819438,114.9320449,5.509810852,46.31366604
34.95563235,0.218300798,40.48509161,127.607231,3.230663965,25.12500979
38.39157786,1.766454134,55.38799956,142.4801576,5.035888149,24.84908735
44.95868778,2.09734188,39.11658111,122.6057398,7.306140859,18.72233841
43.32783328,2.131237072,18.5561211,127.7532602,7.211611268,15.08802647
36.06412999,1.728312518,55.67812779,129.7532636,6.50472755,22.41345419
30.53120133,2.38963793,44.08137492,144.5092525,6.183173087,38.15870292
35.90443412,1.326411433,44.96194972,136.2239908,2.919674827,26.47240008
39.64129045,2.293155516,59.27408753,114.0081014,4.756787987,36.29995563
22.95840477,2.422749129,13.75982771,144.6068394,2.665707858,58.63284084
30.24762224,2.133177897,31.42963035,143.282639,6.903706698,27.61098424
40.99505714,0.843420552,21.95476965,140.1458392,3.746259239,17.15255313
29.5958238,0.570917563,41.52132324,128.6423207,6.601195185,27.9064197
34.29680678,1.415488156,50.34058419,140.3018153,6.887473349,20.92517452
34.69423402,1.187235401,58.31553544,129.1496825,7.354976584,28.90034144
24.61190633,2.206620021,32.72980535,139.4649414,6.522980471,33.05885813
29.05588604,0.340076011,49.31091153,145.2044066,5.388374003,18.63367186
28.36278222,0.718576147,55.8525796,145.6216634,5.589109488,22.77607367
20.65491771,1.904317467,44.16627163,128.183143,3.923493661,42.95391939
20.6047941,0.327967948,22.13662762,144.3737072,3.061977148,17.75851438
40.79242609,0.869834594,40.39270756,114.0582952,2.783817229,40.99926725
26.82677025,1.029172946,58.49760239,114.0727767,3.092141127,59.91642956
32.95196916,1.594225112,59.37769144,131.9306779,7.603711324,28.17733593
27.46813934,0.47951835,42.11799119,136.0737847,2.986599525,22.81374386
43.51698113,2.165450777,54.34938789,116.119751,6.34242467,27.8725714
26.48241897,1.174101365,20.01746819,128.8872018,3.10777126,28.07487756
30.74142032,2.300852109,22.30393025,113.7745067,7.851738621,43.09635148
41.81825626,1.222887793,57.64438064,134.0839794,4.199507213,17.49586763
41.04833917,0.760096621,16.76176877,144.2037615,4.472818574,11.480528
24.65253545,0.440389189,19.5553219,139.505559,4.427069473,13.01476871
40.06608274,0.108988227,31.02742996,125.1316621,6.898755104,27.54764642
31.45467217,1.377177964,39.47921439,149.7517519,3.309743148,36.05370386
32.0742218,0.357176073,40.19086095,136.5173991,6.986148415,23.84391573
23.33699931,1.040146633,24.59880043,142.6099374,5.942353127,22.94217683
22.01503784,1.514252227,56.0306949,136.7878955,3.321681007,41.27357344
38.19848267,0.761646153,55.75499538,149.5766516,2.392445275,29.94141612
32.41152881,0.520538302,29.60340265,142.8543907,6.649955249,19.03083553
30.92126757,1.959331894,31.71458847,130.7769287,3.313778275,35.80326167
38.23770572,2.372298813,45.12485584,124.6751825,7.334400978,28.77022583
39.13782247,0.341057003,43.14979482,137.2861932,2.778711664,16.73747818
23.97270419,0.473416779,29.11485075,133.6088724,5.698187389,24.76610724
35.25562874,2.404030377,30.71221258,135.1740236,6.153010362,20.36401777
23.38385206,0.190682132,27.40194717,123.7204707,5.946214487,29.14090762
38.78437715,2.446317608,21.76925035,127.1491368,3.896178887,24.72414808
36.42387891,0.111146759,32.90691815,132.323863,7.253141139,26.66117578
43.91536553,2.196804774,44.3217066,143.5713361,6.6188319,26.61100669
21.72395041,0.837580434,47.09833527,140.5163567,5.06123805,25.41621871
21.42636803,2.35261326,48.94368241,114.7462348,5.619758168,56.67021328
27.05467687,0.860668693,28.73660067,119.82217,5.398227362,36.66848104
26.54264209,1.670335172,48.23179971,111.066309,7.680191464,57.35972529
26.17446998,0.292078167,10.32581578,110.3184227,7.378479421,56.92839524
42.65636451,0.681591547,33.85249689,118.9750188,3.412983711,30.5027484
26.238655,1.956830432,49.69522001,141.9728379,3.576558666,40.56051299
26.79874315,1.368846049,41.50223603,146.1899063,7.888628433,30.19527844
38.98495656,2.327125748,33.70315621,125.6707346,3.419364212,31.32954741
31.24349606,1.12900338,42.23210033,132.5279439,7.720875947,28.21261973
39.41776392,2.187549678,55.34730016,138.2421041,5.898522231,21.14653741
21.63415394,1.17749305,38.31909003,148.117468,2.300656634,39.31670311
32.18927984,2.450195869,49.98930957,146.5172895,4.014363197,43.805775
20.84034,2.403602515,59.03713626,112.2876921,4.856924431,67.45321639
21.56633009,0.889928093,45.2784101,119.9266337,6.998557349,43.79165018
42.66093633,2.226216809,38.66628819,111.9657818,3.97151248,36.08566306
23.48113428,2.134267298,11.87429736,134.6616968,3.863469873,35.02496353
33.31051706,0.605632954,28.72389491,138.4197327,7.521579554,23.46825389
30.27739007,1.598296962,38.27213668,122.3313365,2.474206072,43.36693852
28.68358316,0.274437557,49.86032859,144.1540763,5.309127288,17.56201555
42.49583364,2.108105729,31.90523948,128.11251,5.025435619,16.60482292
20.54558492,0.51891012,58.00291379,149.9352606,2.344008561,32.24654275
36.59474215,0.269955283,23.58968763,110.0159877,2.526555323,54.44086779
44.08486086,1.060525829,47.22835976,114.3795883,4.291804598,32.45842075
34.00420459,1.484613133,30.95157085,122.0717297,2.804967316,33.47063963
43.42056155,2.151800701,34.29942473,111.0203039,4.868431427,30.71748842
21.30644698,2.438182061,50.12510169,141.2935783,5.653333312,44.47359755
30.46983298,1.15478203,24.81076308,112.1108715,6.148380107,46.09663349
26.50394477,0.245072615,14.84060283,139.9591853,5.278820396,8.888947692
38.27052412,1.89787739,36.01277923,112.1027384,4.277960095,40.60581268
44.53242726,1.456415815,36.43973059,120.1090906,2.77855176,28.34469824
26.41325156,1.174939228,49.85838861,143.6510726,3.484912489,29.75446485
36.35436504,0.842245309,58.41596031,148.0438118,4.516530062,23.47795815
24.95244082,1.305756467,12.76503432,126.5810537,7.5446869,26.97339508
34.13325636,0.912831051,39.58447369,148.7975586,3.215603487,26.51463362
31.59831217,1.916828483,44.06392652,135.075237,4.480065386,25.79927587
44.30013324,1.405344872,59.29006754,126.6334049,6.393853144,21.82276416
35.21318182,2.204434658,57.12951071,142.1120538,6.231220112,28.41893806
28.7376593,1.404505395,45.62253824,121.8131408,7.793555567,40.38008717
22.85239462,0.671829792,36.08947056,120.6318505,3.14540778,42.18971855
23.78117072,2.142620517,18.07619611,136.2619071,2.09911767,52.79461521
25.63292325,1.437325708,29.20882776,125.6194945,3.933939566,31.75210041
26.27416653,0.596418492,39.25611625,115.4367211,2.898155675,49.85691272
41.26540145,1.596418744,46.26001983,112.6785694,5.290814314,37.07911593
34.03056971,0.958520236,41.76997787,141.513703,7.392674332,27.37392918
33.08477278,2.12657347,45.70614009,137.0364293,6.129360998,23.85712095
22.8692218,1.187919373,31.45762523,126.471929,2.814793138,38.38554797
41.50349233,1.843459259,46.38136453,145.8491054,2.696540146,34.47081999
38.07035758,0.329286898,17.1870628,126.4342701,7.46869888,32.3841987
21.69170905,1.050458431,18.12931559,138.4118189,4.925657299,22.00852792
37.69587743,2.459779448,18.14160729,146.364611,7.542037952,26.23788767
33.58845543,2.040304695,54.54324785,143.6286183,6.417306293,27.63856727
22.04313364,0.483857926,13.80170317,130.4441911,7.960090764,28.68609308
31.45751604,0.766633719,50.07541864,137.2254557,7.227366456,26.20496309
32.11740718,0.891557941,21.6785449,126.5466311,4.485273154,22.28201991
24.1443635,1.660877345,33.42149702,135.8878869,6.549366965,25.46266318
43.64245368,1.916787423,55.79782977,120.3020975,4.827369004,26.93360252
41.24938429,1.898863861,39.29686148,127.3896846,3.398433759,23.7194747
36.72555843,1.323697735,20.50588431,118.3818295,3.446175553,33.37061022
31.55738903,2.045969291,24.20450302,111.5273981,4.383932867,43.05714176
30.29413854,1.148987399,56.02233119,133.541594,2.668797356,35.81311428
36.27433668,0.397313357,31.35719626,144.5771738,3.066597709,16.35155934
33.63579674,1.45466042,39.34927415,111.023131,5.003652102,48.75936436
21.55682765,2.385523323,32.99660983,117.8411896,7.723534864,49.34779761
32.81256622,2.003184763,28.9219044,128.4074024,5.466118052,21.63990748
40.16009043,1.488881554,21.16395635,136.6358727,4.450980495,16.0575569
31.48099694,1.652333585,44.30957502,116.8491677,3.456201919,47.92484073
21.29891444,2.333348865,45.91210131,112.2677932,3.175407828,71.403055
39.65695498,1.128022707,23.74425458,130.7619487,5.950442176,20.02537392
25.03409455,0.895345933,49.45054215,142.7483885,7.089951905,26.80746898
26.46552087,2.445379756,52.72676002,111.4093964,4.393135559,62.5481107
24.11765884,2.17226352,56.03375481,123.974778,5.303954278,42.49167709
28.25537662,0.875304603,18.0606207,136.5405897,6.240360567,17.88068494
38.91878764,1.213073434,25.19618418,115.2296802,2.34977345,44.85991065
32.98464649,1.09618751,53.01766738,119.4378711,4.105382285,38.20167927
25.12203185,0.457829629,19.92701014,131.4197058,6.378517339,20.50790928
41.94575195,2.398766377,10.17342296,148.1292679,6.107714159,24.76739874
41.98954637,1.070349835,53.54136551,121.4937047,2.320086346,33.12812036
41.76446063,2.200789798,26.32247209,129.5010968,3.42691099,22.56092437
25.96990528,0.554454946,30.72487626,125.9972345,6.079743287,29.79064341
31.2809836,1.414889946,32.31670129,145.8958669,3.628496254,28.0724638
44.6247414,0.157507324,52.41373003,112.8755946,6.886461764,51.16051617
39.30031191,1.934129161,26.89460723,132.6459037,2.177029155,29.38806692
20.67918553,1.494193356,54.61399429,143.844788,3.142082176,42.22467593
21.63011478,1.601415,40.8469569,149.5247031,3.68787788,39.50012755
31.59828442,0.224130118,36.3643362,137.9490199,7.551739009,22.13533101
42.73050515,0.606491993,26.28072536,125.197419,6.777913738,22.86797297
33.46754495,0.278394094,22.18558481,126.4729741,7.304870519,31.765892
32.4453127,0.793394358,41.20292214,124.0672888,4.642874883,27.62012565
22.6368425,1.605853618,32.344708,134.144524,6.935372548,29.02480624
36.41950262,1.458846362,55.5258005,139.5762308,7.120961431,23.68227842
40.55257902,1.569159572,34.58193581,142.7787025,4.399740943,19.01561841
29.51050019,1.418203051,35.58974584,126.6637244,7.966771086,31.48242166
39.39029627,0.75526911,30.83616406,138.6683401,7.107431775,20.38306695
44.11191635,0.686817994,49.46314985,146.6489037,7.844581812,28.44318788
25.09416148,0.42894324,31.24195991,146.8329918,7.198982652,24.00944909
33.08324078,2.1377701,23.46709999,138.1611601,6.657221842,23.18189462
27.17844895,1.57955046,53.10154371,135.4760877,7.663063241,31.70235144
39.82136048,0.54762643,39.84141107,131.261043,4.518915468,19.91939602
34.43983415,0.525302512,39.57551099,117.3279067,6.700000601,42.24674779
35.86456044,2.195285444,40.54111036,114.9451861,3.277347235,42.99227041
39.94785399,1.882554073,45.94198741,129.4284403,6.396763128,21.91821304
29.89926182,1.682557792,25.65339947,116.3777662,6.712119698,39.41519024
42.87725171,1.076473858,11.69221854,133.079997,6.299146459,14.34818127
33.32572168,0.728741354,50.52965804,135.8281092,7.098878392,27.16913739
23.94887057,2.450681831,16.44525269,131.0246239,4.480012681,39.66534239
37.39747795,2.01337498,46.09098686,111.4570685,5.268608792,42.03181538
39.83153376,0.824270136,14.11576491,112.3091184,2.064004464,48.11040758
27.91904193,2.134155511,28.7653921,114.5336474,2.876318978,56.78060542
41.42948142,1.921436677,13.15130349,116.1458322,5.865163554,24.18666479
42.65358137,0.81299332,36.11068398,149.5953046,5.373903198,22.52339676
26.92261218,1.12372685,42.65678864,123.7798007,3.183995081,38.02874712
44.58803682,0.546288269,18.57165706,121.6789349,3.460788765,23.6311283
23.5177882,0.366525867,28.58138092,112.0906654,4.064493212,51.64674509
25.05039171,1.834628879,56.51197455,135.4128156,6.298488278,27.3733923
24.60562098,0.742028458,32.11945586,136.0876314,5.658299616,21.35545688
42.34974275,2.068142478,50.12717845,117.0179476,2.417427585,36.59933659
36.35731381,2.489460908,56.35923725,146.7696616,6.559634894,33.11345345
23.80260708,0.283887553,58.71729125,142.0197419,3.575957378,23.39497301
31.00808546,1.2352843,54.91610098,119.2127727,6.03055807,39.10682789
35.38245063,2.024950142,25.87026646,129.4339892,2.740177068,35.07893935
22.08660212,1.993482152,58.12864431,128.3356342,7.98752766,36.83502006
42.06040921,1.92399318,50.61976209,123.9408178,2.482011024,33.45866755
40.09008839,0.937587845,51.85877918,142.7053885,6.45040417,21.60499662
32.63016934,1.189247814,10.75864921,114.3705794,5.247982156,38.56227043
44.17816538,1.527924058,57.71194317,126.6125696,2.515635148,31.38590826
30.44402448,2.437457401,48.90451119,127.1212452,2.160862745,50.36795511
44.60275798,0.88611345,48.39837483,128.7490242,4.175994305,19.01094385
36.69799997,2.315545331,14.07623655,144.4539996,6.813343592,25.85195455
35.86678183,0.746456604,21.62842705,118.7266748,2.246907442,37.10529241
24.14887238,2.473778717,58.11308326,114.1169269,6.22639198,57.43891583
42.04819396,1.708632848,35.03385374,134.7123385,5.932257658,15.45574541
30.6872422,1.212427553,29.89290091,116.953379,3.593226061,40.2263315
24.05583514,1.572137027,51.99704086,112.9972834,2.464952214,65.36233341
20.315188,0.754074806,14.36702071,127.0659688,7.491931763,30.60229984
33.99389209,0.758017258,30.84710081,118.7858572,3.802098816,27.90836623
33.18499055,0.372530905,28.78503872,124.4486648,2.668299391,28.9941609
37.98384056,0.373720714,27.49256935,120.3884432,6.08910247,33.72399246
42.25645133,0.93441218,25.38461218,113.7054585,3.300087373,33.61335638
21.98516462,1.930853147,20.50374784,132.4138881,4.853784533,29.59883729
38.28741226,1.559130802,18.64554015,111.0807367,2.302433265,50.87598722
24.6852986,0.346202945,42.02030585,148.6550139,7.957903693,30.49912475
41.45442633,2.14536766,55.96974206,123.6532209,4.685726761,21.89282155
40.47658785,1.543282305,35.44258226,137.8063004,7.994659888,28.14998146
33.51984387,2.406053384,24.89872762,142.4145149,4.314049262,32.57414993
37.75606997,1.708445122,17.95800989,121.1641918,4.087115336,27.78938309
27.85875283,0.520419673,51.50716825,139.9495484,7.48743397,24.84921757
31.77919747,1.23708007,58.57460282,143.2968342,3.976795123,30.60218872
40.54092244,1.656394234,27.45777007,119.6526894,4.592033284,24.1790563
31.48162993,0.167835283,24.54752128,149.6997871,2.46866262,19.10677231
28.94495663,0.135784634,40.07464765,110.8275473,7.732774328,65.38971965
32.35531118,0.410567201,48.76644905,118.6800192,2.510907445,41.77540031
40.70623131,0.703994644,32.77014018,141.2008303,6.627109601,16.22266068
28.38020118,1.130917896,41.50365749,117.765241,5.231692363,39.49268807
24.34403983,1.269857137,45.8274534,137.9303945,2.368430864,38.32304331
37.80035051,0.431266261,58.02961439,144.2212162,2.010222968,25.03876654
40.64945532,1.71613979,18.25186653,148.3685709,7.613321831,29.19213575
22.51593696,1.530731348,59.86912469,128.9699006,6.453040425,39.74366982
25.99685282,0.806713837,29.60783276,148.8443649,6.118617461,19.9458093
23.54929974,0.13278372,46.16000714,126.4648919,4.631339184,28.27849851
28.69853529,0.286354997,38.6207189,118.7251216,3.43168272,38.31878751
31.25877447,1.040067461,34.33343085,130.5568741,6.079178448,27.03857494
38.72065842,0.469538443,44.90376844,135.9929298,5.649806412,19.37653041
36.27868962,1.004367055,29.78769251,128.3185326,6.358053169,23.55544533
35.52321419,1.607638251,16.30549907,132.6788978,4.194755111,21.95483111
28.80937367,1.413369827,34.44466916,126.6563675,7.921542563,32.93750629
41.03618883,0.65482212,36.09579353,130.9904782,2.402051933,22.29328603
31.78217918,0.925173979,20.09510767,148.1038269,2.478209702,30.49753717
44.47762345,1.573674876,56.78096782,129.9932461,7.501255085,25.58928799
35.85355346,2.166052067,21.37378233,120.1271853,5.88623861,24.47585095
23.15661854,1.907712253,30.4613797,140.3498649,3.958004409,35.25972548
36.90443905,1.428160064,17.74648434,123.5033783,6.571716546,22.3232385
28.12760039,0.969503196,36.78983231,142.6482868,4.716640327,23.55030901
37.15817992,0.976123066,25.38188041,112.2736796,2.126729053,52.38616633
21.7410287,2.210601545,34.463626,123.2871191,5.906622017,45.27810036
24.37203593,0.194184582,21.23084582,113.7743963,3.458671623,47.16613537
41.39343147,2.471158347,12.6887564,113.412713,2.6920107,38.72344942
25.67948893,1.694500986,48.96133255,136.3355824,3.351639095,36.70120078
40.92602813,1.734730478,42.0543142,125.4133921,4.856947287,20.80223536
26.98190221,0.19119481,27.03696779,144.8591577,2.299138588,22.30164263
36.07204775,1.55327026,12.37471123,130.6562055,7.298914321,19.98810368
37.35376434,1.263467344,53.27875313,121.8137288,5.359508099,31.56026319
32.81636883,0.353869377,18.48975025,138.8355555,3.757977081,12.84082696
27.63276692,0.767012826,56.53711091,134.9606717,6.122029089,25.83216296
25.31610941,2.236754695,33.92976893,141.9837848,6.825418982,32.35316085
20.82973386,1.419972198,27.0193355,135.7435311,5.683547768,22.98867887
27.59866003,1.09219978,47.08797384,116.6805367,3.214968091,46.26825667
36.32906976,0.274437174,53.8419703,136.8124015,2.661730521,22.27602655
43.45762046,1.813891666,28.53567818,125.6619679,7.159398182,23.1192777
41.78011206,1.786841976,30.36718761,128.5257212,3.408124481,20.59797874
39.15161941,1.573704657,31.65791097,146.862583,2.120494584,34.37555361
39.71118358,1.324630351,56.11615307,124.3985619,5.857412649,26.49939317
36.62462259,1.141082565,44.62819958,134.4783657,2.917311979,24.08401108
26.50717144,1.523850623,22.38230585,124.5392693,7.945818919,33.0770765
42.67987577,0.660149084,19.24998488,113.7890994,7.21838499,42.23846217
36.7683078,2.359021754,21.51838317,128.1410137,5.650674356,19.69593522
34.01101577,1.51310687,23.17819446,133.8824602,7.003193856,17.36831761
22.77473673,0.846861866,21.50917457,126.3001317,4.823214205,26.45833865
31.1763886,1.179231642,42.92532236,125.6266474,6.730917467,30.52316275
31.50895678,2.033643493,15.79667553,142.8151406,5.879201314,25.67649258
41.61409024,0.487878546,29.36792449,111.1874069,2.171867888,51.26424995
33.6662055,0.802805494,41.25267865,121.8234159,7.692546005,40.15803099
29.51001372,1.730819255,24.5429987,142.4702906,7.165517469,24.04370567
44.42000821,0.857174096,13.26371924,146.8212059,7.720444344,23.30680621
22.76801483,2.002004036,14.09119614,126.4919834,6.388195607,30.65122927
30.56371071,0.413088369,16.29833882,145.5517697,4.47236553,13.32645952
21.05061688,1.930446809,51.79215124,117.9572049,3.24191134,59.21277882
38.49760302,0.264044116,42.89317528,118.8570827,3.079978085,35.04095418
42.9519138,0.13022227,13.22612055,143.8476551,2.86949749,10.97576329
27.00093324,2.255736445,29.55344396,146.1303097,3.323657856,47.16120273
41.45854192,1.495214121,23.92925864,118.9122307,5.30381608,21.97055663
27.30545576,0.944384553,38.90200558,112.3729676,6.10247038,48.0499484
42.76925404,0.658227129,36.14029748,113.6129655,3.884339366,38.76333748
38.84904759,1.58052588,34.05620117,120.4552334,5.292481817,27.12719808
40.12266942,1.32160524,25.72561852,140.4579631,4.047515957,16.84200736
20.45016389,2.479834661,16.8899886,130.3996731,6.179059842,38.66214332
44.07025893,2.459718368,47.11881914,128.2235537,7.930917322,22.74408129
38.1667748,1.624058959,53.99283844,133.3655972,6.13410181,25.66631781
27.61877738,1.162889215,57.20754546,145.6089245,2.354183461,39.90033182
40.73486662,1.278738326,12.93094853,113.6172152,4.863409747,34.76045706
27.03802996,1.737949759,46.99543558,137.7889651,6.622324956,28.66358282
41.81884599,0.343778906,46.32517297,147.0716338,5.253449638,21.96308914
22.81450976,0.888044977,57.35548071,118.5340017,7.706378178,52.08458335
37.59214944,0.280653378,22.64572972,143.5108926,2.328630075,17.57137151
33.51746192,0.276065823,47.10895191,137.9209884,3.74693326,16.72014043
22.41336175,0.570014181,12.73131444,110.5787414,3.324308646,56.50325751
26.04734571,1.264607811,41.56228604,119.2644672,6.605733211,40.44616744
20.31010091,1.983458371,27.5423912,134.2337904,5.142758411,32.41210534
31.71919914,1.265190139,48.44547198,130.0960136,2.830065268,31.8517725
27.53163152,0.905143865,53.16521432,131.1174501,3.713559581,31.26063754
34.95893711,0.297647177,28.24105211,119.277217,5.135955938,33.43729024
27.43094519,1.420709256,36.27930463,137.0001388,7.976773888,24.45451024
27.49797779,0.751044608,15.87020312,120.6567348,4.185754144,29.45987434
38.57982997,1.575842027,30.84534826,125.5773987,2.940956584,32.22708917
21.2035709,2.445250574,28.04001966,124.7566366,4.982399155,46.53656519
42.57237488,0.367154372,19.15617299,136.8810009,3.861118263,11.03582226
41.30659686,0.609100957,54.72393124,113.6101105,5.395800943,39.16772637
36.69511708,1.235426891,17.4043919,118.221676,4.800261817,25.99378039
34.83053925,2.424673157,41.78696788,118.0198828,6.13693953,33.70045369
42.30756245,1.952343463,54.50713217,114.336987,7.485744253,39.70342989
24.63325449,2.255750064,55.59842899,118.3037992,3.203086105,62.88949909
21.97422905,0.900915636,49.66198499,134.2824107,6.927080422,24.69953698
25.98775425,2.480892337,18.80705669,139.2867268,7.695594293,31.77880302
39.86445697,0.346798759,50.87157046,136.4121379,4.241658089,15.86775424
20.86675667,0.227134975,23.82824062,129.0075255,2.681976204,28.87409313
34.57017088,2.153446305,56.11990137,112.0973828,6.931467025,41.58322193
44.8859379,2.325435688,45.45433407,148.3602804,6.206574857,26.45034057
41.39240235,0.317404858,49.26337805,116.7230584,3.276273229,36.09512065
33.03614223,0.372225824,14.25162268,136.7368548,4.671341559,13.85248486
21.59102273,0.179617979,39.13825567,146.5156246,5.467953239,14.82534399
40.78433786,0.35081815,51.05710634,137.9110838,3.01912452,18.45150709
34.9744627,0.60260756,53.07951764,118.7219856,6.28947696,39.25024442
22.87332493,2.428183885,11.43158524,122.631852,6.139296448,40.98520129
22.34643212,1.702864533,56.95796163,111.2082347,7.322759675,64.79350043
42.74067049,1.968527261,12.16693667,134.5103296,5.403637787,13.21131998
36.73000657,1.962734569,40.72593398,134.5197192,5.445878184,21.38479934
40.73216998,1.384176999,44.66937638,139.0200233,5.716324136,21.17828222
41.97447251,2.013973547,15.36726456,110.4398516,3.642699568,38.84756578
34.2943088,1.529938078,12.40059328,142.7136516,6.551635108,21.09027815
32.93615879,0.854910634,49.24560772,139.5484383,5.974995568,17.74640629
30.76068526,1.446664261,29.23353124,115.6354644,7.034873753,42.98593726
27.92366469,1.380420607,15.35562577,123.9050644,6.61151603,29.04323949
30.86489902,2.076287329,48.13339082,135.5409957,5.831433383,26.14845304
39.34699139,2.456145322,52.45815351,129.831875,2.965352905,32.63224049
35.04808578,1.086502157,39.36930954,114.6037706,7.514883939,46.12143037
42.31308225,1.932137628,18.06184042,113.493815,4.203273088,24.72058874
31.08450036,0.33943121,10.76112357,141.258252,7.785791411,21.46812156
35.17723947,1.964395287,45.04012407,116.2386847,4.411224812,36.63890446
35.78268883,0.991400589,37.50698374,116.883707,2.875629756,38.79196433
34.79242906,0.194536391,42.53985709,143.236925,7.309038485,23.63704814
37.56584433,0.971790829,50.65923351,134.4855854,6.770352441,20.06183815
25.93583671,1.565542602,31.71138885,134.1886243,6.717776337,28.28272406
32.80909444,0.386200402,16.22577344,129.1738309,2.536464504,18.98636301
22.60562007,2.317682782,56.99916427,132.7598006,7.275678998,39.09630065
29.61278319,0.286413792,37.26310636,134.0707876,5.578403823,17.12671821
32.19167672,2.332016128,40.76470595,148.7130494,4.822134418,42.42453785
36.30560649,1.797130043,56.67057148,118.9189323,7.479029728,36.23702638
43.76327631,0.891309221,56.57918282,118.5824968,5.996248115,28.10669261
35.01627666,1.037800835,38.60473034,112.2887395,2.798184943,50.84189203
38.5898479,1.877942475,24.88057124,136.327952,5.117223056,15.59848729
32.65665149,1.543530642,59.8556817,131.9616872,5.819699533,28.14443986
35.85260078,1.711943011,44.0408545,114.4495682,7.391304186,41.98142807
21.7733054,1.03399508,30.42183384,124.5815574,3.67936461,39.62927172
26.35978952,1.270752356,37.99184014,117.1465282,6.765403314,42.82100839
29.04632733,2.475681962,30.79170251,123.2592696,6.798877423,34.56802401
31.81233388,0.613414889,54.41525761,148.0505668,2.768296909,27.46664749
21.14121864,1.102854848,34.12496874,137.3327536,2.103399097,38.15053112
23.50060244,0.80037565,51.1764188,110.302764,5.488458175,61.21713095
26.92035769,1.936267625,52.00881489,120.100323,6.736873318,37.79117088
44.28831727,1.933630302,51.21661689,110.4144619,5.326584946,35.41958303
28.28367518,0.801869106,46.10943062,138.59474,6.880084911,22.59335743
32.05102645,0.29533676,52.74388584,128.7768721,5.733818843,27.14587043
24.90244282,0.127438424,29.36147898,149.7607477,5.91975417,14.04738496
35.26950178,1.12588128,15.73316031,139.3433304,2.168926555,24.87132715
27.01708039,1.084810226,52.12271022,130.7165177,2.531589218,37.15126139
25.17481446,2.472135709,34.90842078,142.1882171,6.350177706,39.21611909
32.91431571,1.227524982,16.36880163,138.192146,6.577059694,17.1200028
20.13764498,0.715404087,15.76562611,119.7510471,5.253067868,35.81835859
20.19160082,2.238950658,17.9621197,131.210331,5.540990765,33.25704221
25.47672023,1.278563079,47.54866298,132.239949,5.686195039,25.34625268
20.91803406,1.538021525,45.54283367,128.0492679,2.629947913,49.15485659
22.70064385,0.329604905,20.19093401,117.1677049,6.007451626,40.78536946
28.47151623,1.018999378,52.34617091,118.9347621,4.870819861,39.36795666
40.06464199,2.366136819,24.06473978,121.241896,5.61513786,24.61971667
34.30121608,1.514812922,49.64927917,110.410206,5.378850973,44.39243215
32.81669315,0.926804452,34.44029539,146.6777557,6.578001491,27.14158721
27.33722058,1.601601234,46.57743413,137.4438397,3.911409582,33.91424042
43.29384299,2.284986615,29.06938315,137.5846926,4.24115747,18.48110241
29.92537603,0.757577441,27.35702985,132.8932246,4.349637839,20.44677838
22.17731917,1.312280124,52.06797995,137.5724323,6.574736595,27.50632809
35.4266629,2.400857569,11.76511273,149.274502,4.586675731,34.13129769
22.84595984,0.513750744,58.73684736,125.4064135,3.06244863,42.36569604
28.63057857,1.827193421,42.40897791,138.5010235,7.898245823,29.51022697
32.68529847,1.57475442,31.62416941,124.3811602,4.960291184,26.5503338
41.85556312,1.731220315,41.40272656,144.1715519,2.655488499,28.55349052
32.33866451,0.942927114,16.13704732,144.3211443,6.021649736,16.02438282
37.55646915,0.853310496,35.70262276,146.090657,6.434974145,20.42204991
44.82042097,1.742103209,59.25477617,110.218533,5.001337033,35.76439268
23.287228,0.617303884,21.76347189,121.9276578,5.87874331,31.79937145
26.86828814,1.107171388,46.11390495,115.356974,3.036049187,52.33086691
29.86440189,0.551619151,31.74856879,128.1594479,4.207534312,22.51144254
30.54570446,0.119931619,42.62290742,129.8179857,2.97097162,19.99883007
30.27552688,2.428137664,20.24436143,120.2361617,4.323411538,37.3650966
42.69027506,1.136087149,33.52324913,138.9378597,5.376803133,15.15575406
37.85081611,2.426439075,59.00463569,120.7907887,4.655236443,35.79536524
35.19763035,0.436776447,19.76435755,144.155655,5.559289044,14.35030567
27.73431795,1.509680271,41.82225139,117.1063747,5.01055504,43.6339355
40.59475961,0.582337679,38.77988744,124.6894118,3.90688624,22.6816256
43.87651279,1.996177905,38.25257931,134.8895103,2.860495989,26.74341329
40.52995706,1.980887173,40.75616448,134.2134028,3.516037169,22.11152494
20.03912763,0.370257158,35.11189868,113.1211645,3.204279511,57.81652529
35.91003425,2.288954687,10.84653751,143.8503445,6.244533762,24.77499628
21.27838454,0.567111153,55.00484057,133.9225973,6.919801066,28.93858265
26.44018051,1.57114562,51.34894137,144.7943819,6.322331632,34.41069556
21.48811751,2.465520688,18.70838405,144.7054231,5.862404882,38.26744763
35.09488632,2.217751683,30.66365887,131.8367476,3.847108123,30.88834357
37.16474784,2.395753429,48.52744903,146.4312583,6.265913355,33.7805927
22.86219095,0.922237051,59.00311577,143.936312,5.63050076,25.85076541
29.59597208,0.353381541,57.55685232,148.3249178,2.2813602,31.6043022
31.40591272,0.552032496,54.96795998,144.0199359,7.44567271,26.92770784
29.22632554,1.301187748,17.91869486,142.848154,2.479723047,31.07456919
23.02562501,2.003751228,55.7237553,128.7744192,5.016247425,39.285594
30.47369475,0.460368746,53.92224565,118.4812424,5.078414916,36.40951809
38.7794512,1.683355677,28.84749556,146.4283493,7.022043133,26.19594467
21.77519161,0.87658625,29.72612973,138.9019675,7.478405006,26.13838354
22.00450035,0.918884974,32.9954461,121.2699146,7.638054749,40.79714726
28.8692823,1.688602552,42.80878155,123.6398289,5.418032801,36.09455444
43.54314279,1.220798607,23.0417808,137.4431405,6.074253381,13.31780905
36.71431617,2.048879903,11.14742147,129.1126923,2.531119174,27.21549181
36.96674892,0.474204423,17.06147623,113.2593025,4.927496065,43.19324792
29.04799977,1.995875847,32.00579538,115.6579178,7.387140225,44.11777732
34.84151978,0.254164595,24.10012847,139.8259473,4.734182906,14.29646047
20.2532796,0.565729313,48.22582805,123.1427811,2.417563613,44.77697587
35.90240116,1.674759315,15.33450353,130.3059771,3.203846854,25.21841261
42.83217369,2.151821576,55.87326128,140.6648591,4.577041535,21.21595739
35.31433671,0.706431107,54.766359,140.0470237,3.425169829,21.56812111
41.84246484,0.885259854,55.43784085,116.6806011,4.353755512,32.73407233
38.09932639,1.389089796,46.98049993,113.9357546,3.997771252,40.45057167
23.01396041,0.607774736,15.34999857,133.6460917,3.913574317,22.29468685
42.56133268,2.046775028,31.90687857,139.665315,2.546987659,26.56610842
21.66109611,1.956727948,16.57026859,115.9615969,7.296288147,47.78575505
33.34918681,0.448700109,59.38495964,124.8782115,6.156237521,31.76929812
23.55342809,1.213191356,26.65192117,144.8111198,5.740291451,24.98034277
20.29266527,1.95958664,39.26652709,147.7689257,5.638816449,38.43462208
30.5508565,0.909590875,48.96965271,128.1627904,4.379013348,28.19932514
27.37601769,1.619456375,56.03080421,113.1806374,6.939891853,49.7974338
32.15001234,0.220511491,47.77738629,120.3078582,7.580239964,40.85468205
34.42999717,1.560853025,43.72518894,119.3187968,2.033703494,43.84264141
21.09347681,0.466367152,33.2990891,119.5585488,2.475190861,46.05493686
23.07508238,2.09339998,40.27000669,129.7552682,6.049853704,31.59324609
33.96605991,0.953078713,14.70819044,133.3290261,3.416400336,22.18670411
28.57918383,0.775729271,54.1961271,114.9003835,7.470229993,51.67057109
38.22933719,2.118133544,37.18886544,145.5742403,6.004478391,27.86606339
36.30729121,0.220345655,12.00675252,134.7989529,4.209747531,13.94853987
41.14010907,1.051861118,55.99510628,133.8900692,4.491694417,19.45270119
37.31232067,0.988008497,34.46509869,149.4911599,6.145295031,30.26376454
30.74827693,0.783520898,53.42945708,135.1257591,2.845784616,33.6012542
36.82416556,2.288210397,52.84439771,147.158366,7.300471281,36.60067986
26.88452936,1.902228144,50.78757937,121.4502789,2.028630191,55.96217065
27.65783747,0.253415594,13.07015096,119.6051796,7.87368172,45.04222334
39.724629,1.815249879,22.35333227,130.6607475,3.005872882,20.35704833
31.16048791,1.36551792,53.77739362,130.3443579,6.452668152,29.80523156
39.95950851,2.262082947,54.9495528,119.059346,2.239548242,38.63997992
40.56055934,0.851069482,32.90344312,137.9862263,4.588573394,14.46919839
41.43905844,1.477988799,32.00207338,111.1853528,5.781882094,39.46625468
42.9158809,1.301812659,18.75703169,137.6252189,2.421364746,21.28184242
30.77463051,1.274946175,58.42053943,128.2871154,4.659761173,26.1322594
27.97167046,1.194652959,20.65692377,137.5603004,3.818818419,23.37309612
34.55496866,0.593510741,19.54683922,129.0832252,4.989461672,18.97105766
29.27931059,1.913703814,43.03644851,149.0933513,5.027459216,35.79233791
35.02685417,1.183206479,22.14221515,123.387398,6.711389635,25.28667665
37.63964657,2.40043906,56.93858055,149.3029175,2.741027171,51.03176932
37.21012546,0.725940225,10.54534977,112.5989577,2.496317606,46.51554227
29.36382218,1.738585215,10.28766312,137.350431,4.411341399,23.22689404
24.17150504,2.357720991,35.24384007,128.1687683,7.325119516,38.71466443
30.76323346,1.692299975,34.403123,142.885505,7.131617118,26.40250687
23.5648536,2.191054978,18.1682011,141.5846428,5.359957456,32.06623247
42.25242588,2.085954303,34.72597815,142.0084073,7.332642914,25.22750875
28.64693652,0.964282517,30.58305526,113.789544,6.832061585,49.3004921
23.86149368,1.540297456,54.51647627,142.894628,3.667636761,35.66933825
20.636194,0.475027216,10.46269601,118.5616063,3.020637683,41.02652343
36.14555966,1.385262118,58.81349025,111.0272106,3.806939006,53.16200144
35.92255794,0.653012732,41.21963821,118.7095488,3.362707271,35.48059439
28.51510416,1.884968356,17.59217228,129.1714042,5.736312756,25.34648245
21.79279722,1.367340213,12.33800069,139.6844544,5.509394677,22.37897624
30.24072237,1.08694567,36.90528293,118.7452992,5.590624301,38.19436787
27.78043738,0.745113031,21.7445083,114.5203019,3.135821219,51.46363695
36.92801599,2.496876356,25.05827685,135.8386902,6.751176352,21.48213851
35.14448124,0.27210525,22.25660824,149.3559215,4.601756501,19.96935656
29.1148432,0.204545633,42.50861568,134.0348121,4.834711522,17.64100651
25.44731386,0.621417761,37.67644811,137.6422946,7.981771077,27.23524615
44.70089915,2.430573901,13.89872118,132.4466977,3.693630716,18.1029299
31.35004053,2.450171604,36.32632666,141.2939378,4.364828025,33.6501144
37.20685589,1.671826563,49.55948828,149.0321768,6.058779247,30.34025523
23.51382419,2.212256001,14.05972954,131.7651692,7.282478121,29.53284882
32.13974249,0.613508154,54.48694881,126.6716205,2.76068604,29.17069315
20.688418,2.432901026,38.91533247,144.4137224,6.410274839,38.28187341
32.63637795,0.44268364,57.53122346,148.7891338,7.509683156,29.25014327
44.10043518,0.342700452,17.40706089,115.1672656,4.537547681,33.81337734
29.60516782,0.369307694,59.67824997,133.1268386,3.720361538,21.27087678
20.97490031,1.475507016,42.2136433,141.6983997,6.066422881,29.54100552
20.77389477,1.974338562,38.37470997,131.3335762,3.476441907,45.40893328
29.699669,0.980001227,35.76398121,126.3678787,4.305738479,26.96035884
24.00062341,2.446950371,11.18271865,136.2091928,7.381480245,29.37304747
20.58380241,1.142608331,56.98195958,120.8051238,5.541995316,43.31034404
38.90534035,0.461076522,42.19972364,123.9653497,2.5698636,29.4187309
31.46307522,1.218320196,14.58132422,149.6910664,3.978185189,26.57214903
27.2311193,1.729689197,11.04760851,135.4586134,5.763590991,19.81510057
42.50207958,2.097341873,12.53918196,144.9170919,4.888985823,19.6507823
22.90347401,1.201043896,40.46978817,142.3107405,5.962035901,22.72781325
43.89797072,1.524656383,40.70077074,136.0909022,6.568648506,17.20177402
27.84916793,0.741627309,34.98336459,143.6291633,4.883690721,16.8279844
42.21009181,1.650199663,25.33829103,121.4863398,7.921710118,25.4332875
35.07357191,2.466332665,36.58713658,135.484658,7.488043254,25.84795536
40.66768399,0.217728574,35.81509104,133.6241396,2.359444436,18.9829246
44.60032908,2.22767361,10.97077799,134.896784,3.598586827,19.28271554
27.21013595,1.449478007,24.12346152,116.7452771,3.803261074,46.05077352
44.02838714,0.705036783,12.65926707,121.0897216,3.10574214,24.88847056
29.73704737,2.391735304,55.00773757,121.4663328,3.872099018,46.57143488
29.63779762,1.260050327,46.26115814,134.0778465,4.548923798,25.32097361
28.50967761,0.896056604,59.80575851,148.9018752,2.309305874,39.12386812
33.53519018,0.535594308,25.10856317,148.162702,2.763801417,20.82966021
23.85362608,0.686685305,53.92429239,119.0875821,2.577475273,54.20181738
33.84278713,2.0988377,40.1527134,122.1938097,2.277901635,43.70728973
33.54262031,1.574584022,32.65627035,111.4424757,4.888982122,42.00213029
39.04754532,2.291789487,21.12865556,125.9526236,4.002818499,20.54776292
40.84124905,0.656724285,46.91960826,143.3869649,7.612683378,25.20426437
31.01103376,0.390732577,55.20703745,146.6300696,2.616563213,21.92898058
27.55833123,0.114610074,21.7654199,119.4598592,7.556212014,42.96058089
26.48337243,1.31886889,18.76951675,120.6317789,2.519273704,46.29835156
24.86559592,2.495936633,44.81109575,118.8339927,5.71530408,45.72565832
21.44118955,1.767916645,58.84865814,124.0041427,3.486382024,47.51487821
28.56119947,0.840147021,47.49775506,142.1903759,6.960833879,23.43819622
26.7561923,2.204460599,24.22903695,135.8742988,2.368848962,48.8051421
44.16043465,1.976133438,30.99777121,141.4376367,7.715048935,21.41302756
33.94272066,0.136996399,29.21588177,133.3212443,2.283543202,19.83712898
28.68192598,2.060465153,52.6047509,120.3093231,3.44667961,44.27719178
34.51169002,0.821264217,48.56853894,119.1197672,4.785108356,33.49807621
23.47991753,0.459216315,39.44877174,110.3600282,6.536347319,58.11292737
31.10109373,0.643194015,23.74795552,141.2392855,7.706676305,23.28062432
35.65585804,1.224591531,56.89942639,143.884849,4.568254588,25.13227645
32.22244579,1.119683025,42.66576124,140.731304,6.543860563,21.86582667
30.04447002,0.793329518,58.52383232,112.9760823,6.362975327,51.61290927
44.84620972,0.513323973,39.00585165,140.4888651,5.427013372,17.07712901
42.00786905,1.929353895,51.05963792,111.8306981,6.145515057,33.4372484
35.58514895,2.476263481,50.65526897,114.2237226,2.228400098,60.36191081
34.23443403,1.966699793,26.86643884,127.6190149,4.649464405,23.28628614
35.516512,0.810248722,58.20103615,129.0458804,6.715164164,28.60011394
25.0328027,0.687541507,11.09707338,142.6447455,4.84532687,13.05507091
29.87844358,0.622398103,48.43554544,137.1810757,7.241027505,25.54741471
20.98648832,0.428068179,58.27785429,116.1328071,7.001827259,52.72758515
31.88865094,1.423193319,26.94541016,119.0458713,7.180676181,38.17520096
33.5756146,1.552960893,42.40552939,121.4270075,2.779980114,39.12022772
25.6937434,1.793206386,38.11116249,114.9469055,3.464846747,56.84678893
44.10072118,1.73251209,48.07536548,121.5057955,2.177583639,34.08198689
42.73636527,0.801599947,53.30889608,139.1439262,7.896804361,32.92496646
38.05358089,0.892746413,40.15222846,119.6560588,3.416828837,28.86891656
33.33466572,1.735634885,50.79522932,143.4143859,4.202560007,30.72150304
41.74922899,0.938674338,25.61427879,128.7806798,3.649558683,12.46419425
23.2663086,0.610295655,21.42935294,122.9174304,2.238761737,40.68215102
39.76274486,0.998406769,31.53338448,126.4967242,3.567548058,23.97646452
23.12052035,0.753001978,43.88682998,138.3798696,2.589173997,33.56831161
39.85526656,0.311950531,19.36234745,130.6717081,4.365698518,16.79583506
26.89418921,2.092333365,44.01760961,110.2911466,7.80094471,55.61244393
41.92726453,2.147467334,29.70468243,146.8929539,6.189574232,25.23331767
43.60105235,0.62740072,49.77876369,112.6398401,6.241404739,49.36623243
23.71989924,0.255453279,11.84179086,147.544854,4.7190556,12.48101291
31.56689013,1.87318585,43.39913189,111.1261129,6.867824064,49.9099792
44.52468445,0.607668702,42.49111683,140.8391734,7.449705002,24.79798816
32.0851859,1.044245175,57.04677381,131.3869883,7.769300037,33.48284661
41.58868806,0.253924605,45.66837768,130.2290472,2.593941336,24.44974124
34.71828805,0.643047003,49.81509482,112.9111401,7.277864052,51.05110678
29.3832477,2.002965468,55.22955079,119.5498004,3.350497301,49.44037057
27.14458889,2.030551473,43.75259591,141.1018927,4.383601412,36.75746739
25.08057728,0.59700358,24.50768175,145.6503932,4.072863168,19.88906722
39.04495478,0.906193228,53.48868998,131.1647472,6.050780241,21.98907817
29.66351267,0.422172206,47.37890597,124.1337359,5.587547241,32.65511991
32.78188656,0.278014313,31.2218802,112.3977283,2.654629249,49.00117984
32.308137,2.481212115,45.52645863,137.287141,6.696935777,29.1608978
34.43197573,1.673425483,53.38444386,121.1378644,4.637872411,33.22482176
41.63942864,1.401031622,58.78260657,112.2005486,2.01333106,53.30998866
44.51848359,1.937196401,57.6175752,136.6340692,4.487019601,17.96976368
30.18960521,2.116185183,26.26639134,129.4287917,5.097989454,28.04747218
40.68797305,2.036115443,31.08468569,110.478486,2.413248111,47.18262053
39.11319487,0.139694678,15.47683025,114.4369616,2.906811556,39.73659281
34.33822379,0.548338956,22.37721435,137.9680772,7.961433029,26.05893122
43.90117859,1.671772725,54.12106042,112.5468533,7.227172412,35.85491593
25.01186289,1.001822435,28.04249631,144.6385226,2.799964516,32.06052805
22.73160526,2.457958363,41.02763293,122.4530511,5.481856398,45.35494147
41.34904917,1.696971502,43.29828092,113.5466588,4.275459783,33.44833448
30.97874542,2.395717381,49.09146376,140.3902951,5.262442452,32.53303619
41.17422136,0.583471556,19.14000151,130.9770894,4.823211161,17.56694628
42.32725513,2.173496867,25.24065673,122.2656013,2.28889355,33.02721853
21.56143984,0.871245534,32.41681707,126.2439337,3.892521866,31.05239885
42.08661907,2.47495554,28.24205306,110.8564958,2.753123492,41.39555377
31.20797638,0.478452813,59.14526164,136.5079415,4.933808554,22.11170928
32.76081223,1.339215565,51.74704016,124.6309476,7.44390032,34.59591093
35.66481278,2.002826881,33.98433773,138.5615028,7.973196635,27.2733333
43.15956517,1.138341953,53.9634313,135.1268458,7.665518411,25.53933964
20.47790236,1.223401744,27.38264738,136.0501674,7.91418275,30.96384603
31.92108671,2.467253909,49.29141619,141.7157084,2.091477895,53.13026735
37.19305106,1.120739561,21.18377991,135.2463231,6.376681871,15.19680105
38.06767394,1.549773041,48.61610226,126.7490372,3.637692861,30.10431703
37.31331079,0.230895186,32.82267016,125.5971025,7.19370787,32.50556994
23.36087824,2.121304193,15.37496605,114.7832843,6.882400944,44.36878142
27.48488971,1.655603318,23.66312273,141.1777365,4.542047455,26.80708491
28.96788814,1.069648247,30.1137312,140.4443377,4.839564051,20.22446069
40.11093019,0.138806896,47.46464558,119.8519347,3.590550014,32.30605269
26.96899681,1.520005169,13.64913574,144.5072765,3.732824217,28.70298592
25.2676241,0.130378788,42.97734975,133.5601303,7.88704654,28.10518065
43.93620048,0.102888673,45.80068205,129.1474737,7.333117332,34.07152282
20.22158213,1.578636549,42.6960685,110.6998521,3.151213833,70.5710892
44.94552139,0.553640962,48.03348191,125.3096474,3.653148067,19.61874476
36.92053247,0.560530119,18.9084308,135.6268307,2.651887958,17.83318535
40.71173249,1.667851758,39.35516775,113.5899135,7.933224698,39.08681093
27.36548491,0.228873251,57.05724736,128.3826924,7.443259103,28.18497341
20.35788194,0.852173348,40.53921349,149.7374381,5.312587922,24.76352477
38.44673796,0.458636565,40.56681735,138.6615455,6.157358624,20.82505277
40.85361493,1.492423288,46.82198211,131.8748355,6.487681638,19.95316032
38.5119033,1.688236371,26.66021161,131.3213154,3.222867365,24.98796297
23.57125718,1.830726049,45.02379507,111.7506033,7.607998024,57.02499991
38.83569806,0.712554921,55.81169167,148.2925775,5.160456282,21.63595024
39.22306955,0.314199404,10.54477365,147.1271064,2.554709225,14.7292711
36.46351289,0.288840777,53.50565206,137.2961884,4.382495647,15.57460909
39.15289832,1.122763716,20.93091656,113.960466,5.609879337,36.14389068
41.14803599,2.370026582,32.79616369,118.3133559,4.116939149,29.22212403
35.34010286,0.622549682,52.61739005,117.3563814,6.195226567,39.27432088
22.21511785,0.716179843,51.19560637,130.7831394,7.292299882,26.97672481
32.19069524,0.342133125,54.59637391,118.312155,6.631352746,43.71106348
21.94123337,1.553368657,57.02083963,137.8320225,5.855948121,29.78273101
30.18857578,1.731694897,32.35784784,131.8091954,5.072944888,25.50491678
30.17766223,1.6430349,42.81819054,110.7063271,3.526780915,52.86190367
21.6502461,2.166712583,29.52392203,139.7622895,4.72967699,38.05348625
28.72051335,1.267422004,27.53583587,117.5531495,3.757717443,40.61610255
22.77495247,0.422696898,31.57977053,142.9954048,7.604140287,18.27096045
40.20588025,0.794572314,47.15380674,124.2018175,7.443866942,35.71532046
43.69220065,1.689831936,35.07203736,123.5447872,2.9349583,24.67325718
21.80791188,1.571492737,50.70298372,110.4726934,6.935721327,60.365129
43.87788018,1.374407511,47.26092386,149.5091593,6.217488181,26.98519472
33.06441498,1.739114605,11.02392306,134.4801736,7.851270323,22.73729948
27.48914195,1.629738041,41.51190786,126.9092066,4.779839412,32.43491246
21.92155188,2.215179735,31.82855617,113.8648562,6.333046228,49.72882687
32.5156067,1.506439306,32.83144946,137.9659226,5.107303521,21.10455404
39.86288861,1.968643261,50.91865269,121.3092188,2.41640298,34.50905296
37.67716193,0.696897174,37.3803993,149.5312327,2.280588498,26.90226996
21.25565029,1.727638203,54.28109117,148.0218944,2.732668657,54.05791136
21.82254588,2.265265884,45.64027962,139.4118672,3.777146383,43.83997168
30.07183207,1.025757587,37.64200044,148.8428772,3.554678635,26.67434687
27.38226235,1.96985005,47.72689881,114.2253545,6.369960012,42.87313346
25.80960808,1.839494323,11.91745255,121.1966144,6.29553641,33.12457215
27.02511247,0.242862872,11.35418274,120.1297316,7.828367479,41.76841942
40.08706858,1.495619943,14.16746635,112.8805063,3.862344953,35.40792864
43.23070134,0.412454438,31.87826626,148.8890639,7.630712503,28.25273587
30.12756736,2.421566013,21.77250728,112.3989635,5.677103621,39.17305861
42.65277505,2.047378006,59.21306472,144.2675562,4.971852266,23.23323429
28.03739253,0.363337123,37.11450695,140.726457,6.007048267,20.17154151
31.91092466,0.392204794,43.1207873,125.0346835,6.21653271,31.02904162
25.65072495,1.526737252,23.94100681,110.7522945,3.031574173,60.78663904
36.01190105,0.927734018,26.08984543,110.2438362,6.510293021,47.99120504
44.47452788,0.183774062,26.77309571,118.1597536,6.351036587,33.81292318
35.0873274,1.399939619,44.93678526,129.7550632,7.985193704,32.25440756
28.9453521,1.030828239,33.68531038,128.3163991,7.471686684,27.81566221
36.19543615,0.342583582,35.88418263,133.4117031,6.10796139,20.60738222
23.07301696,2.024608941,39.60014911,140.8783724,6.274182279,30.47489672
42.21647701,2.296184237,48.44058281,125.0941846,7.675913803,23.17760632
32.57709877,1.915825442,14.51848743,116.4145478,7.803069638,39.03089689
31.23374355,2.073813544,48.84369561,142.0019567,6.961791183,28.38943187
34.64661971,0.619577361,38.16175344,123.3076273,6.604361273,32.00820371
35.61959657,0.732575082,43.45477224,121.4752759,2.66819494,33.04468707
21.79439516,0.600466097,26.37758824,140.5724815,6.981933149,18.77937685
37.06543053,1.936152235,30.46934184,147.3655775,3.519174071,32.11406586
26.04829201,2.375000989,21.55829098,146.5984513,5.382705776,39.21439182
37.84881581,1.820409296,58.96499987,115.497697,4.432234823,37.40959121
40.56336986,2.215520236,34.85014863,130.1263261,4.073643804,23.13794529
40.09896269,1.632877828,59.80384579,113.7148113,3.861500009,42.62077158
33.81252419,1.030383761,34.4892989,148.4390384,7.132562484,24.57411851
33.00424731,1.121827876,20.98756322,118.6091154,6.614816724,29.95214628
23.57189903,0.280771437,35.37261984,117.897183,5.140692514,39.62589037
39.38365376,0.175497269,11.97977859,145.5554269,5.986882963,17.09306797
26.78523451,1.76914145,55.23849007,148.7140222,7.907167702,37.25471049
32.41738557,1.152229341,50.92751256,137.9052904,4.385210815,25.19673521
27.10685232,1.425316163,46.29102603,114.8402013,5.306603636,45.66780175
23.34570907,1.438386994,40.49133577,129.4342244,5.201142275,34.40076169
35.73894242,0.765701952,38.99171168,142.6642038,7.615834251,30.22441084
21.35830087,1.242142026,59.8364107,132.8990873,4.109374506,36.71473748
38.71613085,1.229824532,23.8998717,115.3037942,7.917528501,37.06379187
27.93966988,1.032225331,48.98421827,116.87551,3.828185681,40.2559695
20.00336733,2.06962092,39.07023851,144.565667,2.653442212,55.22276814
32.77822848,1.182793609,58.79402719,131.0811665,3.148241271,32.48459981
21.17129771,1.548746859,51.39015916,138.233471,4.557328051,34.87323993
26.90423895,2.249248289,59.92625565,124.922501,5.898535699,36.72680387
37.67441219,2.178960695,39.41624972,131.2994233,5.10095132,19.11480021
21.56724054,2.237013289,20.22719788,149.0841256,4.257669059,47.72280486
40.98346231,0.748011992,35.18435178,123.1881215,5.372199594,27.67453215
20.09549807,0.183957972,45.5555567,136.9915411,7.032837658,21.70623624
26.17059673,0.72656032,48.71801931,116.9002223,7.033586166,48.25750138
38.5226014,0.768897629,10.02549945,114.8695954,6.357367329,40.60804198
27.90675374,2.282464784,35.25135443,141.3456045,7.714690749,32.68581207
22.5473097,1.658182559,21.761729,143.7643284,5.541228005,27.84422476
29.00584797,0.296089503,53.74559166,136.7324678,2.045945826,29.06935919
26.75983216,0.42490863,17.6452722,116.3278335,3.745577797,40.15784998
41.06779755,0.473622701,43.32281248,119.6235186,3.969336227,33.31432865
27.83369794,1.613012196,23.30310952,146.4470283,5.283956464,25.88762939
39.72331179,1.864993661,27.82710716,121.548162,7.429336828,25.60223408
42.29680362,2.163145385,57.02796304,142.7544206,7.028689781,22.94905347
30.84543549,2.357527722,22.02240627,121.4374916,3.393037912,40.52115071
42.7485786,0.584090938,14.75013809,147.5785028,5.116341416,12.76641131
29.43295135,0.843453963,13.46424507,146.5781165,5.954891813,18.24793075
44.10196041,0.676774914,35.2307555,111.7305269,7.925069244,49.27252785
22.23223811,0.961027762,42.08557411,140.8165595,2.187816916,38.41413178
37.17548166,2.295196258,26.36468218,116.7784704,4.783263901,29.25765358
32.34535101,1.480270161,44.51298709,118.610865,7.928651924,44.48407481
29.69122014,1.871660554,13.05168593,128.3938085,7.863234782,30.0200564
35.81779697,1.276286167,52.86673225,133.052726,3.984359106,25.06031176
37.59642729,0.169258992,50.82836049,123.0319888,2.000100418,32.19312299
20.10908174,0.254069166,59.27481357,133.0153346,5.52040751,23.20675062
24.17382722,1.391015275,56.82524905,116.8263349,7.201633105,46.84271813
37.82615127,1.825093684,27.8098582,110.8935062,3.945783345,40.43105629
36.65963534,0.616793266,29.9637692,132.8489755,7.605619789,28.78020154
44.15118763,1.832582978,47.29824237,130.6966104,3.996214623,18.90462719
39.02594476,2.045597856,16.7041386,137.5861586,5.66120792,15.40263765
43.76931769,1.088553948,25.70073551,135.9928825,6.332276439,13.88991514
37.56351254,1.891406159,15.92704685,145.8994552,4.072494587,24.00339814
27.45130522,1.069671881,32.74432245,128.3787448,4.113238472,28.57489846
22.63412306,1.728041511,37.60021399,110.334779,4.819968978,56.671094
39.54559658,1.933592918,20.5580235,135.2261073,7.011340569,17.94947041
36.10373054,2.480623884,11.33158435,137.0052972,2.605104605,36.37430178
21.20465031,0.928951989,45.96779159,130.8597996,5.788876312,24.61813737
29.00126165,1.086497873,11.00025822,137.5721948,6.064087576,14.39018288
43.91999539,0.497488143,58.67013045,122.9433525,5.34723656,28.0674113
32.51002864,0.58977534,21.08036284,115.9523321,7.615030324,47.86589875
30.8182284,1.764148006,43.19500461,136.5821466,5.611944302,27.697602
31.44249013,2.300909416,31.73758631,119.8074572,5.807460506,32.12650608
25.2220681,1.047051884,12.98369302,128.2526364,5.598560167,26.28423359
29.21767927,0.531626672,33.60918033,129.6649092,6.33211265,23.10238958
29.2453314,0.784238799,35.83803171,129.087982,2.812456494,29.01915301
21.3088755,1.192124092,52.7341604,133.9379657,7.365657941,31.79734081
39.18919071,0.79756079,46.61745348,111.1781484,2.254953938,53.99615331
30.4126108,0.660589799,13.96512374,149.5872998,5.84446376,16.5651715
40.55449717,1.866362773,20.45813417,138.652419,5.692885593,15.13534275
41.25870003,0.118827811,25.59438421,127.0155113,3.248726765,17.95314941
25.29985137,1.394153266,15.82038432,117.6532012,2.244265842,53.20618428
36.43383705,2.005040337,32.84495355,113.2070929,2.833012382,48.84450832
31.8070451,0.738947887,59.21545954,136.8876168,3.63003233,26.00637514
42.00391845,1.547899625,35.73063956,122.6782246,7.292634143,22.78651656
25.39351698,1.705360253,47.09410842,119.1791383,7.134406425,41.64462916
36.94533001,1.672059271,44.14688988,125.1981755,2.383133446,38.60767037
35.19380306,1.170039122,52.49557175,133.7169235,3.735608048,24.83691188
27.38253694,0.931787171,20.78617452,136.8682087,7.335897459,22.45465245
23.41502259,2.106217775,47.69131308,135.8068028,3.419954171,44.87932312
36.29099401,1.920270297,54.06776202,144.5306233,7.975791823,33.72356445
38.46493645,0.871012416,18.57549115,118.7502972,3.541041175,30.1395078
27.89068359,0.347246067,27.34011099,135.4698465,6.43467954,17.8326602
36.1208151,0.272338109,58.50508822,114.044575,4.502355041,47.52474894
29.87827269,0.326262347,49.0393923,131.9173876,2.817467312,23.47852253
37.83017208,1.498886467,24.12954163,133.3583361,3.53092768,23.37622283
24.98038187,0.223989222,38.19708848,118.649492,6.050708454,38.34902962
42.25537507,0.9086245,30.21630614,125.6677252,4.022338412,20.8687734
27.18523991,1.907679285,34.49825882,143.0877156,5.624769324,29.26801871
29.19464969,0.8064356,27.75830957,115.9363622,3.233186257,43.04007515
21.4522988,1.931939385,23.96655093,127.3802479,4.691485833,39.95829926
22.78780531,1.889120892,43.73815207,147.3093228,5.073474682,39.33241648
32.89654757,0.689985118,48.92709075,130.1643571,4.47670738,22.96262664
26.68981692,1.849173232,53.69785614,139.0053485,3.187508188,44.10351747
40.88700564,1.894663932,17.76649837,143.0746416,4.769321148,20.70943249
20.36733472,1.053889422,51.14277618,118.150975,6.157403363,44.41606078
29.47735122,0.605009161,22.74004122,118.7286894,7.789433977,37.77360789
28.43363867,1.351049937,31.3668195,140.3436582,6.737129723,23.63986067
20.48319077,2.311354211,55.07218429,140.1322695,2.968822889,59.81770105
23.10920998,1.635080158,32.72518005,112.4073328,3.636211099,60.43487712
30.34106687,0.515013994,19.8531767,122.8999296,2.472943373,36.54123228
32.32161461,1.738616619,17.99343276,125.9412997,2.813897146,32.71124041
30.10724368,1.125287265,33.64918833,143.1616161,3.504097789,24.86371214
33.27344196,1.519669114,48.1336212,126.8744902,3.197164198,32.97260403
34.87829187,1.861753684,59.8602572,147.0371556,3.281895505,39.07264133
20.24809553,1.335873644,49.37043142,149.8643111,3.384621359,42.09452701
31.60237899,2.053561539,53.85059795,141.2290466,3.804072175,39.05171637
44.08748102,1.83317339,47.39161805,136.6554676,2.753516412,29.10348418
32.975807,1.576176016,54.77175504,125.6758866,3.667009903,36.73121021
36.93855669,0.461902758,13.81467717,112.6815778,6.130470964,43.88592738
27.79659645,2.106277866,56.49657995,132.9255503,3.418405999,40.9250736
39.34978445,2.346173405,29.82030769,124.4681962,3.031030566,31.36123572
39.32303705,0.428716297,56.08071116,124.035923,2.406173973,33.61537
33.03240119,1.271778711,13.78664187,137.5083701,4.999828917,16.94946225
44.40034558,0.721332981,45.76214786,128.5455743,7.051896367,24.07814971
23.13875537,1.910855938,46.78443743,140.0837538,2.354099866,49.8933636
20.42369162,1.831911126,59.84554446,125.9269289,5.253956163,44.17027545
39.25395529,0.438124289,48.44276353,116.0345354,5.903713493,39.69437243
40.17888843,2.204865451,29.12868529,128.453901,5.554769941,18.03258118
23.00518073,0.534335354,37.86242758,148.0405006,7.265739221,23.9477299
26.63957082,2.013421662,28.32754691,142.0609852,7.198373481,28.14351162
20.43880908,1.196752863,19.80093227,118.2299702,2.343845555,54.80863283
27.33271527,0.887853505,22.42511638,125.6520201,4.165663815,26.45768833
39.32854685,0.47977423,21.10052671,147.1116838,6.024978983,15.87223723
32.94901319,0.502274215,37.44076651,114.9479623,7.714667933,48.55611409
28.70238983,1.688537331,55.30803173,120.1580097,6.828108779,38.83053671
29.29348237,1.421032931,55.6363313,120.4889058,3.059535863,46.12918138
20.03384064,0.393005012,12.73818888,132.837315,3.675253026,22.94164541
27.49501319,0.370474865,13.99497005,126.4293328,6.581563182,22.40433448
36.16146854,0.273545379,22.25595286,113.194827,4.828849084,45.01975425
44.3548611,1.885041634,22.75297262,135.1672582,5.283814652,13.39461416
41.17652067,1.808517005,14.74445876,113.9631146,5.653878921,25.76145493
20.58987412,0.240234378,29.42316706,134.2565973,2.619749106,24.30562175
42.46401512,1.444648181,39.38626963,130.2803352,7.135772201,17.23928362
39.57996033,0.303222773,38.90811003,129.7467464,7.178806636,24.63308082
39.50940309,2.268989849,37.17148406,112.6998498,4.809436665,38.45642069
31.44989398,2.277081806,26.93359624,135.5688179,5.761071311,24.13557322
29.95013232,1.775759176,45.32278427,127.2528103,5.95942472,30.1228512
27.57289322,2.322853411,51.32419705,126.4442449,3.138335508,47.72833136
21.64237147,2.047487273,27.31371332,133.8580559,2.675508971,48.77438368
25.70588409,2.088492582,14.27676796,134.2499224,2.124037678,48.06232095
26.16509087,1.467298841,24.81651255,110.6013318,7.477290961,50.01711303
32.10192674,0.834542076,16.86843273,115.009036,4.074279734,41.4451294
38.68611016,0.622717876,33.36793636,119.4607288,2.51498561,34.60539648
31.84524571,0.885280053,17.79675757,137.1190933,4.794799871,14.89666351
21.44611124,1.608389032,33.14223788,133.0696451,2.45375068,46.10476135
43.94474502,0.514375686,21.05014462,140.3051653,2.511504517,14.54278596
43.56810798,0.720736568,46.93655527,139.6243122,4.933312074,16.97848925
39.62973858,1.223346071,11.37841204,144.1273148,5.053019958,14.65698746
44.78319754,0.659320236,37.73731519,125.0725945,5.480858512,23.02680496
33.61205832,1.512744807,18.47441375,123.8025546,5.93786888,23.67758682
44.06920876,2.315622468,10.04959322,143.2406161,6.009604221,14.48549271
21.89012602,1.895414478,53.4600044,119.5040614,4.597980125,50.32239437
29.14201871,1.699423874,43.57638939,128.4468949,5.861198351,27.84805045
25.6345317,1.498531542,14.9471411,117.7730261,3.828438537,38.80068487
24.8958271,1.271074982,43.20361838,146.5536297,4.647849147,29.00234027
23.52007372,0.547753263,40.58236664,126.3121205,4.359962291,28.41363826
35.56034104,2.247305093,33.66783435,118.4994759,3.974660007,36.08528134
39.53304639,0.696486405,30.96290492,137.6805356,3.431424954,14.86772154
34.45745999,0.319141306,54.35348815,119.7857871,2.470754003,37.8932716
23.67406774,1.90003643,22.25740099,147.7401441,5.035462867,36.76217461
40.27809425,0.521477282,29.91550285,124.7046806,5.223729117,24.08777232
35.89886768,0.992550399,26.45577064,136.5856285,4.016930265,17.41289132
29.70414265,0.167883828,48.56005145,123.8097972,7.855063178,42.2507311
36.85325739,0.428963062,55.82326531,142.2898233,5.341767262,20.83526343
26.49762448,0.515688714,52.48908494,145.8769096,7.334063113,26.16821899
28.62980521,0.230584307,49.88519651,141.5167344,5.420511857,15.38995847
42.93714608,1.675976696,59.33949728,143.9399607,3.139495118,29.32535562
27.26261264,2.10881871,44.85722752,114.0752331,7.847735238,51.50890406
31.7497067,0.995956975,47.55268956,146.9625871,7.312010063,29.17184273
42.25352843,2.198983544,59.14012699,134.9720292,4.827642071,21.94141959
37.69303376,0.612031779,10.34953927,144.7687013,3.458347351,15.62124921
21.55508065,0.880937017,41.70241882,137.3774706,3.336017698,28.50986346
23.68257611,0.461768783,46.9485766,118.0739067,6.836122563,47.20216474
20.19603977,1.589342069,55.89135269,134.3822041,2.414711669,52.34801885
35.77304476,1.107687018,54.19221521,113.6378496,5.828362288,40.39491649
31.19183564,1.571880032,52.09803406,137.8289212,5.840809541,27.49414209
23.35687127,1.928019773,57.2895636,126.3600456,3.094727286,54.6030273
43.94835303,1.409687238,36.8689594,116.0693269,6.229474211,30.34969294
33.2414931,1.606312852,10.34600478,149.1691926,6.232437735,26.11757715
26.04733235,2.344600755,10.55271993,146.043377,4.100185205,38.67362584
32.51508928,0.817754343,37.23195278,145.7417485,4.900255476,18.58474161
36.99050832,0.961993453,31.76361194,141.5528123,6.996581307,20.66968093
21.90598045,1.822488068,32.56225267,137.679245,5.138919641,31.03628188
26.86759538,1.567133241,30.02023686,136.2031792,5.708942606,21.79185603
40.17413727,0.528478971,55.88629045,114.2437535,4.476617903,41.18188053
31.49162176,1.002753544,27.95851756,146.0226494,2.897594535,27.88185709
33.66442855,1.222811231,52.81134709,145.2451359,7.98839979,29.26131989
30.82040006,1.106535611,55.14323969,139.9141051,5.189219122,23.64084261
21.09749857,0.52785954,34.9750885,147.0925984,4.018678769,21.04332121
24.1437445,2.31863222,32.34690187,132.1233381,6.282723956,32.72590345
31.13854097,1.929565028,48.05103021,127.9056934,5.7249306,29.75494856
25.22963664,1.255253997,45.39857538,148.7178961,3.397449682,35.59328937
21.24947572,1.732146468,26.42675583,128.5652475,7.261552996,32.34338128
41.0912416,2.253478413,15.1274063,135.6529776,2.425417622,30.81370695
44.52981323,0.426817942,23.24262001,124.9224859,5.634189511,22.45987954
39.82857185,0.700895322,16.55142529,135.453049,4.867330949,15.87347638
41.34462304,1.402482993,24.73661379,138.8039598,3.909190483,16.61125261
26.04942826,2.017624891,23.09107828,134.986221,6.95828077,27.02056979
44.01567439,0.187011749,41.88557119,130.5825176,5.937662446,21.63414446
24.92314261,2.46164356,57.72480142,122.0044319,6.556996981,45.35430824
43.78574526,1.191775847,44.28718662,135.753827,4.487952456,15.98695822
44.87048235,0.962154737,56.3324704,146.3371558,7.654389988,30.50609818
37.79307014,0.802538651,49.20661293,110.2765036,4.068340536,52.9265238
44.52859329,0.518456098,46.3938811,115.3571611,5.186269547,33.78738131
34.23849449,1.999777381,30.70309701,114.7909263,7.601900671,39.5276113
26.48854458,2.392993995,26.23972514,146.9282121,2.499133747,55.44239618
30.92489714,1.092747412,52.31386862,136.5099076,2.652862623,30.59360292
34.83902338,2.385809667,55.26966165,148.0715243,7.965126598,37.13645082
21.82703905,2.077114277,32.59412468,133.3125309,7.828346942,33.48051083
35.55858162,1.254522706,10.45315491,128.4693159,6.630209635,18.42737756
44.52944592,1.71766283,49.62655295,141.6937165,4.905129656,20.49404549
24.75269124,1.14396203,24.25344202,116.4376907,5.036365092,43.54468889
39.81487791,1.44093618,10.49439325,125.2535247,3.543277241,16.84385187
42.69746984,0.239311209,50.24942795,128.6509696,4.596386217,19.06632204
43.59253982,1.771032341,35.87070944,121.9383358,4.588096267,21.8950862
44.00339011,0.226779147,44.26053732,124.8514245,2.216540114,29.16905376
33.03649097,2.061003873,55.73449106,113.1242075,4.718949248,43.01546115
44.4326977,2.079872631,37.05869151,117.9193436,4.878766451,24.53812321
38.93275518,0.66898549,35.15970363,123.4198688,5.994699045,26.17022496
24.04178591,0.876790674,24.53310607,141.8356173,5.09871748,20.79826992
31.92250266,1.255144909,25.25969172,117.2998942,7.170097594,35.94799481
37.95827938,1.531990977,49.8271033,123.865615,4.205370951,24.61010031
26.1835079,0.789648788,32.45146228,112.5968115,4.458305547,49.23951485
36.01537959,1.521967371,18.17631043,132.2841738,5.428895082,16.60047158
36.66501198,0.814688976,14.7264382,134.4500355,3.216336347,16.53082658
24.0674936,0.233177731,33.64600584,144.6206585,4.360988513,14.5844475
34.12713281,0.10606612,33.24775118,142.7646399,6.117004831,20.27204015
39.29067277,0.342762539,42.67291391,121.4151182,4.470852436,25.54210438
32.47239161,2.00140168,33.55337389,115.4781476,7.43969906,37.72844485
20.30257792,2.40743515,17.17378521,116.2433273,5.691803126,49.36084168
20.22596173,1.124718878,35.39014424,148.7585577,2.9226065,36.62094598
28.9257336,1.330441488,55.33947019,136.9290326,4.924666046,27.58223156
43.15485171,0.452435606,17.97207058,111.7028315,6.588672474,46.498328
25.71691949,1.422475246,44.48773205,115.4711702,5.860070992,47.91955132
35.85909222,0.447171765,39.69296325,129.4320026,7.311581442,29.37400104
25.55189677,1.566914395,47.42928634,118.3131522,6.499897379,38.90012384
28.04174974,2.339820802,17.53001367,142.1463594,2.369682636,45.52405316
41.20105224,0.569676494,57.08026685,132.9286847,2.675075895,25.74311556
38.22153606,1.934952923,41.04832139,134.5052883,5.898492193,22.3499873
22.38498193,0.156405815,52.35355688,128.5130219,3.430447751,30.48299053
30.71755052,1.001193379,22.33033818,120.242511,5.527009416,29.07923005
20.72924409,0.365796419,46.97064447,133.5761445,6.753305553,24.54458431
32.02225367,0.94594106,49.05153522,138.6788018,5.461589527,20.0933046
36.56085029,0.516488607,29.87176362,124.8379231,4.49293142,21.20220605
22.96256559,0.995931976,29.19767264,130.1977452,5.877621867,26.00162425
27.22212347,1.102054735,42.88981325,143.5873588,2.861716666,35.66662172
29.94591564,0.821418695,14.67038409,115.9472705,6.339247973,37.41863709
42.98827562,1.675892679,46.78120751,131.8089768,6.182150682,20.64428876
44.83137539,2.305244923,12.14433799,123.9365065,5.08642019,11.15568786
21.12278247,1.061428898,19.52951506,138.1117903,3.67288097,23.10420779
39.02519809,0.561623576,43.20718786,110.7524097,6.78538272,54.12979358
29.29310166,0.74973462,14.91618335,136.818932,5.063301819,15.10387756
29.81145466,2.149601976,58.59210457,114.1159094,2.355061435,66.29465995
38.85662433,1.471935336,53.41981047,112.5907101,7.511675311,48.1095104
42.9606608,1.192026478,41.31511662,138.984932,6.606298619,18.64520726
43.77321486,0.459128132,50.95287278,135.6136861,5.508830886,21.28705834
34.42806465,1.17934554,54.37900243,145.7974372,4.620953104,23.15902351
28.92802898,0.768380808,22.97378248,130.7861982,7.759398188,25.53448587
39.68872715,2.363591507,52.4705794,131.200977,6.650123446,24.2939192
26.27503458,2.221768263,19.73968918,138.2807134,5.209958404,27.34300471
34.10185072,0.3013661,30.66711321,122.9359031,5.918923371,28.84241468
28.96446154,1.339968374,37.91298156,111.4764982,3.68450241,56.11318909
36.41577684,0.640140029,45.69454815,119.201833,3.174295656,38.58900869
26.00997282,1.085865015,11.50706589,119.5205365,3.639917284,36.6192066
24.78982364,2.204435196,24.52547064,123.426354,3.758816596,46.058718
42.95597717,1.366034848,40.42595491,147.7385093,6.438430704,21.54114713
22.54509207,0.902116704,27.86843396,142.1937119,2.840366244,27.32825567
32.64894769,0.59893205,48.75125278,147.4382498,6.66552321,24.51587428
25.52131957,2.020779663,42.58260806,149.9443836,5.14037188,40.66944412
20.97324908,1.598843237,21.72007269,127.3511602,4.307438626,33.5188495
20.90047046,1.223357105,17.29644898,119.0829327,3.802376658,47.68790111
24.3805443,0.621962449,41.45234968,132.4001665,5.079203627,19.21736935
41.66925886,0.902191298,32.52336639,145.2453766,3.905110776,18.07191572
27.0619686,2.403624224,18.44785206,128.6292744,4.576711955,34.75587434
43.76147926,1.34821585,26.31871027,130.2159721,6.434091738,12.6445002
34.54055732,1.061678275,25.15233742,115.3775642,5.755991038,38.91905646
30.91535474,1.351412902,15.40659862,126.8182197,6.487894259,21.95329481
34.50222087,1.969572414,37.34545096,125.4797924,6.277842138,25.77355433
32.91745963,0.916261448,48.1824317,124.0675401,6.89043496,32.56720763
38.96940634,0.52889469,38.77334444,145.4919468,3.210139758,16.29805791
27.06240165,1.503846684,51.31456825,112.3720573,7.970737997,53.91003207
28.82625979,1.696489848,16.37842736,148.8858873,4.854622699,31.98234509
42.35235756,1.810523207,31.78059289,110.329873,6.309397628,35.8756056
43.66141283,2.216770218,40.47075518,147.8237606,6.066500978,20.7871055
42.31395569,0.99081789,43.80007805,131.9219001,5.396900508,17.03543464
30.48619985,0.280851751,44.78931532,138.0978098,7.974897312,28.89988242
39.50913758,2.400036601,46.44827135,117.485314,3.303895098,37.82760626
31.90839333,1.144028626,42.57149061,136.1684616,4.530373204,17.90214737
32.4384963,1.595818023,14.71140445,145.2783067,2.766383355,31.44508343
25.11700273,1.699132776,44.76528388,115.5792056,3.091012832,55.10722918
34.77825758,1.411632901,46.23913284,115.0832645,6.277784381,39.82338276
24.65339744,0.592618071,59.67399672,122.1591164,2.029056073,49.26855229
28.28911748,1.91234332,44.66812184,116.4690357,7.338923908,44.46144607
41.37575504,2.029004738,44.34151979,114.4258339,5.7991069,33.72358293
25.17689523,1.427141406,35.74066451,137.1327614,4.645430322,31.27061369
21.77895713,1.272546785,53.39614543,118.5530646,3.988166643,46.97048117
21.72518982,0.37345164,59.8417381,136.680596,2.757644292,28.02102707
43.51961301,0.301483988,48.95224351,144.4771691,7.529375519,30.90456235
32.67301095,0.914955629,40.62501889,136.0809917,6.27393395,20.51586183
30.2353018,0.846030773,13.94774135,114.7746828,4.018357994,34.92799874
40.27196453,2.388775482,46.33695659,132.943103,2.425617077,34.99810173
40.8956482,1.980694582,45.42807843,125.7451474,3.954096989,26.82829772
28.30477583,1.683818309,48.77840739,123.7348375,3.107805769,39.99003904
37.34045144,1.342355414,16.22776942,122.7412587,6.717639879,24.456498
39.2780704,0.501682074,42.68662501,147.177289,6.317592109,18.01825053
36.36626717,2.448296013,24.78619525,139.7002983,4.988963764,26.72704239
23.78987687,1.000097676,48.01356217,115.3539516,7.315046619,51.49026941
41.89707709,0.356621446,22.0186977,129.0402192,3.084084129,17.00865097
33.47736382,1.28511735,44.19893384,122.728923,4.711793513,28.96358295
27.06181066,2.197595228,24.74964735,149.1175325,6.263721824,32.72109779
30.63070464,2.229498404,10.44971464,149.1211589,2.406814098,50.68093121
20.93927726,0.126318199,41.6678956,122.781379,4.236064165,32.37423275
23.19667003,2.227109787,15.66345416,124.0845246,5.429988813,37.75526447
39.13866876,0.751562122,42.96457364,133.9765683,4.200821232,16.06410651
20.00029087,0.193533674,56.28047242,129.1722806,4.881193936,31.75635779
30.41414571,2.134696649,58.46229671,118.5240349,5.648710096,43.17901824
33.06275453,2.173280214,21.79615437,136.4164867,4.210343685,31.0356543
21.3658605,1.530954592,50.46266138,123.3651458,2.636086136,57.46392701
44.32695407,1.478641018,27.67766384,136.1486599,2.836666984,18.14138932
25.65313328,2.051488654,55.02285364,125.3472609,5.162023817,36.9188255
27.60496799,1.987142927,49.37447843,138.0083958,3.048440154,45.76501782
27.59856281,2.236253136,13.69608583,136.7119788,7.339002033,26.7959293
25.76041655,1.426593874,30.35684969,130.3525102,7.005114111,29.35782809
20.03684555,2.422353023,26.8658913,138.1895996,4.094192414,44.88175833
38.23361985,2.490752394,49.25905104,128.438627,6.985923032,22.72110647
44.17113749,0.379707064,30.51428553,114.645532,5.199126982,38.2491202
25.60733708,2.138905023,44.22941988,117.2842501,2.954305572,54.06661457
36.5761798,1.299573419,40.12176278,119.8397254,5.685271127,31.37439688
38.54740817,1.030159212,58.78193595,112.5291571,6.076706703,45.78834968
41.21063448,1.571373544,56.88924784,138.4552488,2.503349471,28.49466542
30.56572993,0.234317337,31.38497574,124.6956091,3.886718543,26.65123116
27.57327264,1.315506685,46.17891058,113.7409319,2.032303926,62.84547407
28.13237835,2.190137368,51.4730047,142.7983248,3.89857282,41.32480149
37.81553333,0.612307639,54.94428769,137.3461714,4.012671998,20.79545005
40.41948666,1.123335747,13.40671319,128.0889695,5.781251761,14.23514128
24.54034919,2.354754131,25.10393996,119.8970134,3.194259678,58.8827928
29.2735252,1.128553211,26.01150205,116.0698358,2.18054592,50.50844896
42.54850492,0.960082318,31.72229756,128.3349677,3.893807201,17.79042846
40.16733799,1.157287955,18.46323754,145.4098297,6.953717278,24.23301201
44.62146007,1.34668664,34.810294,117.5358129,4.394871233,22.27329483
38.85620649,1.616779226,43.16071636,132.7463692,4.490562619,24.38653632
29.82988003,2.021662722,34.86819601,148.4674398,4.814165377,35.24577264
34.76594585,1.185045294,43.28965476,135.484663,6.510732985,20.64151527
36.52535636,2.061954244,13.32208159,127.5985892,4.880149354,17.86433484
21.96139541,1.380929587,53.79936659,138.6549189,2.547696515,39.93838531
33.61242398,0.912353225,56.95345961,142.9831168,3.238398798,25.29689992
37.73302071,1.679081987,40.89537121,133.6206519,3.127384202,27.16878948
24.1830326,1.822533411,54.06954993,144.8732944,5.04717991,37.22600984
39.51579294,1.439317542,16.57230083,130.5836704,2.17957679,26.6227467
34.59431951,0.235875936,49.872446,143.2011601,3.701699651,16.81622628
43.80554464,0.5077189,15.95740967,148.0807696,5.643169646,19.00034227
21.06055746,0.78471453,30.40051157,130.0497387,4.127904053,32.9173213
26.63315344,0.778301454,26.19092673,134.2000686,6.246272951,23.42269203
35.03884698,1.716209921,39.27959126,134.3787017,4.347328021,22.87463006
27.41399781,0.144036788,25.07572676,141.2573945,7.87554517,24.82371058
37.8606041,1.913636265,41.86568148,142.9186336,7.792137722,29.11879551
38.97513206,0.73682194,28.36936446,111.0891726,6.799044287,50.59383048
22.5628991,0.844052431,53.03951905,139.3343826,7.726343168,28.74494228
32.84636161,1.366983587,41.69419201,141.3526098,3.22866945,26.16500008
32.72226389,0.618221442,20.76491487,138.0171776,6.505538995,19.618793
29.23201926,2.222731153,26.8064711,138.5478264,3.9299518,34.89912664
43.32312156,0.30488507,52.37104438,111.6561144,6.351765914,48.70517421
40.687658,1.16651767,29.3239875,127.6815465,4.24336077,20.02523234
37.43023455,2.138613447,36.78995328,142.727186,3.736523958,33.62744154
37.85816589,1.578025347,42.4470968,147.3602857,7.752770571,29.23618314
31.5429036,0.801590838,27.39048248,119.1787168,3.259312651,34.69053861
43.02486303,1.109824499,24.69893154,133.1677976,6.551411568,16.54026636
37.36488568,1.796066513,33.76274513,142.1732096,6.048032979,22.90973798
38.22452654,2.435825784,20.7440486,140.0963057,3.820865851,27.2385101
41.54227259,2.243532924,24.21052935,134.7556047,4.750058105,19.50003838
26.85178973,0.92183874,13.1039242,110.7476475,2.857658576,57.01614275
40.1767726,2.49567491,25.1985138,138.9554336,7.527251626,23.64223515
24.88101507,0.108411192,26.03520467,140.9297001,7.808718809,21.52508822
28.63354881,0.166311414,58.09165831,138.9139803,6.394778191,19.47075792
28.39026136,2.077217236,39.48644127,140.6323665,7.096522063,29.55988103
44.46313671,0.578710448,49.36912127,127.2365957,2.495704585,22.26520714
41.41343059,0.245846244,12.26886264,149.7500858,4.303811708,14.88648972
37.52924654,0.669155376,15.32683468,140.8314766,3.984866689,9.39045372
38.17641904,1.12264037,50.72684804,133.1472002,5.389709394,19.18316772
34.05181986,1.853359049,41.17747747,147.3676508,3.100131768,36.96337729
43.67726668,1.598405264,19.54910153,146.3279336,5.380287924,15.94689225
32.40646882,0.670290922,30.23977029,142.5826826,5.926192193,16.83833388
29.51294275,1.307849075,36.933625,132.5477968,2.794118551,32.16422244
24.07588342,2.322913853,52.18049146,131.0840408,2.790324253,56.11205397
39.65514131,2.056018665,13.02059958,123.1483173,2.212540339,30.98907471
38.3610983,0.875655484,39.83611447,120.0351192,6.565354698,32.9037966
29.60887596,2.457434947,45.85179608,130.4943807,3.986051221,39.72906148
20.62983535,1.800688961,58.8945929,133.1112705,3.352522734,46.13535952
40.97493319,0.249878454,50.35800391,119.7810573,6.66856637,37.62561826
20.28544959,0.184385712,23.81136568,146.9040497,2.859534141,16.37609073
37.59249449,0.504179078,45.47895969,132.2909599,4.563100563,22.83970544
44.25642774,1.846854083,48.16389425,131.060213,6.468720053,17.98979783
30.9415332,0.540973422,46.486775,127.4255355,5.442993906,24.96631422
25.87433512,1.327568246,51.0072034,112.3228518,5.324000861,56.93707887
37.62177525,0.323824288,55.18649881,145.2960534,2.944780464,21.83407961
40.42820355,2.310126779,14.92149345,122.6797691,3.085596367,32.73721022
33.6607579,0.925505473,15.23819288,135.6984134,5.495352763,12.41220077
44.17588188,2.279516936,49.81999944,134.2973424,2.141401166,32.30819892
21.29171804,2.367701541,22.61862383,133.379473,7.214707934,31.97522197
32.61988996,0.114708754,12.9270711,131.0284881,4.102824804,15.34363016
37.96134868,1.213924449,30.06145905,117.2575933,4.499697302,31.05542846
41.56601178,0.159174534,50.99384559,121.2242296,3.550594008,30.02423012
24.4813903,2.280862639,16.32825119,130.9675229,7.260026596,30.81001039
40.00008704,1.344178107,43.59209859,141.5736981,5.855024437,18.81599232
33.81767689,0.27986563,10.18079309,127.2795588,4.699450814,18.22730266
29.91384205,0.364664148,15.48687236,118.1569021,5.511852774,32.72149636
23.29287571,1.020421659,27.54251729,113.517777,4.282217576,53.36592478
41.63239397,2.356562063,14.18011405,136.5204401,4.79349487,14.30928999
23.9318302,1.762981964,52.29508337,126.9335988,4.14579316,40.62793434
27.74469648,2.182285279,53.20352516,115.0148357,4.464048765,48.41506366
27.2511383,0.979495951,47.77853515,136.9786752,3.889859264,23.87547798
41.78535085,0.203712879,22.12398157,118.3031492,2.465846465,32.01969514
36.81757486,2.438362329,36.16235376,130.3606419,2.224077669,40.22448234
39.91703493,0.141215178,19.20942628,122.247519,3.044637226,26.46289716
26.26169747,2.374363967,24.0639225,147.2676026,3.509826463,45.04851671
35.62185249,0.984825817,35.80026461,119.1315227,7.342831164,35.905044
34.29364958,0.124216972,46.75069042,126.7967409,5.667491927,24.37087758
40.82075942,1.753977356,14.73271902,148.3797439,7.749783018,24.77993738
42.65217651,2.45329673,24.83483488,122.7490072,4.037881161,23.8130159
20.30391929,2.417501735,56.33106743,135.7837265,4.410428023,45.47825068
36.85049798,0.486248827,31.45616589,122.6690817,6.318519366,29.28538832
21.29589498,0.534994735,56.9434837,114.4269992,5.467412466,55.6929701
33.72146663,1.457293395,59.57002708,135.1018893,5.167280482,26.99747354
27.19081823,1.629531583,36.33299131,146.6412614,5.453384249,30.08082695
27.66941499,1.874602993,24.40220049,128.1025867,5.504811874,27.96272289
28.82396259,0.534520865,49.53884043,135.0470617,6.594442545,25.04588202
35.53231123,2.401617008,17.96553678,134.3559365,6.008492164,21.34313498
28.35124914,1.632974215,22.60234298,126.6035881,7.743885492,33.10604592
38.31747626,2.132912605,49.24399547,134.5958656,7.687778108,25.09577912
30.11318464,1.396157717,31.68229624,120.3727234,4.531537098,36.06468876
21.70883001,1.094264434,20.07689685,125.1215162,2.214335657,43.46653207
39.59399606,2.445238976,42.55628725,127.6927543,2.066448693,43.48482471
27.14395811,1.49709129,46.63809307,144.5603473,2.739160429,38.62246408
30.81917199,2.180496599,16.25356197,123.9333158,2.449384393,40.46642713
37.13609708,2.387901751,23.849013,135.4054819,4.240196294,24.65278727
28.31140393,1.720851105,21.06383777,118.5361535,2.317247593,52.00443066
21.4146414,1.417452828,28.99273144,120.1027892,5.749484217,43.05378941
29.34802618,0.108426042,48.17224478,135.937155,3.141045356,18.56525236
43.61121457,0.196047138,45.68540511,140.4923971,5.083791911,13.28955878
36.04335993,0.582042919,43.12619552,128.4846871,2.618472696,27.97491707
36.78697872,0.546420236,10.31427729,123.4039879,6.966374395,28.27358949
35.80705384,0.711421108,17.10716567,146.4108622,6.679752969,16.16802947
24.97480347,0.83184313,21.16487746,115.4323126,4.318923326,42.98751937
30.4583466,0.964157185,23.5977923,138.8285695,7.463559995,22.04316071
38.77349496,1.109290456,17.32132708,137.60683,3.114203877,19.78630216
22.53432244,0.337279212,30.51577757,137.6098065,6.883620231,19.52845016
26.9463194,0.201668637,13.75902925,147.4168178,5.275132606,11.40973261
26.90797771,1.717466678,47.50110952,139.127612,3.97748041,33.48452063
30.80047319,1.38960358,49.38603936,122.0626076,2.50616561,41.00410507
44.50921852,1.165946085,38.71333448,124.136369,3.027866758,27.51794563
21.68756367,1.622655859,14.48524385,125.6444389,7.177175632,34.45739814
32.96752486,2.086430577,54.50415848,111.232347,5.641316451,45.60955759
24.48411705,1.126462982,58.28179144,146.5404126,3.42257335,31.59705973
44.26691364,1.638686716,20.11817802,112.9421042,4.975117265,26.34793669
22.83258762,2.388573337,45.23199097,137.9917713,2.647020019,57.41461834
30.09002506,2.11509879,52.09693153,139.2064402,2.59305495,43.10250627
38.44712462,1.122401945,36.99217613,143.748602,7.44658791,24.33892525
37.6138607,1.647320411,26.16615498,132.1344902,4.747137736,15.06111006
30.56821592,0.524970213,33.92793575,139.010577,4.169402924,18.27780357
28.6631042,1.445253244,35.61343754,122.108917,7.69443096,37.57983392
29.94030946,2.455187899,30.03185221,139.8233604,4.394004072,34.49733903
26.60690658,1.343956276,56.49212468,123.7366295,4.017452768,38.94951254
25.13332347,2.326331918,47.19415555,146.1135391,3.637917027,50.93966725
32.07599244,1.077603809,22.06508211,116.5352723,5.390376924,35.64271904
26.7133439,2.497227585,39.27785937,122.6302924,5.350463554,41.19308015
27.18654162,1.490128085,44.43445755,129.9507781,2.097165056,41.60859343
36.41890159,0.201445586,17.00782109,141.0340223,5.924373944,14.73253262
44.21343329,1.508211512,27.92128712,139.9519642,6.729842618,17.50168753
35.09093001,0.75897447,55.27741408,118.428675,5.695787255,39.23014627
21.92448668,0.177955173,38.35865501,115.7694279,7.21932883,51.38375155
21.88959035,2.070047931,20.8498873,122.1587842,3.658498166,47.52510017
43.78558052,0.761751129,16.13923991,129.3501661,3.151876417,15.01498985
27.43226976,2.01171653,35.91134467,131.5602018,6.183668563,31.73215779
22.30167465,0.791722199,37.38428615,127.1655036,3.131354613,30.23869609
34.97611468,0.566383249,26.72072257,136.5236047,2.546629276,21.70489071
35.59121946,2.437445378,41.52080142,127.1023577,2.579690411,40.69815174
36.2126205,0.967948787,13.43423431,147.8531604,6.610360959,19.5173685
26.6850507,1.543302907,17.25698466,120.4387539,2.17242381,48.35707005
20.37776711,1.563955583,37.31369105,135.0948848,3.736740229,36.56766898
44.12538424,1.445136357,13.09078469,134.4551175,2.77511846,18.24039268
26.27232614,2.295269784,54.04543825,121.2629889,6.529460881,39.25890927
36.9006572,1.718658571,17.10731852,126.467505,5.020958513,19.99295658
37.66574675,1.06895921,43.6959937,124.6189448,3.232954487,29.08476435
35.25018543,2.169712923,29.56017209,116.8999624,6.502465392,29.91544527
27.82268486,0.534550958,29.98938738,129.0918085,6.502199055,25.55232234
26.77740634,1.406168218,48.24447643,125.4664901,5.138135882,33.34938888
34.94170707,2.381320893,34.97310671,117.1326944,3.655098722,38.61452284
41.65239084,1.600954312,46.28277318,127.9952018,5.517662596,17.08809293
43.66834322,2.060724281,35.25956144,126.8737587,7.601180605,18.59851567
22.64764511,1.668545741,39.64526707,115.2546271,2.309818326,65.73788597
23.87071531,2.114490072,48.03573139,115.2475017,3.60169908,59.0470976
43.61840647,2.366770912,40.36543715,135.9002952,3.709815172,25.46210484
38.41338071,0.755012146,40.78075547,138.2632322,5.790869982,17.06276715
42.07484562,0.507186595,49.46097957,147.6472168,5.90698638,20.24694548
25.06581585,1.261577801,57.45434079,113.4801876,3.23789237,60.35682581
34.68964678,1.784469824,28.8358077,114.7144597,3.296603586,40.84106572
37.52848986,0.645259008,38.85585786,112.0727251,7.569276107,51.18529891
37.00279714,0.109843481,14.31365789,131.2891372,6.537792906,18.54749501
30.20379227,0.923044278,27.94019403,134.9098646,7.605618191,18.77152863
20.38487229,2.425262405,30.60246129,126.1409381,6.977977929,41.38310127
34.57315142,1.767921905,51.76186584,141.9160888,4.412707882,29.69227981
26.32753848,1.063181065,35.66962011,137.4679774,2.731445821,32.4487601
31.25635615,0.562182634,46.55331866,149.4336168,5.777302198,25.83495225
43.93952538,0.954615217,10.95037,115.5157993,4.111946374,30.75407573
29.97588294,0.50761464,33.22463348,112.3326266,4.552471944,47.24766084
40.99504017,0.355133971,55.06588326,120.9921482,4.555278446,33.06943455
24.71351514,2.276181694,21.21569547,110.7620078,7.61911773,53.10415219
36.81151245,2.494360812,11.57610927,147.3044571,2.413174515,43.7300461
44.42517386,0.493874655,31.67043669,122.1580663,3.158622569,23.61342162
22.54732752,0.230854141,45.22159103,132.0972067,5.647657226,22.044371
20.20799856,0.891354657,32.72317534,122.7227853,7.302548395,38.94823042
30.83956982,1.207982034,32.99891568,119.8323449,7.507655911,40.57659907
22.31563708,0.591570993,43.49025206,116.094589,5.352157559,47.58760426
38.70960874,0.823419788,22.71944041,122.8146368,2.207367313,29.10152204
42.8637166,0.582089766,47.59448958,134.6167572,4.177286206,15.00470239
30.85052432,1.958225364,17.65567655,148.864848,7.512999753,32.60878175
26.46779105,1.810187064,29.78753026,132.3236816,4.999664516,30.36860641
30.86008298,1.623883638,42.80040542,131.3083626,6.359679675,27.9888475
38.08619545,1.029322857,51.41845036,111.4105207,3.615160523,46.60276093
20.22635404,2.281698259,49.57655356,143.6039606,2.150041822,66.15578325
34.73634974,2.4268781,46.08427997,111.793655,5.470161117,44.15299268
35.33229212,0.51673435,27.95481918,146.249291,7.009886027,18.97815353
35.94220617,0.635230339,16.11521581,131.546869,7.941612181,26.88299971
26.050552,1.361514467,20.84171088,116.7386642,7.079762647,43.11055981
37.85131808,0.319001366,53.24169073,128.0682957,5.323966174,25.2166081
22.28478716,1.147476157,52.86656851,149.7993792,5.652365533,30.10091311
24.98175841,1.496299035,57.57804263,122.2033141,6.944984239,45.12630792
41.93675117,1.352976571,13.79943259,120.7783907,2.118864181,34.39779554
38.46807877,0.894180599,36.84045426,114.7202358,7.709866089,45.42204305
20.34363885,1.401869935,42.43415225,133.885694,5.187327475,30.23756579
26.20940651,2.40112229,45.53286885,113.56908,7.712313467,52.22627009
25.36016207,0.59444177,42.19316175,140.6403226,6.587108999,21.28367127
26.7701582,1.67159526,48.5005695,146.7689406,2.913906072,44.99851377
26.18899426,0.204152066,27.97357881,147.2748444,2.991558888,15.53491556
21.56315739,0.259399371,18.97163861,114.3166501,4.121875856,46.60309761
31.47351291,1.424387738,20.22916861,132.3305039,3.583928132,26.07463839
38.31833687,0.351854033,10.59893447,113.8843942,4.635792556,38.97350248
35.16829312,0.153632292,27.51609361,132.8806457,5.623423225,14.56712741
36.82179171,0.511631194,14.58720254,142.5992234,4.619476997,10.50043025
22.02872946,1.45563801,26.07443464,131.5116065,2.338523508,39.56085005
43.78726775,1.788018291,41.41050386,144.882153,7.853789691,25.63453942
40.96229585,0.585948554,54.72390278,142.0669742,4.550732805,15.82369765
40.12725796,1.703822649,51.98027255,121.061934,7.106450026,30.37144043
40.57459513,0.537943195,22.6337106,135.2040913,2.443725754,18.73638209
43.3177627,1.572297824,16.70415711,110.2964851,6.860389278,35.9525058
33.60634915,1.088703232,19.65361369,125.8416766,3.040427826,27.55129935
25.00705045,1.669118822,58.5493326,119.5184067,6.076429658,45.30089227
35.4195902,2.488126606,37.47372398,147.4846538,5.970840178,31.05585314
38.57203734,2.350760717,19.12511115,126.2155605,7.45884031,16.79666465
38.44793483,0.110276219,52.03730773,136.1625771,3.924060082,19.28581157
33.0362256,2.225053034,29.75956222,139.2792644,2.653758559,38.5740938
21.71146798,0.259577908,54.9611076,140.9285015,7.187394898,22.06481905
29.27782346,2.387311807,23.03385634,139.4310077,3.989465178,36.6459365
43.01916521,0.77638163,29.66108794,121.5666024,3.395202734,21.11198407
34.61122274,1.016883593,35.24738814,137.4427079,4.917251672,16.3946562
33.45829858,0.319931692,54.6307667,131.9603793,2.87681414,20.2307213
26.72133786,0.36945462,53.43787158,133.8949066,3.781780118,23.84976138
29.211223,1.844177357,38.71775352,110.0325847,4.311683804,57.784149
42.38365223,2.366397366,21.08877549,120.330304,3.663531761,23.46286065
36.66157619,1.565796388,30.16784859,147.2273479,4.701557004,22.65039379
39.68467567,1.818040037,58.78165327,121.6030433,4.307904034,32.83835769
31.35863558,1.928727387,40.38866119,127.5206209,6.647546187,29.04164574
35.75618049,0.730754259,49.05488776,117.4669593,7.510452062,48.78332457
26.20959022,0.208551114,32.49323477,115.5441021,2.6055393,49.22995482
37.63652076,0.104494585,36.60036377,118.3467587,6.939815261,42.49897233
30.69003334,0.941558279,31.44770561,132.1458932,7.590627246,29.25289033
31.06363787,0.679514148,45.1460499,146.7611461,6.119678876,21.51604796
36.23305811,0.24956254,52.57355069,123.0479672,7.978518057,43.74982875
43.40701554,0.530867902,35.36817716,122.9363181,4.010257998,18.80216714
21.60015867,0.398797356,34.04337293,132.5656235,6.98185965,28.25344407
40.61858093,2.295708113,27.01432335,124.2697087,6.042215028,19.59974275
27.30957776,0.436641312,18.85483471,146.4166419,3.940572723,15.59009891
31.09798636,1.390356314,56.96238614,125.1139217,6.228058901,32.86280597
20.54783322,1.523454292,25.80398593,129.6176901,5.057731034,29.30150222
27.52615195,1.404374699,50.03457318,131.3355714,3.133843345,34.31032396
32.56578107,0.337735442,45.76735106,141.2827118,3.043278094,21.09593213
21.40440193,0.865116068,49.54588001,132.5562376,6.280393081,27.50105838
32.27739323,0.223048798,56.83840667,119.566204,6.271582774,41.02837968
43.17776572,1.049607794,41.16853801,114.9594883,5.184642566,33.5716926
22.63483045,0.552637435,54.89751717,147.5109819,5.008494004,23.64896579
39.1110182,1.44791808,18.38486615,142.0625198,3.080230674,19.3611807
30.24177633,1.762740145,41.3356288,110.9186084,4.575716738,53.6078005
36.37934286,1.377087664,48.61378065,142.8611594,7.228385126,25.03942233
26.50591495,1.142168072,23.58205654,133.6239118,7.128363837,24.11926944
23.98730656,1.02960021,47.03769006,130.7557694,5.965513411,26.43667178
24.01156536,2.120060243,48.92384146,110.4891672,7.984140068,59.67864101
21.76229864,0.626483356,51.5593978,141.2345623,7.35907008,26.66481599
24.64116762,1.862124015,25.64414563,117.9226006,2.871382541,55.11585452
36.60548462,1.917957579,44.08032951,139.1192485,4.394818419,26.91245656
42.0422653,1.106080017,25.21266417,110.6347299,2.791624909,44.64083281
40.35314214,0.813521438,46.95201937,141.854146,4.796537699,16.67225912
37.12835775,1.229299567,33.14868326,110.9215787,6.658296948,45.57911312
22.76079659,0.323713422,39.87721873,119.4357162,2.93473226,44.17260648
27.22968616,0.210232077,30.79199907,120.7311285,7.282532195,39.8489997
27.74517188,0.367847679,18.09914635,116.3003455,5.414345309,39.98632536
26.24892366,0.549148076,18.90147648,129.2423278,6.493666729,20.45329088
32.87514149,1.310024369,13.87844536,121.3475184,2.270934873,33.86037194
33.38884537,2.137927927,40.90363399,149.731519,2.56302892,51.06271653
28.92214938,0.665541597,52.4319199,133.1987517,5.725167118,22.93003054
28.84472897,2.344388826,11.04184131,132.659113,7.029151478,26.45416486
40.71388995,2.391778981,13.3119751,118.8347852,7.243190507,20.22214065
39.73232121,2.401371052,32.87334962,126.3475775,6.130215952,22.21724365
27.69489579,2.110150563,46.88603681,114.9591198,3.205632321,57.3930765
42.8447111,0.973180098,17.88538224,140.5011701,3.170130288,15.20453092
43.82037543,0.274441386,23.58256598,123.2463698,7.288176484,33.39603217
28.16856355,1.465164956,21.60031006,140.0786333,2.679412313,29.05854
28.86062372,1.440835465,29.95256093,124.86784,6.116425185,29.21259359
32.64085384,2.139941841,21.24993385,149.5502896,5.201041034,35.47537135
43.52802031,2.490378522,27.62993393,116.8448649,4.528520577,24.31632003
41.90798583,1.319577536,46.42712993,110.0609558,4.642007397,42.38565876
22.56419906,0.928489674,40.55046242,133.7930217,7.671244176,28.78859832
29.81826858,0.546164108,14.05908527,148.118128,7.168659199,22.77082546
33.83427974,0.11151958,41.88728331,135.8821622,7.189903183,27.41067087
32.57831181,1.321872862,33.85385858,113.4289409,4.439709849,42.0974442
24.8465767,1.4332448,56.72827874,131.6192153,2.641887252,43.07169414
41.47041928,2.079852352,24.46521586,146.3794774,7.987036599,28.3179913
36.92351957,1.310984723,46.30832098,110.2602427,2.872058524,53.36961535
40.94770937,2.299524037,46.54304115,116.6764885,5.093493982,27.32128564
41.46910698,1.607400344,21.07503905,142.5824622,3.587715132,22.40930588
38.70889634,2.116806972,55.16118125,145.7562843,5.06445717,30.72148963
30.98026503,0.455924164,34.55916002,138.2864248,3.829599165,19.93246878
35.26366888,2.152806713,43.94416834,149.6624065,7.381319844,33.27696368
24.00913515,1.720345251,17.29277794,113.6086372,7.810049574,47.45154092
36.84113544,0.508559278,22.89019585,131.8270606,4.460385696,20.07930225
24.48133139,0.55543254,39.3053559,137.3997889,2.421137843,30.32485835
37.34873976,2.323601486,25.95136342,138.1057888,5.980016596,19.32575307
25.73995402,0.177316865,34.98464593,141.7393846,4.259753384,16.84199717
22.9387825,1.210083864,28.70025997,146.7050418,7.915811936,28.99805466
24.13211225,0.852340696,42.02768983,124.4656578,2.536248667,38.07766162
20.04980338,1.696185856,34.35726814,111.7185357,2.714758644,67.372778
37.96849045,2.11511053,10.2304968,124.4976766,6.196538685,18.67590057
38.31002623,0.964907492,42.4840419,136.8645905,6.551897614,23.47462269
32.87333375,1.12456501,31.10607785,118.5382435,4.826578426,36.32082518
24.03407003,2.456602683,27.08491702,142.3989181,3.663587615,49.2029987
22.08885844,1.981399623,14.70733761,118.7905783,3.858860295,50.11824843
20.47822416,2.253289914,21.01848453,110.4025361,4.027837799,67.2272334
24.14370442,1.15302933,21.18861458,130.323231,3.351691944,32.79017076
42.27138837,0.66178289,56.76847497,139.0584629,7.103855289,21.21997876
26.03842104,1.088472317,31.62564874,123.9862136,2.390463245,43.79690764
28.85678318,1.818620603,12.10329236,139.955832,4.443666944,23.1889549
22.63363711,0.362632972,16.94083411,127.5361734,6.485618869,23.23678193
25.55903262,0.749125853,13.95163379,116.8685847,2.022952847,51.52064874
32.98061427,0.211926161,39.44346951,113.6223358,7.268195101,55.25948491
35.19381708,1.137634572,19.33107458,138.4234866,6.237759274,15.60527734
26.13380785,2.085869766,34.92788201,125.4285915,2.440243741,52.20031988
21.44330398,0.159192852,28.50310314,146.5109507,7.369979534,21.10960836
29.77582173,1.720776464,50.19381886,131.6102023,4.923829956,28.10484744
25.85508427,2.337990099,26.02448186,123.9372967,5.913436003,35.48303535
25.48884808,0.668626868,32.91327412,123.9596371,7.292200247,38.64590742
43.99657007,1.764723618,46.06427743,115.2575146,7.286974068,31.90458635
35.40751215,2.440244563,31.66756035,133.7515661,4.452464711,26.35350241
33.92196108,2.409467344,49.6607768,133.2866854,3.42613691,36.93801533
30.39437759,0.663830063,43.08421781,141.9997477,3.544529266,20.9672636
30.72360834,0.340794528,30.5264557,118.0478785,6.595649518,41.2427665
33.5226251,0.455878091,35.19909628,121.6315857,7.576582166,41.31076247
37.41074518,1.784885604,58.36017279,113.8895188,2.43338404,50.41000021
37.5536524,1.841821301,43.08057483,121.8136881,2.090118368,39.64424722
24.29234769,1.718167748,55.2497613,127.1240846,6.937610369,39.75396401
32.5028188,0.906588131,18.93792517,148.5611362,4.31961562,20.00646089
30.29895238,0.507464655,34.16180781,136.1226401,3.65869547,15.72470475
41.76317416,1.493826621,55.43308349,141.3149572,3.130243086,29.63358448
35.78547303,1.26083307,26.13060307,123.0203954,4.078883659,28.38092969
33.31260166,1.849201953,58.38320991,115.7805125,7.828808536,47.41168417
22.88486605,1.159264189,14.85387452,120.2687977,7.862478647,42.89672487
35.14094723,0.912735267,55.13355851,120.2587076,3.989081159,39.74721989
22.93009764,0.804348586,32.2606061,133.3246131,7.78214071,26.3997741
28.43016439,0.607528768,13.68720826,123.6588453,3.799180698,25.87930417
23.57104912,0.737791303,53.97607963,144.2959546,7.126886572,25.37035225
37.30184118,0.327593053,22.59701062,149.5417808,3.272025255,16.37688845
25.15630285,0.932456826,11.11250627,123.7319362,6.95892553,30.25662396
29.79648433,0.18776755,16.79035528,138.2024109,4.122382385,11.75987706
42.39186944,0.547393233,42.95573709,136.2994633,3.17434112,15.47442837
25.10790958,1.892249067,58.89057446,117.7784995,7.608679445,46.02143778
32.6951266,0.881125573,15.57310698,146.7203438,3.285105995,20.26218517
30.48179153,1.703768841,33.09740241,117.9777035,7.951011355,42.7628078
20.45310103,1.820522021,19.03182755,139.4782853,2.651443354,43.74856203
39.81895284,1.494844823,47.25182671,123.9043857,2.0601247,37.56636912
21.72614766,2.400874579,15.90294499,124.6832627,7.224761276,34.81587432
31.85637552,0.15145568,21.99208742,128.2179621,5.51962645,14.36525813
34.01695737,1.872766361,19.82029838,144.5803191,4.529757812,25.13432654
35.71066142,2.401087945,37.62598902,115.6100777,2.491783553,48.53706062
37.21579073,2.16945215,53.6592046,112.1827831,5.449355186,38.4645597
26.33180959,0.50294246,35.55451006,126.0816328,4.362353511,25.36925028
20.24946942,0.884368735,12.91217264,112.223404,4.901731478,50.29413508
38.08609156,0.513884416,38.16944653,137.5040353,5.782351168,15.39616318
33.39141498,1.543140073,49.87604997,140.413003,5.839601634,22.23187131
40.90294258,1.809251157,16.60780987,144.1884958,7.763595448,20.64257211
40.53470907,0.860977046,13.63556072,139.7536898,5.930320481,9.281172123
41.08315419,1.394815778,19.39038888,146.6540557,4.036424841,15.55423836
32.1273665,1.758209368,47.30431614,139.9320449,3.977796967,34.55904026
28.3407099,1.11121556,39.58402098,147.4430256,4.862965717,24.68866904
39.78895506,2.149637273,37.0297327,117.7244318,3.555966199,36.20443641
31.28235283,1.951719845,22.47399473,129.9945253,4.258633869,26.90852327
24.58605491,0.255197305,26.61182976,149.757224,7.052676632,20.11950272
41.37435049,1.590700718,58.29425065,137.2631273,7.158569617,24.36193096
42.06399692,0.664781322,22.03126134,145.1456447,5.766754869,17.23110321
31.6577439,1.438043835,55.08227116,111.2157518,5.497045652,47.29565984
21.89249318,2.396532262,39.02657522,144.8703159,4.56259899,45.36364117
29.69565225,2.209748811,16.16482332,137.9085294,5.815393493,25.88792852
40.08844149,1.070839367,33.36561891,116.8302174,6.836320074,30.74343324
42.54435071,0.79963326,57.42743587,111.0272383,6.427082347,50.71685816
25.08681856,0.662573787,30.92827991,120.3970631,2.212757094,47.41549475
21.6743403,1.378035687,53.16932824,146.6309344,6.386779992,27.28612003
41.93376133,0.374196288,22.82143473,136.7253175,6.319686003,15.23211678
29.73512347,1.41826002,38.54610759,146.7787642,2.59394322,37.13125509
33.54402411,0.103200735,52.19260291,127.8460313,2.901484188,28.96218798
44.2016453,0.877239114,56.03442206,147.4650838,6.727451067,29.50484235
21.6641182,0.627842353,34.29116836,128.5183926,5.353937469,25.04169057
36.20795019,2.430925096,41.98440511,118.170189,6.929773944,36.00221283
21.85263556,1.845381567,10.14900654,116.0557386,3.108464809,55.67045042
29.38672321,0.939168113,22.66116538,149.7524725,2.183688588,31.83828009
40.09536363,0.322828208,23.93560519,123.3545065,2.971650528,26.47405561
30.83680582,1.340321427,14.67465058,116.402121,4.715420272,36.5122899
44.92955885,0.612274915,23.98475067,110.3363372,5.139756534,41.77123662
33.97648212,1.38743091,26.05610165,121.4227827,7.146206732,34.34934425
28.02905382,2.10486965,58.43830198,145.5646457,6.297203179,36.57816499
25.50278315,1.577902125,43.43011903,131.3603728,7.942343843,31.05598458
28.76301336,1.621092207,31.30025397,135.2974021,2.472317548,35.30149835
29.31333184,1.398472694,59.40272303,146.8956442,2.781326435,42.01609489
21.71784194,2.325437518,17.66161601,130.5135967,2.506133563,55.42248347
29.23935499,2.336566443,33.8025597,143.5311938,5.230748279,30.68385143
31.60596299,1.330535683,42.35311035,122.9533311,3.601164625,31.09309117
38.06844381,0.833822769,12.77903172,149.0840745,6.101797641,18.58695678
36.41823712,1.203008814,45.8499429,113.1525549,2.796145331,49.21382223
37.71914138,0.547738989,14.99336765,138.993181,2.619148397,15.46214052
20.20909205,1.627226357,17.01411543,136.4226515,4.76099282,26.22551432
25.44168499,1.300221606,17.98447562,117.6668602,4.25539012,38.32321802
36.54210721,0.347921147,56.44449133,125.55376,6.974989496,36.71354598
32.0997342,0.574354675,44.16177726,122.5131647,7.02532445,36.24753111
20.13283689,1.251116695,42.77137506,113.7797147,2.704572007,67.03314158
40.11236606,2.230213578,37.77467482,133.3915209,6.873936679,22.08105565
39.32023933,1.45933773,24.64029993,149.7467938,5.384989894,21.94941186
33.71047907,1.735684001,41.04448523,132.3835256,5.021349643,22.96541535
21.66158314,0.913668519,30.50748599,131.8103963,2.568580257,34.50729359
39.16287624,1.471387343,17.2708075,111.6125483,6.437784614,37.89834705
34.59283969,1.173711574,44.47986452,115.5688089,2.357802694,50.25657733
39.54899943,1.68191179,16.4791084,130.5287636,3.666150618,22.84647705
38.79367481,0.221381359,19.53342905,149.4071426,2.572589209,19.79559423
40.0750518,1.283920519,50.88496559,145.0643094,5.184605659,23.66006832
32.95020166,0.8103823,43.00585481,123.6083649,5.871380352,32.81829436
23.50811295,0.882844147,41.54955771,131.7201702,7.345130879,28.63649534
36.77893683,2.406201836,30.91013922,132.1080889,6.403231526,23.64944985
35.51184463,0.538467551,29.81402591,137.4144245,7.766626393,26.47009576
38.55632968,0.846988606,44.51313046,137.5112816,6.565698997,21.93057362
24.24702515,1.323742182,47.00027693,141.5916995,3.78843862,31.03653938
24.87438,2.171264676,35.51066012,110.998841,5.285508863,52.70472506
42.26023793,1.1000082,58.46346222,147.7472076,4.747637836,24.47221232
38.74944496,1.885276674,57.78497795,112.8024818,5.395812342,39.67489007
42.70571222,2.155297836,30.6214745,129.0464045,5.432536036,14.57138343
38.96788303,0.844039254,51.03111271,146.7831711,6.212606513,23.09376205
34.92888265,1.04260044,37.16339208,129.5067532,2.498262888,27.33898604
36.35331843,0.955734937,35.58779438,112.5454734,6.480470773,42.2865552
42.2281981,2.098853941,12.74820307,119.1696008,2.862461679,27.61438646
34.47016886,0.206432469,38.69873552,133.1466702,2.15724383,21.27128245
35.80978311,0.840210613,55.02889653,113.5144647,5.113433252,42.779072
23.9119179,1.730580538,49.00669246,126.9471172,5.488861764,36.67739809
31.8480305,1.457064399,49.31585723,123.1637306,2.209106421,47.00222401
37.9099278,1.147094462,17.99645193,142.6083051,5.092226689,19.68459527
26.77356746,1.395875745,27.92247236,114.4052775,5.20742125,43.62460647
25.05635451,0.574203006,21.66024583,137.311938,2.314969408,28.23797457
27.84567021,1.133719892,25.79576412,126.2635628,6.269511711,27.36924461
26.0375157,1.304087162,38.97696717,133.5100272,3.261738211,31.66019663
25.37281593,2.262853893,28.23919067,118.2212709,6.766755283,41.89489917
30.62127107,0.726004391,38.03489087,134.3881474,3.864932779,23.42268085
42.69596285,2.182788405,31.92506241,136.9591091,4.867355189,16.54079493
32.67649117,1.646179362,24.33077792,112.8092626,7.351105277,42.13393737
24.69800952,0.148817995,14.77017171,142.9737707,6.837076801,14.7608886
21.92429173,1.839115209,54.59192287,144.4501645,6.691181472,34.59598064
37.40390363,0.185324506,10.5686683,112.5421622,2.962605186,45.69487013
29.56996911,2.493714704,10.08262441,134.1274995,2.28885432,44.67965848
40.54577366,2.19432805,51.33988699,133.7604599,5.634553704,19.51432099
36.48776922,0.813624994,59.84054702,110.4983365,4.464149855,51.26087745
39.90603626,0.717786952,46.35514139,123.6938566,7.454463659,34.06494942
26.79865099,1.015458597,10.7636919,148.7570313,4.097559581,21.39367207
37.30897306,0.954800717,21.33451133,132.2180301,4.463290106,19.50789994
26.60154962,0.993610764,58.59113501,147.3284721,5.156003258,25.51890674
43.47671199,0.863863711,50.43021261,137.0257854,6.778403994,21.42319695
35.90935704,1.590720176,38.33999219,111.1356207,3.609794325,43.21095778
28.112795,0.494232793,21.84303547,113.1085279,7.650923943,52.57331569
26.73779656,2.130355102,10.7185103,138.8871582,5.239526676,24.98517743
24.77316463,2.049765962,11.04307363,132.1827116,7.045863567,25.70698379
37.36602397,1.243559699,40.59904318,115.0860666,5.153710901,32.25291768
25.46789032,2.146551917,11.09159382,134.5625071,6.631959174,25.09369922
34.88258165,0.693148168,59.6815071,142.4114944,2.308524515,28.06211407
26.61587567,0.142157094,19.16919167,140.1192972,6.79527489,16.28577819
36.54922362,1.58609902,45.53536809,119.8464984,5.143756579,29.48337135
40.37349321,1.198982577,17.75298607,120.3277987,4.696493529,22.51299172
39.45063108,1.461194911,37.00467105,148.7135122,2.669658,31.08698868
39.02128327,2.258414582,14.03056442,145.4961921,6.449375233,22.76800407
24.69306014,2.427821377,48.33892123,122.7334926,2.786981915,58.15026367
22.20962367,1.622687535,39.24605474,142.9621796,3.153906877,40.71258015
37.47372071,1.933733416,14.30833467,116.4695412,2.758539534,37.86144842
29.20868034,0.30114024,52.42930946,117.8736441,2.039453646,48.11892869
30.80865566,0.485717404,37.35093074,117.2478422,5.97148268,41.08502277
20.77872732,1.859691532,56.0796155,113.508831,3.625064269,66.7183852
26.48941123,1.135277095,55.83116868,144.1871246,2.896822755,34.25451716
20.8419101,1.170316649,56.02538947,133.1522759,3.919834895,36.65755078
41.97964432,0.840658436,13.88926001,120.3582437,4.994508149,22.83491388
26.08491708,1.55765532,16.04788809,143.9462013,5.020475125,24.5967058
33.93342924,0.544396109,59.38529049,142.1058704,4.20317605,20.34088645
20.97448302,1.60459907,34.38004107,114.0380607,4.969593626,53.52147666
36.67118478,0.517117257,21.91070264,135.7655749,4.564048747,12.1836298
28.07568364,0.253182483,48.48322442,138.8733441,6.935991482,19.10032349
42.44797967,0.892858453,23.21426106,138.6330935,2.177683805,21.02192747
42.20295472,0.654736821,46.3607844,138.9257083,7.2081808,25.85847731
28.13226546,2.233579933,51.86428889,116.7783114,3.463491534,51.37521855
42.52402239,0.231888289,49.21316886,122.6034582,6.33069329,34.8365288
44.90394184,0.523872862,23.70239041,143.7671403,4.430237698,10.06256887
40.6353916,1.416927053,30.0809287,145.93567,3.765997787,21.1842442
41.12178369,1.254561258,30.66255016,121.1675555,5.692084238,27.16198687
26.2252184,0.210044844,34.56364591,110.9207806,6.613306513,58.29318753
34.41755997,0.117405827,18.36864258,144.3906779,4.699618719,11.09345531
21.68139785,2.471363061,32.62350252,125.0836735,4.799323058,45.63731058
22.37294842,1.681203281,35.53914953,123.1785422,2.353138909,56.19212812
44.9723153,0.976974714,36.58544983,123.8799872,7.543975884,25.99243337
28.16598124,1.229037394,50.9950215,126.627857,7.081380179,34.93711017
38.7045978,0.739720289,35.86672492,125.1306649,4.387956725,21.80860599
40.16662633,0.927697081,21.53919613,132.657236,6.589703679,19.05210872
41.45058178,1.657706721,43.15643691,113.1576111,3.879675054,35.72068952
44.94070744,2.218748317,49.8657072,148.8616078,6.382530758,31.93693148
26.03741213,0.541912055,25.96858332,147.4580414,5.100150299,17.12220769
21.00877067,2.116867613,42.26529645,147.3762659,4.764600333,41.0979478
30.27978795,0.391735911,17.3468998,145.171105,2.339137984,21.25384675
23.25201675,0.615981337,27.09631523,136.4130521,7.792531531,28.17275301
20.56064723,0.189220691,55.46119648,118.8443425,7.024453819,49.59604947
29.01067068,0.437948469,55.56540816,111.9793395,6.760328408,56.81194614
39.59345628,2.301527549,38.76622894,113.9728426,3.829497186,38.73194498
34.15451728,1.202652992,45.11757304,122.9597,3.737541107,30.66704046
27.81944973,0.286398068,52.70077076,130.155321,5.43915858,25.60727471
36.35855014,2.403344411,57.92765927,149.7301228,7.077339177,39.03531138
25.80045451,2.209581539,34.49432201,127.4177397,7.607770437,28.48956492
20.35953615,1.91123805,38.07878683,130.9858436,3.613574156,41.84594915
39.10883466,2.340334701,30.78207833,137.8062899,5.644488802,20.80654572
35.59357712,0.62831061,13.59909685,117.2293588,6.343416799,34.46810673
39.05756561,2.107286303,31.14017362,147.3130801,3.358352871,33.40279274
20.97345042,1.755978871,49.53136697,131.1613842,4.444811781,38.78266024
40.9279907,2.187422199,50.2442749,121.0502538,3.124845642,35.56066364
35.488155,2.012587758,54.61885573,147.4043595,6.193430467,32.2858669
34.08488377,0.931588152,12.57333526,135.0180247,7.182710819,14.72555399
35.6153512,1.958556489,36.35772948,129.3475892,7.265206127,28.23700904
41.61083117,0.729895127,15.3712244,133.2062364,6.020533223,10.87210164
34.67341266,0.888621191,20.03710916,139.9320888,4.082914161,18.04842662
34.5237595,0.358973721,55.01082512,116.1815201,5.966242261,40.30160211
44.76697893,2.344183878,34.83956292,144.5932172,7.185600363,26.17726327
38.91825418,0.798408072,47.92724604,148.3802724,5.755135004,22.04855001
31.05734514,1.349493916,13.2192053,132.6799861,4.477351642,20.84147676
37.684925,1.039198808,30.8413252,137.2908339,7.518816504,18.86179613
29.73076179,2.403827489,43.71201403,144.3933392,7.01129956,36.25426706
25.72188656,0.90411801,16.67032406,124.9924253,7.294611441,31.19984495
34.92129692,1.968509971,26.29089396,149.7132718,7.419152126,33.04244973
43.20455245,2.152998771,13.22739025,137.2200548,4.362873846,17.29084427
43.228488,1.145455594,42.56699704,126.9599479,7.157834045,24.85792524
28.54763195,1.007612355,58.54456295,137.093519,5.422098027,23.78635227
33.19193666,1.89458997,51.35227456,130.8672013,2.228953841,39.96138431
25.29089746,2.290950353,58.73115584,114.4656629,5.815018139,51.1380136
44.89077774,1.911836159,52.28023975,141.8346122,4.823713546,23.07690264
44.5279477,0.645103277,52.75979031,132.5750232,3.650927955,17.0571957
36.23772324,2.231938594,38.85885977,141.8338223,7.82229884,24.92134603
40.11035149,1.030196002,35.91261557,116.1964776,2.33042515,38.20120211
37.87750403,1.482950588,30.31271332,131.5342863,7.675264344,24.76999135
34.82895548,2.095445486,50.90474475,140.6649709,2.955602364,36.97962912
21.33369992,0.552147442,19.10338061,149.5321827,4.261929076,20.05092334
31.36910856,1.982824326,12.81124579,145.3758911,4.503411053,24.15587647
36.86965755,1.530790715,57.39469113,144.5739851,6.386123112,20.28008815
36.93829035,2.24401994,10.18890926,119.8984055,3.293655252,32.69341706
29.32806546,0.512728964,58.84146609,143.5193841,7.916611059,32.32712956
43.54229967,1.109637369,46.44266849,116.7712511,6.494071117,29.83450317
24.18392581,2.098823423,26.42494598,117.9243066,6.73971583,43.11078804
32.50898616,0.146156088,44.89099215,114.4046697,2.638572636,51.40536137
37.27209941,0.36928328,50.89375786,144.3038612,4.857872057,18.08283548
37.42839515,2.477356511,22.2681028,114.3301799,7.673656103,34.60646057
36.21597392,0.772946029,48.54478416,115.5244592,3.620396429,41.44837881
26.88220534,2.441303665,50.21848125,119.835486,2.87230193,57.04207438
23.90516422,0.538075722,22.46773151,132.9064964,4.912366759,20.96024408
35.89850817,0.966626663,12.09631772,145.2072074,7.582358418,26.20672674
34.9825529,1.906886667,20.20611423,126.7291262,4.920743747,21.38849801
24.48390026,1.678668177,20.03232044,131.851438,4.429005818,29.3703895
37.62847864,1.49469376,13.26202271,116.659576,5.90163462,26.58636518
31.37929979,1.371758022,46.30036923,120.6378342,7.621303993,38.42298202
36.69401479,2.124257065,28.99874622,115.3570305,2.294344695,47.12292306
40.93417699,0.663876551,54.21930837,126.3967538,2.920373273,29.06485403
24.24321071,1.161930225,22.60855528,133.6134263,2.79652586,34.90783516
20.4786217,0.473085501,32.66160825,121.3607812,2.511997894,45.73118005
39.47756466,1.53025983,41.95087145,143.8398342,3.812636484,26.17663291
35.24243563,0.701306618,53.87324748,149.249534,3.375854199,24.21085701
37.49098924,0.901220954,36.23105508,114.8061941,5.292147597,35.36907548
40.95387437,1.23100172,28.67623139,110.7144022,3.96373653,41.37394011
40.07027337,0.164249406,53.35075392,141.5910763,4.431247169,17.17290904
44.02300367,0.320651046,25.51232123,117.6257071,7.651188143,47.20641552
33.39837697,1.74623013,13.97118498,124.1258637,2.933933848,28.92548988
32.21239082,1.129527954,32.25210538,125.7692487,4.330743961,27.34181254
30.04718,2.175496533,49.25466532,146.6639756,3.542491043,44.73023377
23.84227607,1.767212809,11.53904159,136.3535286,5.294995894,24.43568456
34.31518082,0.11944226,39.29411225,111.6243796,6.418017359,51.89798315
26.92531311,1.580109594,39.72320243,110.5924096,6.901927241,53.26288105
43.03268781,0.324939679,56.42708817,117.9827239,5.091780167,32.37877155
34.57977011,1.974239631,24.32324086,122.7268776,7.129499549,29.8161582
34.82100451,2.479618452,23.94183066,129.3809534,6.710453047,28.12016603
28.87311652,1.374877106,32.02418257,143.5135765,2.942024369,31.08141128
21.2997338,1.7386708,27.84574507,122.5927102,3.472572554,45.52767708
20.79359413,0.669553986,46.81729313,125.0614888,6.03032317,30.75918085
30.5833786,1.150234585,42.08760386,123.1735172,7.848764118,34.45115898
22.11413445,2.154628797,47.9460519,110.3586134,4.256778204,65.41715286
35.17117389,0.501815075,51.00208956,148.2080616,3.378847044,24.99607453
42.02432514,0.737285453,56.14905664,115.5598354,7.214776606,50.6507485
42.07287041,1.169040821,31.54683659,121.5066991,3.197671757,24.96715396
36.47613525,1.80939734,59.23486947,115.1721321,6.184449644,36.46792573
25.28079579,1.002121492,20.78304067,129.6217262,2.205494422,33.34412329
41.57492078,2.326557471,45.7182581,147.2866446,2.113883091,45.96425781
42.15233588,0.326696923,36.70046587,114.0280287,4.709400284,39.98328562
24.91633962,0.989930074,50.84502973,127.6358769,5.939240765,30.37940409
38.43565214,1.801489896,33.83852603,110.8949938,2.854606724,46.86015563
27.16298872,0.642368238,49.19693177,140.8359289,6.583294718,25.26282336
40.06600781,1.675391522,56.50843573,135.6490457,2.772418894,30.59319643
44.9309475,0.4941207,46.61471331,137.9879465,5.202246847,18.15997499
20.75065013,0.234352684,48.80471431,128.8934544,3.849795154,28.88315795
42.43414664,0.39043772,13.35877156,146.3053212,6.513519661,17.53443287
35.56576334,2.33196348,20.24788311,126.382298,6.824700521,20.81003445
44.33456548,1.424202119,58.71518703,130.563403,2.396547437,28.11983119
31.62523794,2.011229861,44.65935019,137.8115689,3.155627416,37.21771404
41.18469826,0.898370802,38.07245087,130.8224256,7.355864657,25.69247538
21.55985171,1.522380755,28.34881867,117.5734259,4.49367702,43.48328378
28.38197625,1.287885121,12.21945006,122.6828247,4.860415192,29.19273465
21.67541344,2.369771103,28.4567954,113.6917787,3.00814305,67.93701875
44.38357834,1.894179127,34.94564366,127.3045399,7.969368779,20.43252932
40.42434768,1.853302316,20.57297547,134.3756837,7.538286097,20.4997945
41.31368553,0.211247847,18.65683956,114.7411978,2.012148026,41.87273349
43.44913079,1.419207206,35.42082757,135.2234849,5.304408096,19.65708085
22.12758715,1.220779489,39.29521178,145.7148856,7.233604302,29.7339261
29.63993981,2.32682144,21.99589594,123.5089493,4.583201637,33.49906249
21.77587223,0.717620772,39.36947372,118.8813238,4.620885551,41.37798944
25.26982754,0.747600288,55.01699819,145.7202426,4.27608294,22.16443481
25.73414443,1.087230997,33.6586629,137.6778094,2.172970011,37.33015954
31.72768028,0.684087312,52.86950848,114.2157947,6.741700015,49.3815466
26.71405419,0.410041403,56.36357223,126.3244781,4.74071122,30.16273224
22.52445267,2.157795632,14.61970145,136.963584,5.18639383,30.18638773
24.18727723,1.439863659,14.79057898,132.975355,3.534110701,31.60159691
23.68188909,2.167270525,33.80220914,134.7418848,6.704710952,30.34967333
44.32691995,2.094723437,39.40512222,132.685407,6.76249128,15.46426029
38.98231267,0.776901651,31.29417322,141.9224546,5.317524901,16.11705155
44.19403663,1.414569866,26.32253852,122.8170783,7.427767555,23.04995789
30.99351216,0.299722487,42.04970581,138.3384939,2.695305384,19.78823268
26.95921204,2.296604522,10.10407562,149.6431777,6.719759988,35.10926694
39.95732993,1.070230516,58.40366404,125.5983543,5.351504854,26.77836804
28.15634795,1.044822841,21.60395441,141.6419326,3.386079002,25.24499513
27.48458434,0.826612889,55.85493843,119.8443695,2.793822696,47.02915788
25.81264981,1.205592987,15.45073723,121.2758685,3.806042242,36.71152261
23.24197446,0.704222528,21.9043591,147.394555,7.137895509,21.04850165
26.41157653,0.999645455,21.74368505,111.0375342,6.725716098,54.1653839
28.88299371,2.019872917,59.80764521,118.6970938,5.870794555,37.78801736
36.8498552,2.102213209,10.23002729,129.3168279,2.541962047,31.53950586
21.56412106,0.830037946,41.98191047,126.0739049,7.728983838,38.31698102
25.26267349,1.225634633,53.48432905,135.1667892,3.832640794,30.65099454
40.22559101,2.197167463,43.6136827,117.708882,5.6419999,26.09619741
23.67304809,0.226415996,28.13669091,112.8218802,6.818611225,53.64015095
28.56612866,2.233947909,57.91546814,124.7733359,2.797135007,48.94495471
41.61647305,0.62604243,54.67603773,130.9742097,5.913180454,23.02720988
23.87313278,1.728494186,31.69774601,132.4800735,2.19377598,48.47336052
22.06842089,1.498124071,38.66642463,134.0597409,2.610735869,43.05894092
32.11344988,1.427057796,58.37595939,131.9464798,6.338861807,27.18787866
27.56048778,2.162464539,59.1280181,119.8300788,2.930492933,56.37879756
34.08520911,0.343773145,32.49116379,140.5819894,4.66104034,16.47235213
40.09512226,0.932867261,52.36750141,113.5112105,3.489995305,40.70202938
23.4287122,1.391806591,25.09901135,117.9341552,4.527377052,39.69954908
34.51747711,2.047093249,28.59064365,139.5751204,2.463321442,37.43603313
32.63771901,0.6194634,18.24109415,121.1890454,6.529403264,32.40230609
23.60196965,2.027031619,20.45922964,129.7389377,2.474247064,44.94985975
35.59996214,1.059132358,42.84366511,123.0879096,7.027486984,31.17037229
26.84101045,0.553393255,35.5390809,130.2792485,5.975653185,25.54511258
32.19585796,1.921567457,21.55659303,123.866232,4.499513454,28.56174992
22.05680811,0.318157364,30.14548082,149.7683196,7.198919261,24.6384243
31.48960143,1.335441698,28.65917299,124.2991036,3.116787672,35.88339843
27.6615867,0.253301881,59.36801023,135.0819767,3.587385364,22.58321588
40.55953028,0.955402852,52.67829186,145.5337287,2.82274197,24.95373223
21.42446817,1.542584318,29.39831667,135.5173998,4.28941216,30.78314136
30.46518187,1.4346773,55.69582894,132.6342902,7.920399108,32.00599663
31.4607856,1.071173003,27.13176958,132.7691782,2.966164267,23.49341926
38.12515191,1.129715186,43.39507564,129.8584284,6.985858915,21.34837827
34.35718938,0.644246928,58.33249983,142.3032161,5.91128043,17.01079229
36.68030843,1.194118212,29.5139432,112.0169631,2.094884784,51.49847532
39.42623214,2.387811654,43.99424826,145.4051963,7.669341158,34.63008965
41.55507434,2.141087003,24.79619055,133.4516888,7.826547591,15.76690732
27.84688742,0.448558886,23.31561578,143.9549289,7.549404211,21.75474172
33.45056763,0.17147389,38.70783332,110.4157081,5.010437946,52.21176864
41.00270196,2.340458351,58.9632299,144.7710562,3.322251095,36.02991967
44.73627827,1.3641994,32.65669244,114.8055008,4.347588065,31.81757355
42.23798278,1.390810776,56.88184852,138.8487203,5.685149278,17.99284418
29.28668157,1.97372319,55.71817601,126.6608557,4.273018286,32.59491506
24.87916293,0.855253537,22.68813062,137.2428956,6.249029905,18.5263669
32.23481344,1.256578165,30.09097035,135.1275895,6.773453287,20.16024928
38.5410363,2.424790992,42.16512392,116.5358619,3.256357392,35.05640041
32.31422677,1.713156849,35.90229422,130.5845506,4.42965145,26.43524124
32.07952158,0.468988077,14.79792649,121.0892189,7.746466256,34.80608982
40.95576053,0.419744195,59.68490151,132.4174737,3.498840808,21.15057189
29.03509448,0.59023542,47.63270006,139.5201313,4.078684932,19.69836415
41.49486687,1.940108019,31.88470191,113.2503366,2.213963023,42.01727045
30.17012002,0.808904809,40.90842748,130.6304969,3.994196247,25.9804169
28.20582764,0.151333232,14.37864086,134.7051928,4.225588389,13.43361688
31.34974778,2.366018472,34.76508268,121.8146981,2.599013358,48.24011847
39.06117397,0.507312199,56.54162079,148.1201393,2.0086535,29.74915841
23.1500507,0.122939647,54.8300479,130.812113,5.452432906,25.10250577
24.9104804,0.669115846,26.86904227,117.3006836,3.809159608,42.37672581
43.78612064,0.664069089,36.56839319,114.3115305,2.106943024,40.20255385
24.38729068,1.112812602,44.8691762,131.666382,7.159665824,27.06758108
34.19318295,2.308935596,27.00046335,125.0095352,5.506458062,26.00407637
34.48286167,2.210043803,13.2439609,117.7018839,3.027010103,38.01837981
32.24061155,1.196546932,35.27208284,111.2279395,7.191479738,51.77616917
36.11863121,1.086159772,40.08178679,132.6640032,3.521515823,22.18743
25.74566814,1.432021808,10.29208001,133.9440095,3.364674389,29.77300672
33.81655669,0.684289629,14.77876868,115.672104,7.367804342,39.93065756
29.30433138,0.225243981,20.36453218,134.069522,3.076747277,15.97993025
36.54168149,2.354137927,27.40261435,148.0789102,7.273914759,34.66533227
23.53058858,0.548077564,37.05256114,149.1318244,6.817839807,22.51734916
34.27193542,0.57616175,24.69214594,145.5397175,3.858665245,18.42982894
24.63175888,1.233904789,23.80919072,142.2831432,2.206382487,33.36021965
26.96607658,1.279872028,53.46746719,118.3747135,2.495438621,52.17500724
25.46774501,0.144242103,17.25253204,116.2574073,2.657169607,47.6005557
24.5709445,0.455091373,34.77300666,127.7979041,7.344793011,27.61427054
40.64277379,1.007571565,57.64123585,134.7852701,4.424215868,24.30502373
27.14268919,1.740953664,41.25066246,144.0271474,2.195178544,46.39316774
43.17809455,0.648204296,45.86027399,119.2785216,5.339290772,28.5005326
44.24816313,1.115234671,31.56184957,129.185916,3.247953504,19.11789928
34.28151175,1.437628155,10.99660836,135.8976097,3.410756256,23.42225386
23.57502807,2.232621987,42.30651842,127.8237542,2.96505041,49.66632204
29.36370608,0.882569206,41.59621407,128.1677471,6.572128774,25.7842248
39.94330658,0.420539838,15.52138182,119.0046864,2.003677363,34.83577025
29.18476822,1.274253342,33.10798568,149.4664362,4.633904983,28.12313558
22.17543046,1.892131844,55.76644723,129.0077313,2.521226998,53.19560699
33.91962277,0.363663417,20.2542416,131.3096778,5.314247606,17.74122391
41.12802129,1.11924038,33.05493773,118.7423717,4.075954077,29.85946318
39.89815968,0.142684339,33.05515926,130.5654687,2.170109485,22.84570071
24.3780785,0.180542036,50.53807341,120.2139823,4.765845387,36.65431592
36.81911536,1.259088072,51.22879352,118.0934501,5.423512987,33.65648894
25.51260659,0.815673516,47.96347098,121.02889,3.48592419,44.19698598
25.45518836,2.128257518,28.27270796,110.1103859,6.593071382,54.21711907
41.85179433,1.545170335,13.60184625,132.8060445,4.226292595,16.42835301
26.24172382,1.189439108,27.47414886,125.4992002,6.496079085,28.11410547
26.58118366,1.079044891,43.98956006,145.9475608,5.474094374,24.99298401
20.01633477,1.293389152,45.13732872,111.6282869,7.215518408,61.52941722
41.76672585,0.197053195,58.25001047,111.728012,5.281548746,52.61141805
39.81487033,2.242704055,32.68206157,145.4349407,3.11376316,36.58380498
35.68322338,2.495927574,41.62177915,115.0657857,6.935547166,33.08053399
38.7566441,0.5355691,36.95954354,110.0864042,6.698211501,54.88051278
23.80121419,0.388919115,17.53092801,117.1565545,7.834134888,50.6190417
31.45808986,0.444585912,33.06012361,142.955047,2.561491515,20.3023247
28.78048468,1.68646494,37.24175773,142.1085633,5.547386974,24.61457442
22.34441316,1.687458012,57.5374803,123.6052884,4.950013904,42.04094687
32.15326213,2.135017989,28.32695272,136.7212367,6.025232693,24.48179053
43.01849126,1.904383332,59.00495516,130.2899883,7.881079089,24.74998763
21.00147798,1.179255216,37.1150037,146.1893996,5.193632463,24.54864515
27.28652284,1.570852868,22.12346217,112.256939,6.11443181,49.50962024
25.18852341,1.751883209,19.58321935,142.5271651,4.083280662,29.39595508
25.95366634,1.330567529,17.08474586,116.8239468,3.793822926,42.21745426
42.7108638,1.241562363,32.64664353,125.6648359,4.011779394,19.88922425
31.70172636,1.64823387,11.09632149,117.6782861,2.231647362,43.00964376
31.65748532,1.437938918,32.25226417,138.1045764,3.708443872,22.12166733
39.01439106,1.645461533,59.42023461,137.1330472,3.037678363,27.99679463
23.8623051,1.570851458,43.50533979,131.9159041,4.744567879,33.35565245
32.18163385,1.826071745,47.98930606,137.9265215,4.764948583,27.48134284
30.74963035,1.642728421,15.95026954,135.5825912,6.591378987,16.6213514
34.92276726,1.347381967,33.65504307,141.0576822,5.013749887,22.67971459
44.98894258,1.736312347,24.31115505,119.5762661,4.77848953,21.21724235
39.23622235,1.178756716,54.7048764,127.1565046,3.38975787,26.87397795
29.94664258,0.680010942,19.0646236,116.0650612,7.114880061,42.55528418
40.68882631,0.103403728,32.93666636,127.1837426,2.546005434,24.9740608
24.26770908,1.443913953,39.40238592,138.0676701,7.89377579,35.17641002
20.76159216,1.517572544,35.70205458,137.6556464,4.856449975,32.11351251
25.11120931,2.432917515,51.5121764,138.3770761,3.115921998,51.79408833
28.5102889,0.967548002,21.57265857,122.3507011,4.125968335,28.37805305
32.76451894,1.045919783,28.86955552,136.488559,2.092221096,29.59781851
35.37822851,0.584318995,49.60421483,124.6986528,2.999136076,32.0552171
42.76514293,0.269282309,36.40357059,147.7796818,4.012038916,16.62773347
32.74635024,1.954730783,30.10586928,123.7346546,5.326491673,26.72762347
32.53189112,0.699234554,11.47212574,134.1207294,2.776885068,21.23262361
21.25607525,1.561371666,47.6692712,140.0058286,6.055779777,28.59059292
20.87278882,1.750655285,58.6091039,146.2562972,7.06565894,39.2802185
33.77899905,1.230968049,41.01435047,127.5171441,5.434037663,23.14196967
30.95446533,2.203245071,52.82706103,124.4194043,3.781408683,35.52076001
40.97950987,1.165107618,35.84378716,127.201127,2.728353953,24.14041199
24.01698962,0.783780695,21.58404827,122.9478541,2.093210378,42.63005403
20.62429155,2.250437255,10.72210521,136.1569796,6.390813998,33.22102327
31.2259692,2.167754282,42.66991338,147.3086706,5.77087621,34.75370847
25.93696392,0.493695873,34.65544241,115.0428403,4.857700436,42.15143565
21.24035933,0.162306444,49.10490735,132.4368826,2.611973313,28.91635844
38.11495717,0.315965335,44.73412087,145.905949,3.242151088,17.84964936
22.789825,0.787713757,59.39761841,114.0045818,6.891033822,54.32609496
35.2079875,2.433423524,35.51562917,129.7546164,4.879108808,24.19629435
27.02624375,1.440438768,31.35873948,144.6091838,7.776997158,29.17366958
24.33740126,0.995828157,24.33698447,146.0180885,7.999832884,33.99875572
29.49378807,2.232918627,33.84306459,130.5740864,6.804242758,31.9889123
40.03614441,1.187527196,53.64357391,110.9980754,3.549101659,44.23836354
29.80233942,0.856572708,12.12198629,114.2255671,3.386689773,43.76641425
38.76924123,2.358926869,58.89500236,133.4686698,3.521805923,30.72816003
23.13715742,2.138842399,59.66535972,114.9543443,7.920710473,55.23639716
39.31928549,2.124804101,39.89106893,115.9767111,4.012042868,35.91648337
25.92333312,1.329483383,26.57721018,140.8846839,6.238680462,22.57265457
36.93482825,1.994652157,21.15244842,140.0276823,7.754106259,22.03309873
34.14453887,0.530448062,23.82451978,143.7109104,6.917576881,21.90424254
43.22861793,1.475735098,12.50527133,114.2294055,5.585622855,24.69365339
29.68306295,2.461230215,33.75554792,117.9257952,3.013793148,52.16023224
21.65412972,0.798300233,12.86621354,143.3184572,3.049629468,21.12770308
20.47888714,2.00644559,45.92371074,138.8435043,4.954538513,36.20505236
40.67146402,1.277148177,28.59647278,142.2382451,7.711666975,25.33369864
33.11839094,0.19553364,19.96823659,149.589827,7.426962175,22.04710875
39.3811013,1.931246555,37.24267789,144.5772642,2.997152333,27.92488277
25.86064,0.504565947,58.68796536,130.81853,3.726318469,26.4843956
28.62709364,1.615536561,44.75655245,122.4307274,5.532867893,32.32132747
20.75259681,0.305594066,34.58734251,132.7870635,4.864582954,18.28026391
44.03730811,2.372481754,48.84571496,135.543462,2.716176856,30.59040785
36.69669767,0.800137329,46.87382359,123.4124857,4.215843122,24.58640294
43.33012719,0.64351526,54.58677305,140.8374815,7.728286206,28.06227022
26.63741019,0.40992737,20.23344738,113.7101517,7.708653348,53.29697665
35.28659028,2.370405264,52.94387881,141.175714,5.356555286,29.15680247
36.96249921,1.808568982,25.05130435,111.2799407,5.811567828,37.5254636
27.93874251,1.879986133,57.04994639,129.9186424,3.331437685,39.04717613
41.20273088,1.298570947,24.05325745,144.4574585,6.451716359,16.42122707
43.67903657,1.239346685,56.34242716,113.459811,2.314977123,43.03678903
42.12137794,0.364050983,58.18953572,130.7095575,3.324093129,23.3596293
38.4766744,1.443618629,17.27456787,116.3756576,2.035302126,40.39514237
26.93661699,0.692599588,58.72499416,145.79263,4.314207553,24.30485106
27.04040105,2.445148799,14.28614842,143.2938211,7.101567192,34.03896253
44.08400801,2.011794256,20.92838933,147.3566897,7.895038863,27.9741978
20.2571124,1.091180944,32.20843904,144.9992937,6.006535852,21.91528625
37.90124933,0.463219021,59.67986829,139.4621324,6.469200113,23.86427715
37.65615406,1.984796059,34.42815256,117.3955678,3.576497469,37.45306925
35.56723852,0.392929041,37.52047216,122.1001046,5.121996161,27.59458969
44.75272115,0.554401008,44.72124748,129.8742063,6.419467393,19.58597506
27.79698589,0.607649243,58.41467791,133.5558713,4.983654956,22.78551989
28.49929659,1.436537532,49.16757001,141.2873358,2.531278353,37.9884603
21.97348507,1.98893597,21.20770022,119.0783851,6.445185159,42.79449916
31.06995341,0.854355709,25.14954653,115.1310958,3.317386351,42.17084004
26.52621316,0.303207554,14.88141198,129.3044068,2.586186026,21.14416783
28.58466755,1.214892312,42.22261821,116.3136564,4.868347693,39.48869044
40.86429476,1.895464579,19.03701533,137.7494721,2.447654467,27.46437112
43.38711284,0.631993223,22.87024442,133.0252356,5.776662002,19.1548944
24.6433268,0.627818915,54.40568276,139.6443119,5.842839502,22.10916668
29.31272329,2.373344866,26.33778377,112.5374624,3.540211839,56.71708009
43.21576405,2.389968945,38.33233592,148.5879024,7.787206531,29.5968195
21.54521152,2.477117757,29.87830044,110.0002215,6.94670952,58.15537433
22.3090132,2.038383044,13.70156437,123.0176966,2.657521747,47.61775201
24.06977473,0.551642006,28.14319149,137.1853917,6.491072764,20.37685354
34.88032085,0.60875565,30.40341015,111.805683,4.118448126,43.79015147
23.76180678,0.91654058,54.7850551,113.3339833,6.50173113,55.02170514
44.20190954,0.863518075,26.22253268,113.0672575,6.804768754,38.35722568
31.16786318,2.395666598,28.96205599,133.2603891,2.908268336,44.37504357
32.53794901,1.993777559,49.14483843,145.8370126,5.971051909,34.42917723
26.1664654,1.837621101,47.94783256,132.2174791,7.176379763,26.85317719
31.77400631,0.546311738,49.91426383,134.1428541,3.940241744,22.70850941
36.54784082,2.282861342,57.688537,123.840066,2.481969825,41.71309198
38.77942842,2.086888911,49.77787492,110.7496463,2.16360488,56.86556373
38.84670207,0.492740419,30.38041016,110.8645887,2.660005762,46.60047451
34.44727782,2.190808797,51.07542584,145.5323987,2.025235528,53.2053948
42.60899437,0.753394087,35.4337316,114.1028975,3.961675654,38.2727904
40.43519618,0.29408739,23.88570163,149.9915749,3.795971528,13.76343188
38.92620287,1.676373536,25.14585341,116.5769045,2.662047606,37.60365373
21.39013804,1.669131183,21.19211943,136.9853778,5.906707269,27.73811582
20.17194906,0.327836823,17.24964789,147.9582189,7.951438147,24.05418096
25.31118193,0.865244341,19.22452059,124.4915711,7.405558489,31.99887102
36.58808985,2.482754709,13.1589025,139.3773275,3.517103598,31.351077
30.27993722,1.728224001,54.42254325,124.0342657,6.619889798,32.97118222
30.06015648,1.8521804,56.55039048,122.1976423,7.62117958,39.11856219
42.11467221,0.611001485,39.33851962,118.0721633,7.438185422,37.4663774
42.3890712,0.28907697,52.02447783,142.8373963,7.307297128,27.54295975
42.7293816,0.764564055,19.17855513,120.2954825,6.718703073,30.51727908
27.84695191,0.697356124,55.08369126,121.3263265,3.757948857,40.99275207
37.27639532,0.662905842,35.31807798,149.9587897,2.501378397,26.30882138
26.79082953,0.562610373,13.35824963,123.0924174,4.926916117,26.89181496
24.76524583,1.479413658,17.06563722,126.9109796,2.328746806,45.00245827
24.61581143,0.887448342,25.44882304,149.6022183,7.990842107,28.91821296
28.55269052,2.068828036,12.17787902,124.7720138,4.149858098,35.249197
30.74894049,0.541473803,25.4646689,124.6460803,7.75003951,33.71165848
40.77372928,1.21510497,12.99652166,143.1085786,6.638725951,16.94997637
22.99727734,0.132778807,21.80138026,122.4772147,4.467745722,27.99393607
38.37314618,1.256037574,23.28348779,119.3514441,2.709868476,30.90555972
33.28637285,0.23401173,59.71844882,126.9284102,3.423158542,30.32903151
27.19863357,2.446536428,21.77733369,138.025632,6.038267457,33.84973971
32.32048961,1.997421109,21.95932245,111.729721,6.97961122,42.69763716
27.49855174,1.276267544,44.33944842,124.9566411,7.876642951,36.07904873
34.90204888,0.30780966,52.96787393,123.8497961,2.792973104,34.55971924
30.84609807,1.521869058,29.35277063,119.7927339,2.935684072,41.94636639
24.11013823,1.921033002,53.780901,136.1714934,2.25463686,46.72932543
22.91457686,0.557721407,27.00710104,121.5996032,3.562187153,38.53827429
33.66739205,1.463700018,19.85079398,134.2692624,6.926404633,17.52785026
42.56032583,2.054106156,26.48194122,130.1734737,3.18954114,21.925566
28.59894216,1.943794666,40.4678187,118.6875948,5.287188499,38.22591491
38.32500268,2.027180843,28.35715797,120.6626423,4.678443188,24.59494328
36.46653387,2.21037622,43.6446902,116.8240021,3.954957454,37.80073416
43.28887286,2.350437045,21.84679397,112.2651686,5.710078481,28.46164124
40.52452543,1.073250772,45.0496447,134.7675385,5.013954736,17.64716732
34.16513147,1.465045846,27.37191816,136.9115478,4.008579041,24.48100823
36.42576246,1.997582863,32.79341858,116.6399997,6.133105311,34.59578422
42.45966166,1.773135553,37.88725702,134.6156954,3.679809146,22.99095869
29.98796961,2.489248548,44.31125016,149.2833896,5.859100039,40.80444603
28.16986765,0.132826363,21.93568459,112.9760838,7.74347521,55.79364155
20.27027709,0.952319717,51.79727687,129.6148349,6.373711875,31.11126912
40.66377685,0.774467023,46.09213749,139.3215285,4.510397358,19.36025687
40.02451751,0.72955804,21.70489595,111.8403679,6.485355927,45.15426524
22.61136295,0.634071478,58.74872813,141.1309398,6.855450901,20.18841597
34.42143453,1.801897218,43.23984955,149.1804495,3.955042802,34.89994761
31.59954245,0.303422736,32.62134432,113.5395145,6.230793294,42.62258312
22.96772739,1.879861201,17.87636628,142.8891962,4.606377176,32.30074077
44.51420568,1.764222021,36.66105012,125.1432618,6.911134891,18.47261825
25.36739719,0.701929918,18.23879434,115.7646481,3.772265571,41.79683087
21.6808545,0.70680108,31.47458393,129.7277284,7.62655802,32.12341137
34.87118449,1.609265405,30.43562614,112.8607494,5.448721624,38.02057398
38.47166693,1.929210653,45.99698222,130.8840563,4.119819884,24.09286992
20.81108615,2.203565471,19.61915906,110.7742715,4.516227612,60.27520925
36.46794097,2.145134953,51.09356774,139.1444577,4.08679168,29.58781801
33.3072969,2.415719186,26.30661635,129.5187874,2.877478015,39.95474369
22.58162522,1.495323749,32.19943135,128.3575864,2.410954381,43.60871805
24.31309692,2.280773347,48.61704878,117.8476597,3.930672171,55.53886573
34.19935743,2.040431856,41.26961999,124.4505262,4.752142646,29.19107567
27.40894034,2.247202298,25.40126759,117.2747773,4.170901637,45.50731541
43.45789322,0.127903843,29.31014623,139.415604,2.083517022,16.88011066
40.46850574,2.41816718,25.2893407,117.961012,5.474037476,25.44349636
44.58918016,1.236472391,39.73850836,134.6701331,2.868898879,21.18651172
26.49177097,2.015639175,26.63122666,121.1843,3.266031671,45.56676391
44.24309082,0.405289886,46.28488474,136.2792878,2.724491206,19.2654009
30.78084674,1.05025863,38.98935793,131.6181984,5.12259638,23.79708593
28.68796988,0.751505591,17.28533059,126.9375453,2.570955754,31.27625219
21.25873817,0.799981049,25.51343093,136.9200333,3.538143495,24.11934949
21.31913145,0.395813488,21.0723721,126.6288829,4.710252306,27.9599106
37.3002814,2.033833198,29.51566063,142.8548241,3.006253311,33.77920332
31.44822486,0.122181555,35.79920431,139.1839383,4.67744817,18.93299426
25.66304065,0.850013097,35.33814286,131.6255598,4.056410754,22.07601087
35.34925766,0.518585304,47.72618383,145.0824273,7.163583064,26.57655473
26.32145296,1.513693457,19.45859318,143.1544729,6.769419276,26.66882066
34.44079386,0.710205766,57.32364146,131.2735758,7.957127501,35.02334065
28.98021867,0.721596291,27.14225534,112.7379077,5.173470398,45.52698321
40.58880567,1.272011546,25.01244235,132.6398541,5.452382561,12.35244719
40.51740402,1.666453694,44.25892891,124.2102796,7.679875089,30.71124663
31.93375995,0.391131291,50.27583143,131.6045177,4.397553288,20.81419964
28.77047773,0.521227486,28.92358824,135.8852184,5.334096107,16.58756377
29.06399491,0.693219387,47.34234874,135.793543,4.274512974,25.77187804
40.14286314,2.436995714,54.18679781,136.9409617,5.275164235,21.30913753
28.20448707,1.053166,48.34018326,137.170745,2.484598595,34.50409851
25.22648434,1.537576218,11.70982428,114.3712567,6.70276456,42.05090568
22.11720855,0.679702751,51.36844557,117.6684932,7.911679685,50.10893846
31.66732802,1.27710286,48.72404792,135.2216402,2.394442415,34.12678014
32.05330247,0.277886019,43.46451191,126.3268955,6.806238381,31.78984049
41.02271776,0.18338115,48.00112095,140.5140658,3.450408803,18.79174974
25.53096741,1.224960464,58.97126979,114.9963713,3.18528232,58.22140401
29.52478184,1.05678229,31.55564439,117.6609198,6.16022239,36.06980585
40.21014347,0.428512767,13.36116175,132.3385857,2.264793491,16.25830234
40.59059027,1.750243429,33.04449848,130.0299208,4.779436084,17.28900423
29.6152769,2.482968378,12.32168277,120.6558862,2.008666795,55.62867533
31.47810058,1.049552371,24.7125204,126.3337297,5.326364172,23.07185769
27.58214727,1.598940726,39.34398959,111.3992511,4.772490006,44.87663577
43.31387196,2.411142262,25.48114465,111.4815243,7.49289564,26.80603481
22.96609414,2.095683934,44.2697623,113.7970801,6.321631417,52.01826064
43.34373558,1.212525336,51.09931638,133.0716981,2.756037031,24.87403405
37.0966613,1.869974763,31.02195896,144.5486566,4.127239759,24.47050144
33.28930382,0.407524097,55.00689756,120.4089316,7.589478618,45.28037052
20.81647652,1.329049253,13.99194657,111.3575932,6.352004884,50.33210627
31.8899048,0.769744665,52.00565821,138.3450841,5.56565069,21.23273914
30.19370263,0.486792851,51.42865727,144.2140896,5.354429545,20.06318539
24.0304703,1.123074175,26.09969482,115.5269114,4.388590798,46.67173625
36.41024009,0.414434931,24.93575936,125.4299078,5.511208776,20.82240961
44.27877268,1.77756426,25.25474906,116.3494736,6.629986489,22.04827891
34.05472028,1.194976106,50.56968562,114.2542972,2.765226058,50.84701498
37.86883191,1.374747118,51.58267438,135.9267415,7.818983838,24.17664537
21.71126131,0.451302253,26.48612294,148.701459,3.436189215,19.19493589
30.4416749,0.435451987,39.62951737,137.126625,4.686456089,20.31494346
22.90896213,1.500197045,16.94666147,149.3925865,2.136293748,45.7435158
35.31989589,2.464023395,33.43893691,127.375811,5.302075538,26.09171995
43.46205396,0.3310014,59.93964254,145.9147916,4.291201084,21.00791856
36.54444331,0.785755429,17.94195739,118.203369,3.498535234,33.03812133
21.92007621,2.18670188,57.378132,114.7161747,7.913145523,56.20625837
28.86665512,0.273452829,51.2127361,138.100802,4.568846856,16.73850546
33.76658449,2.202125731,58.61073255,124.8563332,4.485778182,39.04815616
30.0801939,1.35828636,18.97893803,122.7075041,4.778619587,27.98366318
40.84110026,1.079840257,20.67592452,136.8512231,2.696922674,19.87484419
40.36677512,0.843233354,10.84335909,123.3393617,4.358576659,20.54518859
35.2957755,0.81308118,46.23509065,132.9023269,4.018425555,20.0279846
29.33644863,0.833926198,42.20473467,121.9782043,4.790746753,31.59433939
26.38340934,2.223527394,18.90327192,141.3503035,7.139727001,32.87988755
22.64685796,1.837108552,49.55724828,122.4955336,3.156712367,50.44606645
28.87244209,1.707335219,24.95977531,131.3997658,5.646435954,25.13275529
30.32931293,2.016997957,16.74977847,110.9270433,2.225822539,63.63600124
36.89557313,0.717075191,31.12813325,141.6692313,3.900755013,16.27017635
36.45399561,1.583302749,14.54849242,134.813511,4.835945715,16.45267743
21.75270349,1.204158973,23.16218281,117.6894827,2.445674905,56.34009365
29.88148289,1.977859924,28.56666792,118.614935,5.263807608,35.75102292
24.54447168,0.842214665,52.59320873,120.4997167,3.861953726,37.49954556
23.92031763,1.64362868,49.62743706,133.0612042,7.956860082,37.45273208
40.68255374,2.217309788,32.13771429,131.9326533,5.785817013,15.4258683
21.04788042,1.065161143,46.22875289,120.9545488,3.465051176,46.44692033
30.4795719,0.25989301,38.43248181,137.7624917,2.616039473,18.52288072
24.20509139,1.338521974,27.04209275,145.5616466,2.244318676,38.60858783
41.98325539,0.930333971,46.29371717,111.7406191,2.544639586,45.89219321
33.92601283,1.713340913,44.17495772,126.6878655,6.080357162,26.26299226
25.78451591,2.382479019,40.95472211,133.7408047,7.129953656,31.72055368
32.56068218,1.265459963,40.89777605,133.4574081,2.940398688,32.70646745
38.28715899,1.218856552,44.14909962,110.7814139,4.412806721,44.48639399
43.95295022,1.67100352,29.22727563,118.4226426,4.125412059,25.90364394
25.51115011,0.348394009,53.45379075,112.4732289,5.867108547,54.4456988
42.1545443,0.708414853,18.11539227,132.7586029,3.09606729,17.64119493
43.35760285,2.305550381,54.19427316,135.8155955,7.719915863,18.86470734
42.91051361,1.707862272,27.11409215,116.3896865,6.371338291,24.98764757
35.88535892,0.132265706,16.25158078,123.3204448,7.730431273,35.11851132
35.74551636,0.591101134,40.00137013,123.1921497,3.66421547,27.36510348
30.08026583,1.738809438,28.79933345,142.7920933,5.526293827,26.09600907
38.80994706,1.934558086,50.77498636,117.7863762,6.393607623,32.22382949
33.28235046,2.115662974,31.53927343,131.9325649,6.265737337,23.30651334
36.93595178,0.801224328,43.42812628,141.3174205,2.128076597,26.44464509
30.7114476,2.334468631,25.41289948,143.1831277,7.989734981,36.82251256
38.2874116,1.427072545,20.47261875,136.6626438,7.568359837,21.41188041
40.61178794,1.771693654,29.40245155,121.9811101,2.718512488,26.07433993
23.66090642,1.532173271,40.34039173,142.921863,5.261400646,30.61527827
40.82324289,0.394576131,42.84733696,139.6866411,3.887338732,17.19388894
33.50741329,2.411475183,38.91033326,138.1787654,7.273364096,30.02714016
41.11664773,0.394901392,59.40278593,112.693416,6.185117784,50.15847855
30.78254266,0.711716695,44.55450932,111.7305952,3.34110294,51.29327538
29.47601213,2.052706913,56.57598138,137.8146119,2.203166872,50.34713757
42.87651831,1.584632708,15.89665974,147.791792,3.750450816,22.08851657
26.27923169,2.111557997,13.06864649,140.9489571,2.228823637,49.00989187
41.10530813,1.337766852,25.5497351,143.2590227,2.847864278,25.86064458
32.10051431,1.004783765,16.82944692,131.7992912,5.81682825,17.88739286
32.85238606,2.312429199,36.29342641,122.1834458,6.470510409,31.73914551
27.71170704,0.187005562,35.94906268,137.1094759,4.8081014,18.19160966
34.32605502,2.154712529,38.75235832,138.478835,5.601727224,25.2795017
28.13027991,0.653962684,47.26139404,137.0143189,2.935310218,29.77059453
20.98173536,2.136967187,58.56648501,147.8683623,3.900771023,53.69954563
26.79996513,0.434071872,53.91293457,124.6871613,6.277303084,31.74777098
20.15947609,1.492525513,15.91836198,111.5863016,4.189346697,58.69284869
44.45886968,2.231459006,26.92568444,146.3377741,4.092867342,26.70144796
44.14368025,1.236495153,22.79115125,116.4199648,3.163955822,33.5222758
29.87888244,1.891760017,18.84086789,137.8927336,5.568949256,24.46045708
38.20927136,2.031211883,37.23624383,144.9281776,6.857231636,26.52058732
28.64515246,1.867586101,37.6632201,122.4056559,4.816670172,37.74201452
36.77732893,2.320791368,21.36224139,143.2166096,2.693235539,36.88731081
40.13575108,1.172402153,45.59486252,123.2823251,7.030204591,26.63496424
43.66890612,0.515501054,46.64571496,141.7703171,2.428382628,22.21078545
30.0053069,0.214746553,11.04899974,112.7931945,4.830364239,43.28860917
39.58244957,0.691503687,29.78788519,136.2097199,3.566464017,21.60247659
26.64821127,0.443674009,54.50703206,137.0855232,7.617908938,28.74703489
44.75830759,1.439076979,36.01593041,129.6570332,6.425259188,18.46229239
20.64423997,0.543868809,27.38139007,137.4836346,5.398453898,17.1822673
35.08822016,0.193440897,22.68380758,146.9273468,6.006532644,18.62004201
36.48764954,0.186375589,22.167726,139.354193,5.196363577,13.03031728
37.20113893,2.095766796,14.98840169,148.4518412,2.885605671,36.31270259
23.00968947,1.519479835,50.86132095,127.9444926,6.25459208,33.54912889
43.46324459,0.959404725,14.33287027,131.1316293,4.956043714,9.869950042
24.52958198,2.246147303,24.61473829,120.5495479,5.805855628,38.85212923
35.56883508,0.268471867,12.28378693,149.4240667,2.271209984,20.27297297
25.56690198,2.452772975,49.06932849,112.2054694,2.852208755,66.93696346
27.68041043,1.579100297,11.96418411,124.3448167,5.536222856,29.49463831
33.66146354,0.54031421,25.41505519,121.9078866,4.756573418,26.88381794
30.42983546,1.729765838,38.6648685,125.4604685,3.361242014,36.62790947
24.00564002,1.932115023,30.47806801,146.7087144,3.444565523,38.18025246
24.27341006,1.13042268,24.11355336,124.721515,5.789949875,30.20336952
30.4536197,2.167918255,23.75945362,146.6790661,2.353802162,45.74963405
38.93207446,0.461757778,49.8895153,126.9335545,4.605550065,22.71604949
42.44911617,0.769210201,58.69890475,144.1907508,5.138621028,17.19228935
22.10319156,0.324381668,27.40205352,130.8700039,3.848855616,21.02796743
29.82759769,0.606106817,11.95727568,122.4541137,6.923298971,29.9690972
22.50613909,0.672949149,11.8282889,127.973992,2.340617495,32.8594814
20.41481202,2.302319658,47.96067076,126.9752432,7.194696711,43.44130603
36.54296707,0.287463253,37.61849108,120.3965625,6.339577957,30.90647775
35.06123605,1.125796288,49.17963287,121.5855492,4.677526274,30.53543368
24.07547785,1.377756849,44.87485051,117.4581569,7.546804341,46.70671997
25.84532083,2.256863329,55.37531746,123.4400223,6.213429779,38.5717426
20.59269384,2.494470925,54.29121455,134.9762321,7.586272098,40.0311389
40.87368014,1.908131476,49.41636978,125.4623267,4.835538676,24.69531374
44.3672649,2.429898377,33.759458,138.4929284,4.717838606,22.68945665
23.38648842,1.989042718,25.40632038,149.4791268,5.184455789,34.16122615
25.78688034,2.411686338,35.35133937,125.0840432,2.392560224,54.40459256
41.7102381,1.797449742,35.10358037,128.5055686,7.450965508,19.33376636
43.16159495,0.291432221,40.51377744,116.5644063,6.00630231,37.80678223
30.49068457,1.064608449,19.30487839,125.6886114,5.705514067,26.47487414
21.26556181,1.651833481,42.78099402,139.073298,7.558781219,33.59536449
20.98479584,0.941724423,32.83004621,118.696192,7.961823066,46.79725146
34.34874665,0.756121403,41.0102416,117.2821619,2.980360344,40.65623237
29.82237772,1.485758241,21.98024115,125.0549949,6.493981909,26.22533174
20.71631069,2.340404504,31.71974469,142.7459794,5.479671047,41.62956956
34.58130981,0.183956496,20.51006072,134.9462876,4.765983132,15.58110177
20.28256341,1.946154888,53.76525784,148.3031751,7.86567561,43.76965559
39.68429895,1.834545467,34.39805225,146.1816174,7.101578067,21.38326484
27.66082057,2.413488221,21.24907078,116.0454879,6.180499905,40.61492633
21.00645008,2.333706934,12.06043479,111.702111,4.296057003,60.59503303
34.70880552,1.929358149,43.78693323,125.9637894,5.996244825,27.92845081
29.94211036,1.348981035,20.7322357,130.8831792,5.190164741,22.05758489
44.34501033,0.590242128,59.47910962,130.6228246,3.496210698,22.2326369
33.60496656,1.408565724,36.68501867,115.3642907,4.702287939,37.55717583
26.88097953,1.936844785,24.44884981,114.9926973,3.273271809,54.44189831
37.73597162,2.24960611,42.88387169,111.8744302,5.002521759,41.47674103
26.78730006,1.995308822,23.76099617,144.034397,6.321428456,25.90728472
42.60608229,0.568640644,51.0137147,147.9097655,2.219877343,23.44661901
29.36804926,1.539247154,25.41180255,114.6274008,6.592278256,43.00775044
33.74671407,0.897216303,59.41238662,118.5248947,2.119963952,46.8748662
21.2643276,0.122093602,40.25723927,113.5945154,5.103666218,53.31603268
30.65303095,0.580530246,52.22055745,145.1000868,5.440860243,21.02524276
40.80908849,0.37172956,13.64077348,148.3483493,6.567460758,20.49209257
40.14122013,2.122525896,27.41497087,120.4718631,6.56617294,21.37560623
25.60796397,0.720415005,46.87435431,122.1433532,4.504732675,36.03439841
25.65197678,0.783275125,42.75295087,124.5067874,2.398235065,41.30029205
40.43263281,2.403847772,19.71215607,130.0985504,6.161000917,14.61974282
43.2599605,1.009808135,27.81014653,137.2984391,5.065916044,15.59625578
22.38402303,0.123005536,23.17217037,130.1756233,3.99835074,17.10200952
31.25146599,0.781230756,40.66850849,148.0400633,3.409242697,24.94564543
28.43635697,0.386318993,27.22841147,113.9957383,2.718549279,47.09841792
41.76721139,0.346740548,25.4527121,141.9442205,3.770854983,11.31656282
22.08812287,0.285969496,20.36889902,123.3793236,4.750937751,31.16966247
25.27814856,1.523822728,30.45135605,125.1019075,4.865655009,30.39082221
38.81170844,0.554434537,19.77512951,138.3531777,5.496433588,11.32970916
21.28234622,0.966982706,58.12847937,147.1750844,4.174811416,31.28684585
32.31338452,2.168842519,17.72509057,138.6480311,7.519387215,22.6327796
31.05267587,1.118411536,55.66523575,141.034423,4.975217678,25.70017009
28.36002947,2.29765924,31.42365491,140.0311697,4.542350241,35.48693909
29.86430788,1.295051328,28.89329958,122.8391442,2.28900781,39.86843814
33.24851467,1.057207876,21.56599005,140.2772173,5.594090493,18.7541383
24.03418396,1.900933425,41.78781672,141.3808304,5.617213616,28.34635028
34.29989696,0.275620237,44.27640075,131.3360128,5.49973778,21.9680592
40.13580823,0.314748119,33.37854811,131.4702495,7.325581506,24.14481553
39.00402324,1.664736913,12.78534478,140.3888321,6.577404996,15.71773588
23.84749762,1.268657712,55.92550753,142.6812345,7.204433718,29.27372651
23.73123674,1.996996601,59.01645664,123.4878177,2.356535341,61.87114503
26.70435919,2.29905001,31.55217076,142.0624887,3.908758594,39.1920952
29.02686816,1.032080506,40.68304037,142.5683603,3.912271662,23.86468718
30.21138954,1.531384064,32.51493131,119.3650256,5.942270347,33.2276
36.99243042,1.301671907,26.09398254,138.6780298,4.691690292,15.22291172
21.4170108,2.455865574,13.86593964,117.4613569,6.66483562,43.17680188
20.86681761,2.094602578,32.80338652,113.7219645,4.3065834,59.7913081
29.79776407,2.2881705,50.91922782,132.9817205,3.329645464,41.07898484
37.4290923,0.71041621,10.85157305,146.346088,3.74570641,16.88885649
24.83588357,1.954063416,39.10538416,111.4183609,3.094818357,64.76552159
36.03761203,0.73713574,54.03860544,143.0600655,3.187356151,22.80205119
26.49570345,0.60098208,20.8774715,130.2588484,3.301033493,25.79933925
42.15215272,2.366238783,19.16279323,144.4358179,2.096568269,37.00420389
42.39224861,0.1463306,48.61383129,143.7390774,6.296528209,18.93894331
27.43218011,2.416932889,22.75432156,145.0114722,4.397614054,40.91375784
25.74984385,0.458228553,19.59921338,140.7549582,2.136027991,22.70627749
30.2825993,2.066651396,28.89946253,143.7196942,4.220045267,32.71333007
26.01328963,0.762214127,29.62510061,117.0410083,7.432208763,43.71864161
36.80959608,0.941685586,53.70505315,122.154126,5.067465902,27.49417885
40.65161711,0.620218507,40.9221736,119.6994468,7.920512068,37.82990275
36.82730327,1.505233702,30.29807282,139.6971321,5.239756591,19.36088829
40.60876118,0.935429314,36.71939821,116.1457248,7.776793994,35.32833071
29.92480406,1.677743295,57.69826167,117.2891116,3.210804373,52.0356942
23.90792427,0.137553563,15.66073383,145.1585888,3.739608876,14.77717423
38.44877368,0.25449972,20.38577609,138.2352877,6.199820661,14.1222861
29.01186263,0.339186767,58.12643533,145.0151991,7.920929702,33.3218164
36.78177063,1.105584845,57.86624243,115.5742103,6.951784466,46.71582017
26.76609855,2.055510814,18.85827106,125.9592162,5.32223166,30.33445584
22.03074087,2.231626985,17.25544086,121.3260468,2.510915686,59.59742365
44.81454489,0.687545776,31.05425672,110.3872434,4.18627466,41.54147734
23.9050377,1.478487338,12.48591462,121.3809184,2.518554204,49.90896486
44.71052485,1.944075982,42.74517661,125.1833301,3.867688171,17.75380151
44.43199831,0.793190632,13.87480108,113.6887855,3.552752604,32.32254479
39.8454526,1.081618568,12.90148135,132.6595023,4.33133178,15.63205246
36.48557405,1.357538086,34.25934681,125.3269065,7.02365954,27.59123129
34.44517626,0.423699631,57.88933181,111.8584665,2.902260028,53.8876089
41.65253863,0.162357505,31.3397968,138.1591546,3.836383693,16.61160144
27.23598804,0.466733942,27.82405793,139.1711934,3.566703466,18.67300262
31.69203031,1.604448691,59.89783578,143.3788577,3.776849883,32.86857652
35.48474923,0.276683828,36.59844804,129.421624,4.163740849,21.67079022
30.2797619,0.555271276,28.76207034,148.7463519,3.4658705,20.40324707
30.68716135,0.910849326,29.29304067,146.5625658,7.655487633,26.34083332
28.25711669,0.286888154,19.7479748,132.054065,4.520610283,15.53895313
34.10579542,0.560078251,35.61115287,127.7980772,2.684679591,32.9407225
41.2643632,2.287047494,31.94275141,110.1213771,4.80595166,34.83426821
25.03820945,0.146317917,23.53976482,138.4397813,3.106591411,18.41457406
43.36082597,1.668236618,18.02700433,132.5981802,3.296783855,21.01344946
37.22719134,1.022581434,25.56194343,147.5017658,3.710248506,18.47117859
40.58183032,1.714356975,35.43416638,133.769285,2.748559136,26.81612097
33.90476732,1.512860129,12.91666361,149.7142438,6.326713595,24.31326648
39.48791754,0.63639701,17.68720143,144.1527709,6.751678848,21.92545046
20.40500993,2.13330277,57.38286335,148.1439174,4.365709531,47.67258698
40.45951062,1.280656918,37.14276755,123.1065109,6.133955237,22.3372491
21.00347148,2.074086445,13.17246518,115.9734398,4.333725741,51.7916054
42.24783441,1.074430087,44.65438794,141.8748846,2.984463942,20.93399268
44.79906868,2.463245329,13.0901435,141.4478841,4.383008368,17.34822649
27.35168655,1.94917446,46.94371135,118.4579576,5.341924373,45.78592191
25.25796391,2.418280492,47.49813609,140.5897862,2.245965884,59.06922263
39.1340841,1.334383549,42.55394879,133.2789343,5.926906344,17.42937266
26.32565852,1.236858717,46.61022723,114.3810058,6.455647814,47.29222
41.63905958,1.913089142,14.39828905,130.0713439,7.159821546,16.94903111
22.5710648,2.212699031,46.33902762,147.24552,2.616623361,59.39166613
23.14887991,2.41394991,16.83441599,130.2583018,2.000561563,57.37501907
44.47878888,0.878924574,26.97529536,141.5479596,2.439598214,15.98092818
36.84597246,2.016890977,57.13726268,111.1563995,7.544700823,45.83666359
41.17218061,0.605549434,35.14377388,139.1232565,6.593334326,19.21118358
28.10823443,1.409378432,58.3713216,147.8734954,7.012613881,31.10056878
36.91209374,0.531635556,14.44612294,129.9811114,5.102082783,18.54995671
34.85604568,0.933753668,33.87782998,123.5083965,5.160319247,26.9873646
35.078753,2.335260081,13.12011601,135.8660202,3.791033539,27.16270596
37.06331149,0.450617679,41.51051312,146.6504486,7.056518312,23.72825205
34.38397933,1.617762148,13.93535007,117.070786,6.978617499,35.80917876
30.72655923,1.523090255,18.76839013,126.1477684,4.353028074,24.10286153
26.89806736,0.389772047,22.9415155,116.2516112,3.975602423,40.01763209
39.21453327,0.882349705,47.43719258,129.8661693,6.430239628,22.04852179
25.65681075,1.451155611,18.19810594,131.6168805,2.15700883,40.00792953
37.30885765,0.549228662,52.33160266,147.7681446,7.159693391,28.81690829
25.83332057,2.021496775,16.59519694,126.5006062,4.677487936,30.16430615
35.63325425,2.433175623,11.76222245,132.6782645,4.648065479,21.13125589
38.67695668,0.61542256,29.75227095,145.410503,6.014467084,18.87032353
25.46784722,0.548588715,58.9720821,122.8562,5.874496162,34.52786426
21.49858252,1.191844172,15.51711139,136.9665548,3.595844396,26.79649532
23.27434357,1.894636665,15.0859222,140.286474,7.659671627,29.70677736
35.14992418,0.775841465,47.55832554,123.2211294,7.917979876,36.08310669
41.23616016,0.147711781,25.6080847,116.5736474,5.155934086,35.72796002
21.12492053,1.398929507,45.86408086,130.1163817,5.368284789,33.58870159
38.35378148,2.395841363,20.00052947,124.2720692,5.325907781,20.94776889
28.53296615,1.039064453,33.00359971,120.6584973,4.914724449,36.42697379
31.96320925,1.10832293,23.26449389,148.9368524,7.671122322,29.13489323
43.22148875,2.425364121,32.57641074,130.0861207,3.468514694,22.43709161
28.29928762,1.767058268,48.45485463,144.2591078,2.647749058,42.34635902
31.63342335,1.826012615,48.10049702,117.8126964,7.577283706,43.78518138
20.34206037,1.450484813,35.78861438,147.5777106,3.278229885,38.16576987
22.039968,2.439062106,56.41859219,141.7772574,6.494932121,41.21564912
26.46478978,1.753279563,23.18920512,142.3476862,3.223239855,34.52347242
20.69630602,2.248078604,22.01556756,125.590595,7.761116094,39.57307178
35.78438315,1.778509278,40.69032006,129.4254797,6.746730622,28.03484621
30.65995892,1.86427798,41.06485171,133.734173,7.512309033,28.52050879
33.70363007,0.796986213,12.32700198,141.5906214,7.705908921,21.1363487
24.36617965,0.828348875,40.38888562,143.9622701,2.506546306,31.32165263
27.39830074,1.979163159,28.72180787,113.1218124,4.600333135,46.34976331
36.59561187,0.812095094,47.37212627,146.1624955,5.888602022,21.20011034
44.13256809,1.45064817,50.40528323,147.4998661,6.814736625,29.69550568
21.26041934,0.698445546,37.60769098,133.7154962,3.448830466,28.83699146
42.25960802,2.060760114,10.08525158,117.4700245,7.487629156,26.42865854
34.42203003,0.365203243,41.81829051,142.7365933,3.325857975,20.32912597
34.09798917,2.090671935,47.44406398,131.9435046,7.197058409,25.10712139
32.50696338,1.546551521,22.44916331,142.6878581,5.076275478,25.23444271
21.73485215,0.548582884,33.23230006,142.5923251,5.092533031,14.56481255
22.24692129,1.400884925,58.28633117,113.4691726,4.244033693,58.82061378
35.02280014,0.777997208,24.90577767,134.2808571,2.621031389,18.08061931
28.52396429,0.876321603,21.15766255,129.325772,4.082540379,19.67249233
42.93170166,0.9436673,20.54273952,147.8447788,4.56042029,18.83485487
30.16476343,0.251966193,37.94004172,121.8656517,4.874126339,29.76400036
23.58203647,2.466308043,57.48935507,118.2400042,6.434571742,51.1999404
37.86797084,0.175683108,40.43450646,145.8834742,4.112420663,11.66163747
27.33383554,1.689992496,25.16615601,115.9486228,4.439557162,43.2437089
33.13675768,0.990946355,41.9284889,137.4607783,7.436591614,22.60865981
37.44581964,1.650424698,41.24211488,122.0007926,6.515403768,26.55099169
42.50660278,0.954995807,39.84625679,132.7138302,2.137134617,27.38020668
39.80477987,1.717001551,17.97131034,134.6487773,6.872532546,20.29167967
36.9090267,1.850165223,41.72833997,126.6947713,7.939663546,29.35862629
36.99082956,1.757326337,31.50822263,148.9985992,7.638606448,27.62309581
43.6481161,0.373508755,10.92960293,115.2733267,7.015735397,37.53724778
27.39560244,1.676543763,36.98822436,125.6559636,5.775042484,31.05297394
20.02780235,0.771970119,59.46333726,127.2158131,3.669152733,35.67561557
26.79886398,0.169123289,27.48697954,135.241878,5.926583668,18.55110818
25.44728449,1.095593613,58.27796092,126.2903903,6.173554825,36.34395811
36.54586463,1.140503447,14.81028708,113.8814405,3.689348966,35.68632523
35.84278999,1.22121792,46.62250579,147.8971999,3.531977746,26.14673743
34.83653457,1.791577997,15.71649973,126.6431633,4.381543155,20.61325847
20.40608608,0.841225142,23.67857868,123.7069491,5.846881814,31.65982078
38.21945136,0.856673231,38.54204177,127.868885,3.758373616,22.26661504
28.08826031,0.245325415,39.6389847,118.6638273,5.333999133,37.93304414
36.62639973,1.748370918,48.76056586,114.0088674,7.395424411,43.1301272
33.91446071,1.462782619,40.76557036,115.9431392,3.770601949,41.5439291
28.56827314,0.93862027,39.68073522,116.6661931,7.795842417,47.04203114
23.36440668,1.792453549,55.61765435,117.9069375,4.840087872,48.99554372
22.36047244,1.389658598,32.60803761,126.7984085,2.605450026,44.33401319
40.78795833,1.22618787,21.26328893,134.9559708,2.330236362,22.28341146
42.95993855,1.327178905,18.08942925,135.1555135,4.032047086,12.26129824
36.24470117,1.627235501,29.99972984,110.0039028,3.55255374,45.29027643
22.58585287,1.684006251,45.63763776,146.8383067,7.062279963,34.58220356
30.05068042,0.793498766,12.12717425,142.9138872,6.425830529,15.69428377
38.22348,0.437784072,16.45266933,148.5575216,7.307277721,24.24782306
39.4955221,0.475922035,15.30567301,124.3994538,5.535520989,21.56095805
22.95546556,1.634538126,39.26250765,136.5919711,4.612743486,31.54478193
20.00076797,2.194895886,22.14323253,116.72083,3.623407569,60.89804599
37.80342615,1.082791068,18.31297142,142.6813211,5.498653007,12.70650518
28.9149044,0.506848385,39.63853599,116.4547089,5.708148669,45.15607294
26.36203329,1.915845996,48.06549577,123.039428,4.357685382,36.29469486
20.32243674,2.097974739,26.60774582,129.6333942,7.619572531,38.96824753
33.50748517,2.213397863,38.91023028,133.7812668,5.83972753,25.31194756
41.27876839,1.556395429,14.90622066,132.385321,7.024887204,15.26237263
43.94079116,2.165748543,56.75955152,114.0838405,5.722344484,26.96343912
34.14362377,0.1369959,26.84480927,126.8670401,3.899220712,20.62651216
32.86153319,0.357365924,59.87528466,146.9163706,6.419714947,23.40004378
22.12640964,0.322182561,58.92938779,144.8947411,3.381527185,23.67592645
33.72182004,1.810251242,48.94117247,133.6313409,5.57965619,27.34064344
29.49947697,0.266996281,11.00335477,132.892983,4.414198058,14.91059251
35.17838202,1.291274494,37.17374602,114.4670073,2.899309213,45.77190349
29.7181587,1.234496557,14.34182102,118.0103781,4.479443453,35.39034071
26.00747809,0.845688457,54.7569013,120.1055897,3.861684977,40.86392589
22.37413188,2.188972408,49.48181263,129.5278291,2.67333249,54.6458409
27.87296111,0.509039685,58.61701883,139.2542419,6.942969372,24.795333
22.41612086,0.945910683,40.41914766,128.4290142,4.991495339,30.42135572
24.42242377,1.9580116,36.10864022,115.0424417,4.078137634,51.18923129
44.68340396,0.173013555,35.9486928,127.5739551,5.029785498,19.73225355
31.10258892,1.715080961,29.32241872,116.5053301,6.527498705,37.91628392
33.29679416,2.059354543,33.43450336,140.0458941,2.109772359,40.14202892
41.84046322,2.337442813,41.77062916,116.6600344,5.280510563,26.86434715
44.88922251,2.203111937,56.64738038,129.3013596,4.8749047,17.47763538
34.56786123,0.86652188,39.79421691,137.7365441,7.358421149,25.04950674
40.31184553,1.507273939,52.85579712,119.1279226,5.335829953,31.8895914
28.17352561,0.285504384,53.13899557,113.0412043,2.823937055,54.32216064
27.64359894,0.718888009,35.94163379,132.531979,4.332099292,23.61933157
30.06759302,0.326133709,27.37348207,112.1681065,5.726416232,49.0430342
36.81268157,0.856449496,41.97869367,133.5107457,2.275602842,25.85151557
37.05479223,2.200449312,32.2938671,140.1399415,7.307894584,24.24136996
27.88098587,0.933200415,14.07204337,123.1726397,2.406694044,39.56562155
23.3302481,1.448555447,28.89045502,129.5339764,2.183546767,44.11986862
35.80990641,1.140114035,59.7036069,147.1504735,2.012093445,39.5797001
23.20814655,1.201399658,12.4255935,128.8443546,6.10246695,24.73334381
34.46231271,2.426972924,44.8333456,149.8621625,4.735520523,37.31932518
37.3355532,0.810770724,52.05943525,116.2800965,2.616906165,43.12566919
37.51528741,1.605578727,42.43629517,138.3573561,7.137251136,20.05785513
38.83680277,1.108150407,38.48741156,136.1047439,3.216321645,20.43055676
41.82148554,0.246750835,45.37772085,144.8921925,3.957944954,16.12559406
32.4989748,1.274393996,31.46713686,113.6977285,3.066328843,51.08856638
38.25622974,2.05202399,14.56808687,121.2082637,7.560537786,27.91790507
35.47931838,0.337007125,58.11858772,115.287169,6.548400699,47.75492448
24.66599849,0.267020434,31.6150385,147.3238049,6.34372038,20.03257356
20.64224112,0.468715649,43.26946186,127.065413,2.26397618,38.31392577
27.11353464,1.934560267,36.56552184,146.4026338,5.136210225,30.54286947
31.07584266,1.837588922,12.7336536,121.7762798,5.45271462,29.02195654
35.42764861,1.456042645,57.63733005,115.0547241,4.29512504,42.27033532
41.24898326,1.22374337,49.62686131,121.8614909,3.930537502,25.27463755
24.90614292,2.231981955,17.45489472,133.8869744,7.111657161,27.62811329
23.13874475,1.940074777,59.08244381,143.8093037,2.138099548,58.64219402
44.08699869,2.048661403,46.84506861,125.4156277,5.75212909,14.93592557
22.70111398,2.051829523,33.61608252,146.5923464,4.365481484,42.13175766
31.96227675,1.642521171,40.56850283,119.7692824,5.995704087,32.78081306
34.63909322,1.199235098,15.3368341,137.7416275,3.187505275,21.8233354
33.53436052,2.175226606,38.0205755,139.428534,3.431956128,36.06738599
22.15080393,2.322417802,13.6830536,120.9585168,5.52112284,39.44446549
21.42567285,0.157134504,37.24276286,111.0787951,7.879631278,63.7422094
22.63708569,0.223731696,37.63478444,124.6094937,7.848101498,41.57233983
34.6396921,2.400983913,53.72193926,111.8078459,3.493885903,51.79560567
33.60862219,0.765185473,46.25287501,146.030151,2.614106182,27.58703302
25.8435198,2.196086655,22.47761961,148.1410105,5.542059428,37.97600799
35.94435355,1.033108286,54.42130711,139.4151966,4.519895648,19.21610521
40.50168755,0.385840138,38.66213324,139.0673834,6.570120278,22.08664789
21.039474,0.293063681,40.31897393,119.6357068,5.167902352,40.29961256
32.45324859,0.475618958,18.44906846,112.9570231,5.063520836,45.69747794
37.2327603,0.699743668,52.8886798,142.0841854,5.878759209,23.320576
26.30779818,1.272444049,56.54825575,132.3664773,2.758510669,38.06004331
27.69427263,1.783594961,48.74953247,137.2651012,6.062970378,29.87227444
35.34094757,2.467356584,57.03762263,141.1856427,4.931118204,32.52623554
42.44838234,1.159616184,25.11499521,126.3773708,6.920882394,21.54055131
40.24811051,1.343643862,53.05595842,115.7818636,2.832241002,38.44272434
34.57825548,1.352357683,34.44465714,141.801472,3.804482295,22.86088136
38.25554294,1.394642453,18.19586015,128.1506256,7.701478244,19.79469962
29.12056176,1.342577577,43.44002995,143.0769692,5.318437276,24.40188321
36.0241382,0.121059412,44.20601354,127.5079659,7.575805999,37.12497858
31.65453978,0.104139573,24.34622569,118.6806563,6.134210619,38.25602572
24.74840341,0.334399164,11.37466658,116.8402007,7.55858819,45.47272134
37.54345685,0.343735848,19.99236295,139.7568703,3.906957706,12.36391964
33.91161593,1.791752581,29.98887738,132.9955649,2.54320255,32.28521964
28.96553955,0.591798478,18.37814555,126.184116,6.813450589,24.64758955
42.78347975,2.247313851,19.70149741,129.6846702,6.826812515,16.29587057
20.52335295,2.328655191,29.56953322,131.9855442,5.712960768,34.68470046
27.89432878,2.442144011,58.08933072,119.5766577,5.477421219,40.2031647
21.42203494,2.353795132,48.21217577,125.1266232,7.489449024,44.46043358
39.16318291,0.752531973,25.98742006,121.6964586,3.058990802,28.36474753
37.55268635,1.323464427,57.58020345,125.5369539,5.699227828,26.07935573
28.28380547,0.521091928,42.28233961,130.0224885,2.298623665,31.7549636
36.89157256,2.034903172,32.77248223,116.9343016,2.845189621,45.18562917
29.89843065,2.232236092,33.41500995,125.7406025,4.623634091,33.34948645
38.90634479,2.143093214,30.53722339,125.4197777,6.927244216,22.11986664
31.35459157,1.140080677,21.64960263,121.4401527,6.398796145,33.75480913
30.3069932,1.920817323,29.33160961,149.939853,7.844386346,35.45479531
43.36824789,0.334190007,36.3948192,112.9451004,2.269091891,48.3878642
26.2719775,0.196587449,36.40136754,135.7180456,4.288113313,13.27003566
23.0111835,1.907767394,48.08684511,116.9775443,2.952744809,58.26229528
34.61357783,1.120852658,27.93989286,143.5809596,2.221767704,27.49350979
44.23304531,2.489318235,45.83990147,146.5678614,3.586385338,34.30514324
29.44598034,0.333410118,38.90459194,126.0591193,3.466831065,31.40512987
21.55091909,2.153506436,58.09227023,142.939138,4.520166311,43.35017918
28.48263168,1.251959357,29.2642463,119.996378,2.840487247,44.39948225
32.64829136,2.085160469,55.06082321,115.6027403,4.931405475,46.51451451
24.04807517,2.061105477,51.03212736,122.6351307,7.520589964,44.75340179
36.45255545,2.298380803,41.88321423,123.6669606,6.48913359,25.19216206
44.94373473,0.814840027,42.72572334,125.8943018,7.053063977,28.33975386
31.2934869,2.379518448,14.23249673,124.9183577,6.82837156,27.13425808
28.86821392,0.464000705,57.51123028,126.4457781,4.337758019,27.88115747
30.01760417,0.296725066,15.34680317,138.4013346,6.253766218,15.94123352
22.87865446,1.135877242,38.16166544,119.8232053,6.525537437,39.20816126
42.08184004,2.087975125,26.50354002,110.7430238,3.233888634,39.8990044
30.37064139,1.236210714,31.49259891,129.5872221,7.1615742,23.33474022
29.68186029,2.090288026,40.50915054,127.9316498,4.746484391,28.39613484
36.49225682,1.851248334,55.44256889,112.4025996,2.098158437,56.28281074
31.05083552,0.602628127,32.87835618,115.3520561,5.860304652,42.17141076
36.20583672,2.3773159,59.38647777,130.3968358,6.060578552,24.16197875
21.53615725,0.245874805,39.64060327,119.3900304,5.31057378,40.15992302
40.34308359,2.255871298,18.02769713,145.1039318,3.274491805,30.19315391
43.51259882,0.830664278,19.50046474,116.9316995,4.893668164,28.81569179
36.21913465,1.3003554,45.80555178,110.8049053,4.400764701,48.2684732
43.86414822,1.113644494,12.51988971,127.9025508,7.848116443,25.75292808
23.78580786,0.512402937,34.01707881,149.4465244,6.948070609,23.9169052
31.93540474,0.959552479,17.41095549,135.3549011,6.571397631,17.75405587
35.04516835,0.563042647,31.66093176,124.1611889,3.086442218,28.44712192
34.54341619,0.589327541,47.4958711,110.6747205,3.986240105,55.93769354
30.03654448,0.548936406,32.94064641,129.3979376,4.278271013,24.13080758
28.45211023,1.273641713,18.17255545,118.2586401,4.955765194,35.30512347
23.17060056,2.015035282,22.59626852,135.9101634,2.181347072,49.56820844
29.79356126,1.465528081,28.37697943,133.3203397,5.558055368,21.04458741
24.06652038,2.243695813,13.47805917,120.608551,4.147139264,41.73917537
38.35914191,1.627706773,39.2168818,112.7553094,5.370062873,40.84358846
25.22077339,1.754416278,40.37668956,140.2007679,2.053870306,48.64487097
21.46413263,1.702257351,13.10759636,133.4185638,3.928598834,30.5959873
33.80915345,1.178702064,30.11556606,143.68505,6.611996336,21.10070975
34.88074332,1.754413173,30.70003414,120.3920006,5.006489315,31.64515276
41.79782653,0.267298592,26.69097843,136.1144826,6.73332397,19.30551513
34.42454031,2.163643533,37.88698702,114.74722,6.193762355,35.13999268
28.63702134,1.966749144,27.2978745,121.6723963,7.129523451,34.31206734
40.07529704,0.6885519,30.82046397,136.2615645,2.044661531,23.80903289
33.50697233,1.94327789,49.87617737,143.0232522,3.567952951,33.51427738
21.98200712,0.130342243,18.10546777,122.8370201,5.29281036,28.08355027
34.14626401,0.621391774,40.95573477,141.9541423,7.64610846,26.9469439
42.70046364,0.256329373,35.27972008,137.1100984,6.078741081,16.04739416
29.90781564,1.9725446,25.25358187,123.9469909,4.739532718,30.15679604
27.40814505,1.914097963,46.37673282,145.0558775,2.780847983,45.08660435
23.58673643,2.052726457,37.55941798,130.3691626,4.959292129,37.14411376
23.78613805,0.110756064,33.86807635,135.9298729,4.646521835,15.67163058
30.81928711,1.302958544,43.38346574,129.8252537,6.670659648,27.32170881
34.8919956,1.791606874,50.1145154,128.1087984,4.480091843,29.6188904
22.01538513,0.472962709,58.6334395,143.9191087,3.913028449,22.29677249
43.48921473,1.659497746,41.46751842,121.7881766,2.538318095,36.7234534
38.87834044,0.301864238,53.72199927,111.4651689,2.279006384,56.7694392
34.66559796,0.535182055,10.05457705,145.1913057,4.634806565,13.36396969
40.71096677,1.241912356,36.51178464,143.0009581,4.081171877,18.91134057
22.00466892,1.668556366,20.73237744,124.662419,5.331945017,33.26001327
31.92097194,0.450085905,14.70962285,117.4180455,6.271570623,39.47443991
35.75232817,0.544535994,36.59855085,137.0213457,2.240040881,23.66794527
40.71632265,0.590671281,47.34132531,113.1504361,4.977302658,38.84280011
39.586739,0.672881931,30.61362612,126.9501902,7.171831365,23.16163035
26.92673124,0.643729236,43.50537247,113.4344929,4.730999517,49.12135818
43.52200424,1.04835786,34.48596269,133.916387,5.127453266,15.07758495
23.10864604,1.669095162,31.8542933,111.0883354,4.920751044,54.58372818
41.87834047,1.15127628,24.51283202,135.169535,4.338757511,11.191051
44.27350624,1.962337381,29.12967573,136.9282229,2.660717144,19.94781504
24.42883808,1.826244414,27.48978154,129.485779,2.758137294,41.78566421
38.05165161,0.403664594,42.3093592,117.0002932,3.07453545,37.73226541
21.00713797,0.217219896,15.80092556,114.0557575,6.755387845,51.01188746
30.13557063,2.207059754,14.63181843,122.5316939,3.651993803,36.72121351
32.90708248,0.29159456,43.00064971,128.6082672,7.688742691,35.02739208
34.51613065,0.456014034,37.31490349,135.6883327,6.861020999,23.15749247
43.39843121,0.153119861,31.51000484,110.0500051,6.107244009,52.80341681
36.80626718,1.608007277,17.62214422,138.4425568,6.322361776,19.28892092
32.03194878,1.497689352,30.55135559,138.5084773,2.285793252,31.00723332
40.24187591,2.468568799,49.48658817,127.7815123,5.410336202,20.98116068
43.76332052,2.228637751,54.48106179,123.7362578,7.64634146,28.89914146
20.55165372,1.086023626,45.1288285,143.6923426,2.2346611,36.29142677
44.56303181,0.991806018,12.99560879,141.3834993,3.746099111,12.13175801
22.15330348,0.812444882,43.52048883,149.3310435,2.309068953,36.7056626
40.35966948,0.465776608,22.04927948,124.8772322,5.418449467,17.75165503
27.00836881,0.431400776,25.76256215,146.2733042,2.697203763,19.98863218
23.30449144,0.417480899,19.7936604,113.4960754,4.875500937,51.18132266
30.99639099,0.373875417,48.78778953,126.4586427,6.319696621,29.41550706
36.09891449,0.677228902,42.43010613,128.6149647,2.98663121,24.32706855
29.52379613,0.836004713,40.59175273,127.6349726,6.532186622,27.69892318
21.36413521,2.40778953,43.39863048,135.0039275,2.361226772,59.49296501
34.98652849,1.488335802,21.83861307,116.8083136,2.897746882,43.09952034
42.5600819,2.470229859,32.23222072,144.6580869,3.680662179,27.74127242
29.58038415,0.993920675,41.66268608,132.0705607,6.776594404,23.98023603
25.40831944,1.198303918,41.82970138,146.1683819,7.100821335,25.00512425
31.06443365,0.878988782,49.59259314,110.1052658,3.322278886,56.70527573
21.20906778,0.538930362,24.35519833,135.1995245,2.574702953,26.89766182
40.51218961,0.443595299,48.51680608,126.4983139,7.087722694,33.14048267
40.65852027,2.368190075,32.00922403,130.2039625,5.896204625,15.67749696
34.70001159,2.468345636,43.5086346,139.7521804,2.947132618,41.77309207
28.82757222,0.207782792,32.785969,119.0860699,5.346300711,36.02055392
39.99458411,0.460830099,57.43050849,118.1959774,7.234228597,39.87357633
33.86717562,1.116457822,18.96511324,138.1203127,2.417089652,23.88522248
40.64830771,0.547200343,43.75025443,130.8546304,2.502327402,21.81707861
35.78646981,0.973312945,38.82675004,119.3455639,3.641646564,37.0185023
39.61013683,0.40983124,18.63655205,129.3607454,5.913573954,19.54894291
34.96407483,1.195628216,13.30031679,128.3823362,3.068051057,24.08392328
30.35352671,0.752067079,49.95721945,137.6577771,6.898203226,15.50335102
43.9486465,0.944572134,17.87256668,110.1064441,6.502581061,37.74513411
33.52784562,0.326350364,19.32533414,133.4704106,5.366029122,16.93229772
35.12723796,1.127507322,58.9217112,134.227126,2.696406226,31.32089755
25.51219099,2.459818266,45.86304257,139.8204055,7.92931897,36.21306297
35.64126974,0.889199313,22.52434208,145.5692186,4.940201777,16.97613147
34.29019124,2.20343026,39.54744801,127.6075919,4.712438887,27.67314651
24.62095995,2.12367794,36.70559192,123.700809,7.973414478,39.55126645
21.48967743,2.384940204,52.22366338,114.0928151,7.183209581,55.19986906
35.10898299,1.996262829,46.46603739,123.4734338,4.738206404,31.19869526
39.09230673,1.683032385,51.58605627,112.7393866,4.512817916,41.86776224
33.08503427,2.155802666,20.5753294,142.1128082,2.575456295,37.07438534
25.66931563,0.281547234,42.01096022,142.2802459,7.559070478,21.93315256
36.66304942,1.210793577,12.01204292,126.6895063,7.062649086,20.219113
22.00264317,2.474214973,13.44703061,120.3856494,3.860014957,51.34801554
31.04584262,1.947040363,45.67635164,114.720803,6.519927725,42.92328457
24.08416896,2.408980907,11.22100513,144.0494866,6.576376558,35.30782309
24.61147628,1.971122455,38.98825045,145.0998111,3.367464303,45.44177614
25.05734873,2.199716722,52.02025492,120.6515846,5.68193282,43.70850122
29.66767643,1.795671118,28.99709042,134.8704219,3.53017282,31.30264113
21.27875514,1.925204811,12.24202184,120.3461466,6.739316312,42.35253214
29.94483602,1.355627224,45.69237248,119.0050651,2.922858215,45.06990023
32.79268618,2.318170482,56.48432262,110.848322,6.013435992,48.74957842
32.08235712,2.080093385,45.8585696,133.0863767,3.95607027,32.52401036
29.56960251,2.125323918,38.92236215,115.9976617,2.217092345,58.91306207
40.9786652,1.715221842,21.50144149,110.4948473,2.742227865,43.55538323
23.63316731,0.830991873,10.7687812,114.1940466,5.929394829,46.92107913
32.64241859,0.185511509,44.73360542,122.5507677,3.439485819,31.57994808
21.55103542,2.345572311,21.55130879,136.7665276,5.786212236,34.32299034
21.77889197,1.506688837,52.90813386,118.1049221,4.488932996,47.92375661
34.34664624,0.815543131,33.31820594,145.5036225,6.156280783,20.69487645
34.15046062,0.457924259,36.53177912,121.5395364,4.957691733,28.6316548
41.95083782,2.090855597,47.69682721,123.2490516,3.851282583,26.4439597
33.94684189,2.107648467,48.97153039,118.7190872,2.874915079,46.08312803
43.99477551,2.054819124,42.13254165,120.1522135,4.046589515,23.3444131
21.21737121,1.648198461,56.92159077,112.9654046,5.809364468,54.34540434
22.45019212,0.97843693,59.11492182,121.7908231,6.442841031,38.40207284
21.10164654,0.829768683,57.34427222,144.3846984,2.962038049,30.88349862
24.63192126,0.120531448,51.20895927,137.5369817,5.985634453,17.79941325
33.53175277,2.100658141,45.28126101,145.0107282,3.075677058,41.03494052
36.13930454,0.309838474,43.16629289,114.1943606,3.330916061,48.67563456
21.13962895,1.613811995,15.18750885,128.2246652,5.187903442,29.96437459
43.64927225,1.309779872,23.57421734,119.1701949,3.735213812,23.7118514
41.05413442,1.364054461,10.28441118,138.8486236,5.969572647,12.00851712
27.41531205,2.324110829,16.87049351,148.809513,7.734659745,38.6014947
21.92968826,0.175876027,31.96147386,142.6143792,2.893353208,20.06814605
24.24717683,1.956141339,17.32682754,111.4111267,5.423064994,51.64783743
23.17361034,0.224925756,55.08317073,122.6663878,7.539795096,40.03959414
23.08209448,0.191568654,50.28495927,111.1431876,3.05917386,59.82041978
32.96404222,1.131562476,13.5805956,111.6066787,4.20110542,43.87968758
26.14618606,0.251380418,22.44568577,113.1806122,2.74170101,52.36759905
28.95349291,1.993945483,50.95359423,121.0530772,5.85222631,36.96442087
44.73763333,1.370951425,50.15230633,122.1681107,6.014857566,24.82876634
37.10785622,0.169693078,57.27252751,126.0181405,5.985093917,26.97637126
43.72451668,0.197201648,59.87738808,126.1972438,5.25276229,27.02485158
23.56391388,1.570404471,58.81350316,140.8563605,6.477565207,31.88505163
29.55348687,2.034668362,30.50689929,115.6561297,2.215263778,55.79946966
33.86829508,1.150718875,22.51642219,116.3096246,7.745080925,39.5929432
21.91895155,1.430993612,47.92050952,135.0635621,3.332577248,38.95485409
20.10468609,2.01959069,24.96364464,132.8696861,2.729371812,47.27026646
36.76085834,1.565214818,50.32001801,116.1601882,7.646816258,45.37941564
36.04548792,0.63942457,36.69773652,144.0905771,6.982621498,23.42706007
30.26972025,1.571324862,49.69636376,123.1623766,6.589222516,32.92298122
32.2411019,1.607870702,23.79399399,124.6786939,2.628474254,35.70067733
30.38607501,1.861856754,35.40136578,126.8184032,6.845175282,29.94631402
20.60012612,1.59009805,38.20118968,122.9080748,5.654141138,38.50957796
28.38429016,2.426181113,57.15540339,132.2982021,6.391451666,33.02524144
24.42705638,0.573491941,23.32987884,125.5459089,7.868421679,37.23326558
22.46060473,2.382617631,56.83441196,120.377389,3.166647063,60.70076574
43.91801085,1.392014777,50.24294577,146.1789947,5.026291765,22.13069216
34.98399313,1.712694737,46.5447027,122.3340296,6.520111679,28.01383532
38.21640711,0.338707834,49.34351346,137.939557,4.601938105,17.72709103
27.88409358,1.013382259,40.27125229,123.8890708,2.327918498,42.5965545
29.82867824,1.946509952,22.20400052,127.4087995,2.668633393,42.78274705
25.92309985,1.796586436,19.47474844,119.4377409,5.612551835,34.71525089
22.42414177,0.196334532,53.31707179,140.0931848,3.710024878,17.34876125
24.47579094,1.411826232,46.25697013,139.4881301,2.827043884,37.10217892
39.93785113,0.311867663,20.66021414,110.8895978,4.039351985,43.10826391
36.93864513,2.49005543,40.75466829,112.4077616,3.205885592,47.54294903
33.6732219,2.253511812,32.37732407,146.8950582,2.143636799,50.44104076
31.87724682,0.150593585,17.9327585,145.5530739,2.910883931,19.49323111
43.06085709,2.160758989,36.59285547,130.2434877,7.298467766,17.61996251
21.81837369,2.306631041,24.07595462,129.7342957,2.072223695,54.84768263
27.01502033,0.948515734,14.81220621,142.496967,6.643101822,18.51957559
28.74844634,1.826803972,33.34791493,115.5380059,6.520766635,42.12278168
39.56064531,1.161048991,39.5054276,136.1479649,5.38542613,15.28585548
44.8128655,1.672557963,12.34532052,129.0393198,3.250686594,16.45484113
26.01676287,0.91676177,30.10463747,139.7332412,7.268355346,23.68283737
41.85768335,0.874142168,22.88309599,111.2041117,4.850453413,39.34069187
40.76556901,1.118641333,11.53252954,133.709022,3.039237374,18.2906877
25.61643494,0.449362621,16.28312748,132.2691286,4.574135555,17.79567007
29.9833145,2.094733515,16.95170794,143.6339332,3.169503366,38.3194157
30.24182173,0.936874949,19.14371241,137.0734519,4.256047047,14.40825395
44.45551671,1.060358929,50.16887857,145.2064143,4.980126626,17.85259299
24.52229753,2.24573107,31.97459332,145.4909329,4.159405338,41.80477378
39.97894928,1.291897154,17.35429961,126.32656,5.942265644,15.81864878
28.35481785,1.406209382,15.01484835,115.4973654,7.615506825,42.52144671
38.27175864,2.395595499,24.89702294,135.2113462,4.088896086,23.44140255
30.50027511,2.22814332,49.90077594,144.9498439,4.134437083,38.27165226
34.45899408,0.506720101,28.2229924,112.9981338,6.429814824,47.75075684
40.81529433,1.235716072,17.99486801,132.3169309,5.183545589,13.97053579
40.10413912,2.431110946,30.20580908,114.5999811,4.573036638,28.95967872
41.66057959,0.993679116,37.76557786,111.0798397,6.882849131,44.03021268
21.49043313,0.99177546,11.47920918,137.1854142,7.346216403,24.09205582
37.30126383,0.568072556,41.38209007,137.2739845,5.543519636,17.91740887
23.49968442,0.374375474,29.75503765,134.0263218,3.110619637,25.48427931
30.3954642,1.876731498,10.48629376,144.3689122,4.797715334,27.3044075
33.71471038,1.948073125,43.69446995,113.2350576,5.026223973,41.38627715
30.06848712,2.425631112,45.61938178,114.2104105,4.593244143,50.88952187
32.9902919,1.956203706,41.44198943,144.5814175,3.574591273,37.72418893
44.91315772,0.684045986,27.09651088,130.1310688,4.833930846,11.39992538
23.38043284,0.196279788,36.4802427,120.9221124,4.679276913,35.08476296
36.88640113,2.465049722,29.35788531,139.5262791,3.256961144,32.50801077
29.90002416,0.917081669,45.03108651,145.7761489,7.420583914,26.71602252
23.32524497,0.848731702,39.17900931,137.5841314,7.312045705,23.97762597
23.96841908,2.274292503,14.08995569,141.6773039,6.557698571,29.43464789
43.73182766,1.504239757,42.15467791,121.2998896,4.405679466,24.86565116
41.99003742,0.615690817,44.36192072,121.5510144,4.222051447,24.6413892
42.67604901,2.233830983,28.53510903,144.5649552,6.298792264,21.75059206
44.7883194,2.484066052,53.78928905,134.5945139,5.64871541,15.40625489
25.20788475,0.308028547,52.15071774,119.3665101,5.603589944,42.5595898
28.88598343,2.169403908,18.75832619,130.9664726,2.744669165,40.44672895
36.73047575,1.037237674,55.21331542,137.4344189,5.709702682,22.35499101
32.0950635,1.357773872,32.04361857,118.7419633,7.411178067,37.44122038
30.45973833,2.295558342,46.18748263,136.1962563,2.514898824,45.67609364
28.94528123,2.43611007,50.70485035,111.685794,4.035027794,57.33144661
34.8445158,0.729193385,35.25562105,122.1476649,5.054085749,30.90878111
34.38983572,0.61084185,29.95509697,136.9588725,6.116056969,15.78238184
24.03644585,0.293239741,55.77256843,115.9739626,2.537809577,48.8279015
31.79349594,1.448314846,21.54267765,118.8879612,7.23683716,32.81720436
33.83679441,0.132650549,22.84850389,145.1637316,2.243273722,15.66996918
34.25717347,1.088555914,28.0810157,136.972844,7.146138001,23.27586622
25.25267982,0.27612164,52.9732889,129.9567484,2.165910535,33.09588561
38.55678481,1.072541879,56.93941321,118.4357357,2.921139826,40.15306133
20.62997737,0.195837254,21.00338574,123.6563863,6.801942963,32.44222734
28.87079639,2.104521425,53.19350738,132.9732199,7.160986623,31.32922366
39.50531621,0.603373585,22.91014797,116.2125038,7.893594976,44.78863271
34.09732303,0.887940905,58.53206234,129.2697632,2.69428897,34.17224325
26.52906081,2.188115192,39.8703946,126.3589758,5.158706697,35.95553489
37.37382798,1.891038547,10.35432337,129.0674937,2.462934959,31.25723064
34.1847736,0.625692068,11.7064952,114.2224329,2.938445756,43.74599265
39.90609024,0.272558605,17.37422654,114.2598835,3.046963147,38.52690392
38.37562965,1.817617064,19.37865789,148.5644381,2.380329509,36.083176
35.25269805,1.037686122,48.38095614,149.1747093,7.357878836,29.15330298
32.20444188,1.938591998,21.13829382,127.0465863,2.758133108,38.45921232
23.32955314,1.168707454,58.457081,141.5598181,5.776045058,25.62680489
26.53332545,0.930405791,41.80560286,136.2316571,5.754482387,20.74942683
30.47748682,1.18289298,44.62587546,114.6766742,3.191871232,48.46582041
34.98248218,1.896541566,20.89082596,121.8671463,7.990467567,27.81225716
32.84269638,2.265328688,54.6353157,122.5460563,4.084206639,36.76270029
27.20461315,0.219441272,43.39072864,133.8309774,7.430566226,29.31785479
20.16160894,1.357867699,53.22028122,133.1990685,7.689708394,35.85143732
32.40598055,0.17880503,57.82405486,146.9403477,7.693932886,28.91718706
27.14064971,1.224182908,16.28204886,141.6014526,6.517025526,22.08538957
38.36520752,2.22467879,14.82936151,144.2739066,3.522830032,33.04904944
20.59865663,0.967816639,50.17039133,145.6491445,2.723932111,36.43378572
34.62069528,2.337881011,53.30630295,142.0510669,5.419309863,33.51432422
43.53685594,1.613460332,39.18807104,123.3152504,4.160234787,23.06015201
24.36023168,2.341972825,28.30002739,118.6005189,6.986234071,41.53918742
31.79123727,1.917199901,42.6314818,132.8706935,6.469940316,26.00109845
22.2855498,0.3482444,25.28320363,137.5827327,3.658809777,19.52172047
35.64204781,0.654763282,21.91928461,125.4627188,2.102091402,28.34133213
33.76329201,1.046009091,34.40726048,143.933546,3.423894554,17.95946746
30.18413811,0.508256517,20.80769138,148.4226637,5.402693505,14.74940324
33.03442554,1.287787851,34.18518042,132.775829,2.473984833,26.25555126
42.41436646,1.231283574,57.83032527,128.2636825,5.949635598,20.40749259
24.90735756,2.395022075,51.98920178,143.7154847,6.030177709,36.25533371
20.56411279,1.140946919,57.08154598,110.9707819,3.016363534,71.59096707
41.54162212,1.98550433,50.31644874,115.1605046,5.577909405,28.53677943
34.42792706,2.360585308,27.7375468,143.8263064,5.641828568,29.02156392
42.26646139,2.204773194,50.60226193,139.2811434,4.867868878,23.63968056
34.92363059,0.600802299,56.14578718,126.6454679,7.719474845,36.84406067
40.25402725,1.290471746,57.35178939,145.5540743,2.648979082,26.75326775
30.74183408,0.934575478,44.15989253,124.0583315,4.439754012,32.22381751
38.74649828,1.059660868,20.56833219,135.3538143,7.297524634,20.78060157
42.82603667,0.965936383,11.98645767,135.3733788,4.317884105,13.05748107
34.30307409,2.083262104,17.36001141,117.3732757,4.547837654,36.49973308
24.51962876,1.185133732,58.27734589,121.3940694,6.009643283,41.05904787
26.71994038,1.356866397,33.10484121,146.6402769,5.993381297,23.49045387
24.96611442,2.457873657,52.74930074,117.3365942,2.137411751,72.27719269
26.17142569,0.243950253,33.25220768,116.9429849,4.734184557,37.65047722
27.66038623,1.271098335,43.04087917,129.1846189,4.001071068,30.03068426
33.87834467,1.957748097,11.20703886,113.6878947,5.766171483,34.07015758
34.69979074,0.4627887,22.49324714,145.7850476,5.334213894,15.0315026
30.66249368,1.567675827,31.813464,114.0059655,5.905169763,38.65415822
35.3855195,0.674715471,41.53155236,134.6622991,5.922604319,16.69283935
22.03937314,2.181769872,18.5760594,123.5912743,3.529231168,46.93150694
22.19470593,0.885039197,48.22757321,142.1709154,3.478788587,28.00247449
24.29573651,0.889750761,28.22023531,133.5924298,4.22169437,22.62889373
32.95193745,1.535665308,50.87176346,125.5322456,3.451750763,36.60751064
25.34986697,0.540550979,14.89845452,149.3549194,6.096848467,18.20444992
27.08211009,0.783732733,43.98782938,112.6492395,5.617195851,51.0362781
30.0078209,1.09991644,24.66641666,133.1114521,3.29832204,24.11838025
40.2966531,0.948730872,49.76915871,149.5827325,7.304628853,27.25373863
20.3465534,1.359705323,30.10852135,137.6381057,4.76397569,28.1033223
36.23447051,1.539136346,43.26748161,139.5907853,2.76231934,33.37877264
36.72191328,1.460001889,56.71526343,111.2836458,3.277793529,50.81509381
39.96639451,1.670003949,11.0313316,110.8545265,5.239103379,36.67017939
43.31882348,0.83859884,10.55583912,111.4444045,4.030544099,38.54697499
20.50344622,0.403422945,48.51396261,149.6689561,7.10733162,25.64827933
23.84459264,1.925938099,42.31965258,149.1807904,4.968412444,39.79652927
42.15428235,2.141872918,24.64898603,123.380357,7.491768803,18.73793271
31.46296405,0.716814957,34.71983514,121.6392727,2.610958886,36.48880611
34.11476597,1.077020695,12.09678328,115.8383498,6.011558798,33.28460936
36.57568009,1.296566121,19.62228027,123.165612,7.314709114,27.6266902
36.97666511,1.379984423,31.22481873,124.8059972,3.757582853,22.72860261
43.29351008,1.682776411,51.70222081,139.9313127,2.814125578,25.51425694
44.92373544,0.19984776,33.98335914,144.6517421,4.739868428,16.08051649
38.00393652,1.831544999,39.31812523,139.8694048,7.768005358,24.1937677
27.18053023,0.248730417,53.6876896,135.859004,5.800771553,19.17825264
41.99381006,1.223892562,25.44094568,140.6360031,5.863861826,13.8537707
21.23052286,2.086410725,45.03496606,139.5398992,6.029007527,35.45591141
25.77702132,1.182916752,53.08336293,129.0299877,2.238568254,37.87924991
42.43464294,0.457815397,20.13078503,123.4340561,4.673898808,19.7060529
26.40478786,2.464081228,27.82390826,121.3112287,2.465432063,59.04237968
25.51627649,2.234285109,58.99050869,137.1742184,3.895152976,43.86760947
23.45313233,1.95115272,59.16092824,148.372165,6.929594146,40.83179382
41.47779394,1.087627847,21.16149651,133.2421888,5.937619698,11.05346342
32.50145648,0.541229745,13.32229194,146.5010601,7.973436192,23.99764017
36.87233008,2.359386835,23.54608057,110.5691748,3.032926546,48.35231462
25.9766596,1.377642704,29.88659787,141.7788259,4.382325417,26.96007949
38.95101053,2.145653105,32.05028005,144.1441063,6.857841298,26.75122374
39.00013862,0.921028014,40.94031537,135.2397535,3.294149614,22.10645796
27.81495062,0.904691961,54.97513801,147.36244,2.922331078,30.36526969
30.26706583,2.465297154,26.5174006,133.5965197,4.565675342,30.46832094
25.24225694,1.352399316,52.49922677,119.6214761,4.302358941,46.23785247
44.41402558,0.437669017,14.67394605,118.6286892,7.881235645,39.44457583
36.14006443,0.627219227,12.09373495,132.2334507,4.737509174,12.14094609
43.36359702,1.256666271,35.20225916,146.2593572,7.165678059,23.81259424
27.58463859,0.201930185,12.98311117,112.8947178,7.327793115,55.23856104
39.54727282,1.210081565,29.62449006,134.1756205,2.947230285,19.40681044
39.1464661,1.105458021,54.83890584,140.7921389,6.291828807,20.96659484
37.2913913,1.970407037,22.07415181,114.6160828,3.665642835,35.3235881
44.14097438,0.951860715,45.29878876,114.6707876,2.56843381,41.19589467
29.8388834,2.458117028,25.11826962,124.6451199,7.248229467,31.14874915
23.26793309,0.533847806,12.24600276,120.9552469,3.754598246,36.03022776
36.79272148,1.518368044,37.83452907,117.9325664,4.072194021,36.61197951
38.23274501,0.315278313,51.74267453,117.9477669,3.943934219,33.5453447
34.37651434,1.861273562,30.47342242,115.2267613,3.201772538,41.94532686
25.17044733,2.487408851,40.86469132,134.4341605,4.607020292,39.0627953
32.61139854,2.065932731,55.00117988,137.5250241,4.569756925,30.59729772
27.80474341,1.433688498,49.48472564,138.1174491,4.452509754,28.90202968
30.6866632,1.263379258,19.69381997,131.294159,7.497786483,23.45040365
36.1304644,2.104071907,46.66919797,148.1162508,4.038509772,34.3686863
38.63036857,2.346337803,35.09465126,145.2213111,2.18227345,45.81827389
25.80561727,2.474095662,47.29834039,148.3052457,3.070622037,58.78918745
30.13313402,1.051694146,34.72577753,125.5518191,6.328982459,28.25759187
26.72903927,2.47820194,16.39790821,145.1113264,5.545151638,31.19646176
24.96579035,0.474223005,38.49547233,140.514988,7.710408822,27.7314193
39.5846805,0.708519462,34.60669962,123.5989161,6.166610643,26.37117735
42.73131736,0.313638699,35.89608668,114.2637303,3.16545004,39.37704119
29.25580464,0.75217244,53.94512268,137.30485,2.723865312,26.70351237
38.78197311,1.943050124,54.74185234,115.458093,5.124558652,33.44568624
42.42488223,2.14701846,32.67685534,121.7510323,5.991576417,18.00807404
41.15310526,1.969342348,32.78660206,130.0145831,2.993820428,21.18428647
24.57033471,1.614557868,35.75934794,137.1953014,5.610158062,25.63609656
43.90729704,1.33351963,35.97946392,147.0491063,7.190172104,21.8803515
29.41691101,1.800890294,57.51935721,133.7296018,6.365413569,28.84146606
28.48101653,1.038000518,42.47002337,136.856524,5.985146485,19.91885981
21.56078318,2.119140044,23.87284974,122.400554,6.735986327,40.63254238
32.15434135,1.725256226,36.57683985,137.4917047,2.624496254,31.42100665
22.72534039,1.774731276,41.36117915,127.5116048,3.222988735,47.10318835
26.21349552,1.386246384,41.98858605,144.2772473,2.228596982,42.51391388
27.92356554,2.224549562,39.26271131,125.6980206,2.869867673,44.88263841
40.22065809,0.704835361,18.88680773,128.7308809,7.479094056,24.58088175
41.88721626,1.014754368,11.67965945,127.3035103,3.332869568,15.81921354
27.56165794,1.966342167,26.89215262,142.4449134,5.972583298,29.20833498
41.46745303,1.282597351,31.37610773,148.1479679,6.149403495,25.65961632
41.43077343,2.234113632,13.09021198,123.091052,5.871952757,18.89147408
39.11627376,0.931358367,50.7483669,129.001116,5.323526292,20.20206741
23.66737785,0.986392405,27.20387188,138.2370507,4.916782085,21.57185816
37.25807117,2.232965895,55.68163731,145.8152649,4.519525051,36.45338236
43.62560161,1.214488768,17.72050539,129.7480279,7.50139218,21.2629705
37.06351197,1.338699002,12.84674785,114.3557403,2.057086165,46.88407994
28.29042123,0.898632917,34.11580522,124.7468553,2.320937756,39.54903294
32.51448294,0.764007861,19.45646684,132.0144754,4.955074793,17.36310451
36.14312608,1.674276906,56.86996378,126.7009842,3.983060491,29.03387703
32.76426022,0.387617588,10.51516992,117.4622291,4.449381279,30.43133272
22.99882354,2.210254339,30.63098375,111.4795798,7.987091117,54.9657454
27.80160112,1.970087528,56.33738857,137.4963466,6.650808195,29.32135145
40.05990076,0.557795833,29.22091034,149.7094876,7.264447736,25.56383727
41.53545115,1.76564787,14.65546403,146.7682654,4.211447385,21.62298249
23.43250082,1.546319011,25.14474714,137.3308364,3.43736264,32.92784299
43.80966881,0.542884122,34.90051969,143.6611923,6.60794281,21.01148145
28.22056545,0.755688415,19.25758437,120.2291047,6.845456566,35.93625705
36.55784347,1.081567609,33.32808526,134.8973774,5.299390676,16.65062029
38.79562865,1.778182565,51.81715979,112.4241686,7.375649088,43.6878755
40.29865587,1.632936181,53.63089851,138.2873571,7.803951541,28.85902736
43.64374256,1.377363634,12.46303674,148.7948936,4.826124071,19.23053488
27.8229887,1.944185303,18.0451679,144.4318923,3.336000007,35.4895348
41.46266136,1.919050575,23.76450679,131.377635,5.102678642,17.23353108
23.29217259,1.58286197,39.74329254,141.5496088,7.937199342,33.30059559
37.62602266,1.9887762,28.04973794,147.7559524,3.757561158,32.3915617
38.54944324,0.902232099,52.20204567,118.6407031,5.705595942,36.63138697
36.94308103,2.214998868,45.83359341,141.7303405,6.163901984,27.25077928
26.3078684,1.575784206,15.02280116,120.7938783,3.283572766,44.08807163
41.82607868,2.073672433,41.22787513,145.0778969,5.530754737,23.39082291
24.22146158,1.411069851,15.65063127,113.9341802,3.887042036,48.98829921
21.34086979,0.624251788,22.75178348,117.1287368,7.125257655,47.10715157
37.93662477,1.401784309,18.89353168,138.8246585,6.288521424,14.52717593
31.88689288,0.990667993,18.65309746,116.9911002,6.957598565,41.22328764
41.2274505,1.773997686,40.81977624,116.3221721,3.198094368,37.71944763
29.58492853,1.2419051,38.18024613,132.2186751,2.207448234,35.96631229
24.20696471,2.106670732,18.80140764,143.3994895,7.103154109,33.76218517
40.91105481,1.72737403,59.50864027,120.738697,4.320525202,30.24820429
33.72274079,1.742906639,31.09183662,143.6455273,3.078334471,29.4108214
24.72989481,0.6211728,14.85346641,142.3181359,2.551372192,21.61535112
38.00959996,2.46219944,16.02845085,133.164216,5.099004836,19.98055777
32.77784096,2.120020502,39.19468569,135.8625101,2.900767716,37.29525034
35.10782456,1.993611723,58.95347017,111.6176475,5.400152147,47.55431979
31.52245846,0.89251654,38.59755508,124.6854223,6.363839255,29.24857212
40.7177246,1.385515967,57.45207383,120.5357972,5.210349029,25.74720205
40.73906789,0.429047651,32.20664254,116.0001544,7.422198696,43.57342278
37.73472055,1.392342344,31.79205518,125.5863732,2.933417746,29.58859052
22.63503443,0.450134192,35.00036797,124.1961679,4.96372084,26.9520172
40.97134655,1.427290826,44.87127291,139.1556671,2.979142756,21.36632181
36.77532451,1.656932512,28.38079832,133.9238536,7.255411559,20.53665605
37.42560415,1.036470321,53.19430163,146.5240028,7.593435658,31.698285
29.07457101,1.296507708,11.46406924,115.8163033,4.39997529,38.22061905
41.9819889,2.20156813,31.98820975,112.3899442,3.834489547,35.89229263
38.13429001,0.360551547,35.5495925,131.3843115,3.675896573,18.55502126
22.81476166,2.000158943,40.35161191,110.0410855,7.158364076,58.95641869
30.19445086,0.509810922,23.80359562,141.5087577,6.094651548,14.92904405
42.15950905,0.188099159,31.37399855,130.2389155,7.283558328,29.57922734
21.17991754,0.545379047,34.22688751,129.522623,2.705100977,30.12767787
44.03541549,1.936103656,44.34549893,124.4998391,4.856167567,18.75563615
36.97906421,1.072302576,48.67720924,124.9989534,6.057074567,28.59290651
35.78439944,2.19404924,46.89136637,127.2453471,7.382544565,25.49714209
26.76398141,1.359298099,27.07915261,110.6412938,4.292115283,50.54029689
26.21979472,0.153400845,59.97252615,113.3418315,3.878540436,49.29719649
43.55145549,1.820112663,52.43326559,130.2019208,7.477794255,23.86426307
27.45681136,0.364558981,23.00116866,116.0048906,2.285199619,49.34643604
39.38763242,1.99451112,19.75529028,141.1505043,4.877572939,18.60809498
29.82804496,0.50344612,25.70106253,120.979407,4.751759364,28.12741169
23.48135177,0.929071326,32.61724265,113.9159855,2.876338483,55.9151427
20.26788244,1.927051431,52.53996892,119.408397,4.369700667,55.13838312
33.60643343,2.390155258,48.91811319,124.2839292,6.33559844,27.24047174
44.39447046,0.991441482,52.56230618,111.4126643,4.201210667,42.93347292
29.22840485,2.090560528,23.59785575,115.667021,3.857962878,42.25070172
28.92980835,0.557901437,39.67306112,122.9538702,6.691372987,31.25755832
28.60229045,2.037231448,24.16245311,122.419219,7.932292466,34.92268578
33.01359593,1.677985742,15.45115804,142.0154679,6.676114244,22.95049919
31.01662209,0.562584417,44.20988717,143.730219,7.078059729,26.47535386
41.99786567,0.826009505,17.14987756,117.736744,7.637004499,38.21595545
32.63801979,0.416250133,43.38488809,114.9575954,6.810634796,50.49220614
32.69394595,1.019120827,42.39821525,135.3664994,7.882125739,28.31054034
23.45928987,0.588756739,50.51242222,142.1849422,6.483705529,21.26548563
44.56848852,1.645595089,16.97773023,148.5489239,5.969135307,22.58048993
26.24932227,2.48681225,49.17400743,110.2718514,6.160091295,58.78290427
21.83410169,0.128821991,59.9638263,126.5471245,7.400490961,38.90671095
36.57865622,1.398207552,52.55212243,139.3595134,6.098048905,23.45830404
34.88415925,1.476799834,47.59060382,143.142372,6.567231026,27.50946095
30.37864135,2.294101095,43.10826773,112.4914379,3.296059602,57.14351525
30.55480585,1.314412803,31.08907423,137.2245808,7.475897678,24.60878358
39.62659803,1.404883407,46.52500839,121.5575487,4.683279453,28.07675089
24.892816,1.231966723,46.20890176,112.9838784,2.966403985,60.80652528
40.50633297,0.745370331,41.57491413,129.5641033,6.798723149,25.64642724
36.21867785,0.23446992,49.81391891,116.3261337,4.138358106,39.90977557
30.47424434,1.080778437,32.43819442,139.4803007,3.104714858,27.20636276
31.45071541,0.226219531,16.06263561,139.650472,3.537506955,15.00665443
26.41618018,1.421181927,37.95338638,143.6827106,2.209693882,40.93036883
38.80285832,0.837504744,23.25217644,125.1027474,2.543737897,24.89781585
32.82186856,1.380645764,29.22165487,110.5323919,5.555748412,48.52312087
28.02136357,0.422312715,10.8707452,120.3894375,7.197306969,33.22175069
34.90125289,2.338311918,29.1395294,128.712468,4.69118248,23.92647128
44.8933613,2.246850985,50.44005531,137.7604512,5.756348854,18.57887586
30.88155699,0.555991622,37.13611835,125.2816234,6.858398607,25.25278584
43.01728502,0.92426628,10.49002635,131.4419358,4.140613463,15.42282189
28.625421,1.572382652,33.49219101,130.9705435,5.925884422,25.26329052
21.36831767,0.329646898,24.57258238,116.599294,4.102594555,46.54306198
25.10605266,0.950962771,33.87753277,134.92198,5.856292129,25.75839837
30.46737858,0.702669488,30.23463607,127.5700691,3.305646321,26.25761789
25.49087321,2.297240149,56.59896098,142.3167481,7.867037926,41.91506408
20.00567596,2.146025527,12.05886495,137.6244483,2.457066611,49.61476475
42.87503844,1.491598579,44.17940056,114.4587674,5.031397097,32.87086029
41.09698528,1.348831208,52.55132982,129.5503364,3.717778478,21.68504558
38.55730579,2.333741907,57.96192923,138.0997743,5.605027009,26.76081305
24.19536489,2.337826679,18.88181133,113.480469,4.569841879,54.71604886
23.00908941,2.426392301,36.5652401,141.6998813,3.839993526,46.93782829
21.69011874,0.400909322,12.17947887,118.8801806,3.50022583,40.06873085
38.10072972,0.485338746,34.95917622,130.1233918,3.094991685,22.99033357
43.22019902,1.724168077,16.27290448,147.6224515,6.697275897,21.7688418
30.76339552,1.399442744,51.89483373,132.8533694,3.333199623,36.25190049
22.9785168,0.144318172,15.69350013,126.9621781,6.641157178,25.51156544
32.80982052,0.248740086,35.66441802,110.2717971,4.910231655,55.59190946
28.72079769,2.231392917,36.05480345,115.3365449,2.433368128,62.23333347
29.37062311,2.185289909,58.5825249,133.1465554,2.992656066,40.31651467
35.5332656,0.957450213,42.7490347,129.7530016,7.357427865,30.05695361
37.96795283,2.238521481,24.39201465,124.553167,5.616894932,23.3037889
22.76508997,1.524820179,22.0399655,146.9286354,3.105999072,37.81853947
20.88975577,2.034173553,16.41241028,123.2993015,6.222589491,38.13092637
44.85825757,1.125834571,47.8257362,131.4860303,6.939570467,22.58404903
25.81820872,0.372155986,44.53783281,132.7485364,3.983918885,25.30109228
21.34576312,1.14094495,40.49385637,131.0987356,5.339571277,27.80181944
24.74688323,1.197519515,12.04202215,129.1034157,3.760699822,31.08237425
20.97394616,1.422266065,48.14144332,123.4825494,2.480370306,50.80951967
29.79527237,0.353398511,42.09437886,146.3505453,4.397054466,14.13297839
40.06004461,2.479364471,58.19444341,128.0321305,6.508592115,24.2622201
28.53111124,0.68592837,39.36010649,131.1379547,4.752081673,24.94854535
31.10458517,0.576525768,25.19759533,136.2591194,4.431614048,15.9044164
36.88966934,1.364327005,29.07602761,112.7062417,4.196043133,35.31925303
32.72235175,1.389299631,18.79203527,141.2515257,4.753500936,16.40462378
41.53614215,1.155569771,46.14570911,130.5002924,3.909373713,20.80446311
41.65089188,1.952541151,45.386083,136.2870774,5.673105169,18.64421555
20.24776739,1.339970562,20.03250077,140.8804826,2.381395877,41.74518227
39.45115766,1.563269092,17.92446616,144.9639756,6.844329041,20.69740065
31.51834001,1.836991325,13.85024666,125.6888167,3.039001683,32.12643615
44.72101353,0.160060244,55.59878718,142.4571957,5.80066837,21.54652887
32.0808019,1.469546038,21.65349168,120.3534758,4.699295138,32.52840676
44.67239863,2.222066731,27.20817634,136.413426,6.640961281,17.57624786
38.86423403,0.141732983,24.02522542,114.108292,6.956839921,47.3152935
26.21512212,1.072437049,30.68123013,110.8012187,3.225202233,58.45015811
33.45987448,2.32294588,45.70243997,113.830525,6.063074885,41.87564155
44.80339099,0.947570565,53.52978169,122.7752995,3.139445041,25.36406629
41.43826519,1.200949178,19.12993748,111.2437846,2.743989565,43.7431431
22.43417234,2.455699343,44.32061719,135.2196509,7.581776609,37.7564399
37.65929992,0.578377261,27.62810711,122.6617815,2.986334423,27.96665515
28.63948965,0.256612454,59.02635841,139.4550427,3.368791595,21.52098541
20.17455655,2.162614218,24.94595796,111.8366055,2.781944047,73.71873835
30.08702423,2.184316819,10.3596478,118.6680627,4.821751336,38.53665265
25.86886054,1.232986803,35.7819987,126.320137,7.517643935,31.98149769
40.47173176,1.334097219,17.53655421,125.3060625,3.584334432,19.73510646
28.43326522,2.105935287,12.22472134,115.2399469,5.251112784,42.97567391
40.68809235,1.872542795,44.9134616,149.7654725,4.468752423,31.15900644
20.01494847,0.736357605,46.61296413,121.3775832,4.016056465,43.05067207
27.69547875,0.140544052,33.03495066,138.8412834,5.432916148,13.21555267
26.02913036,1.25128039,43.84427584,118.8010679,5.353357407,40.4518091
25.83918403,2.161389583,36.91197241,145.1140484,4.156199605,42.06006686
21.70466549,2.250003224,41.49005539,125.5103324,7.103379779,38.61294565
24.67810676,2.394942873,39.83519866,146.0360996,2.319032646,62.02438367
33.88873925,2.21095177,43.2911382,123.6733968,2.511430371,43.40465121
27.28402682,1.492104533,19.98153243,110.3457529,7.94468756,53.51805029
30.43486956,1.167053438,23.435331,130.6808172,6.486097472,24.0682544
29.42167201,1.959639632,31.99815748,130.9915174,6.823573421,29.05489796
41.89762312,1.875571922,32.30640047,114.7933673,5.616206451,28.85776199
42.63247498,1.391544232,48.72058558,119.3985429,4.519162556,28.07861074
32.32392429,0.309585694,28.36968296,141.3398236,5.775361272,18.02818664
28.25389876,2.322595232,18.1252578,111.470233,2.555508234,62.6828699
22.6700176,1.19344609,22.57329852,129.5810675,6.54661501,27.49530708
43.83507198,0.972001077,20.73667512,131.2163249,5.244458283,12.70188767
21.50567362,1.610961748,46.58300096,137.5484824,7.740391343,31.2752112
27.44125694,1.717211107,33.51698073,111.4982507,5.824851546,48.81769122
27.45165503,0.605651001,45.4315349,133.4258531,2.910155223,24.9448452
28.01003215,2.108653228,30.81098404,110.1239215,4.86530069,54.1202971
24.10717108,0.795849025,54.48678013,120.6071347,2.346933495,48.11908747
39.57903577,0.548041422,59.17601539,129.9873702,6.472577356,23.21780672
23.06244655,1.075359647,43.49212544,146.4512535,5.010989129,27.68040751
35.87266648,1.853344194,53.19062786,115.0635926,4.217920219,42.00341615
23.09615067,2.417099628,35.39666336,116.7715652,7.81129629,47.75952675
21.76339094,2.042275034,56.73104202,136.7700026,7.643591114,39.0236872
42.73573759,2.356836106,51.57932428,124.9944678,7.716991981,21.93068598
24.75321916,0.43745393,59.58892859,134.9368561,3.325821453,25.72589385
40.53125386,0.270824317,41.15468677,149.8981667,6.371417574,24.32851655
33.61577178,1.438491429,48.96033701,149.4748665,7.672292823,35.67745353
21.94641299,0.796713959,37.143407,124.1485432,5.42522154,31.83934684
43.88620479,2.087331935,22.95600521,130.1570142,3.284962064,18.40694008
26.17402917,1.712770891,27.73775856,146.1876063,6.906874783,31.31693351
41.49113363,2.429747594,54.70027074,113.6867065,7.279509484,34.6109186
24.22025014,0.711501654,12.79739733,128.0921562,6.219412318,23.74778736
41.34857205,1.265881874,39.5739943,125.1030939,3.761317265,25.26106008
20.33072032,1.302977146,28.62420163,121.7953109,3.144163392,50.55393305
32.79451141,0.674024308,29.3346269,149.7681685,5.745618807,20.96108382
39.23606449,1.516224159,54.22856032,139.3419718,4.896803149,20.21891037
43.36988794,1.163886367,52.69111873,125.5498797,6.012696346,23.81029654
42.73005341,1.172131734,39.94211878,143.1608757,2.670197993,22.04471763
40.49062174,0.970567955,23.64594237,129.586644,2.815481306,23.37491537
42.20478374,0.140630446,33.77281731,144.9129765,4.177337336,13.2160218
24.98049215,1.353028569,30.41466969,120.6551938,3.552561726,41.49428148
27.10460739,0.904594806,27.68090146,118.9440091,5.716031787,34.25935366
27.22421312,0.103167686,15.13927893,119.8914672,4.205243176,32.4727795
29.42634828,0.839064898,37.15569434,131.539223,6.103824717,23.11384233
29.83301676,0.768707999,25.09156489,121.6525356,6.612790413,33.42425175
33.61388312,1.044275568,43.04039715,115.8847874,3.123005421,43.90973208
23.99699408,0.416444775,25.96019679,149.7851167,7.518943012,23.68328745
37.28116659,1.318441179,31.55817466,146.0173291,6.722959042,21.81481971
24.18916348,1.761856846,12.61801871,135.4004975,5.760684813,24.61471256
27.75771205,1.612445366,59.6269035,145.661715,7.453573128,31.25105305
32.58362827,2.029011874,35.38051916,147.4185095,3.595212498,40.13326619
39.91101404,1.184819891,11.21187971,137.0443317,4.530279212,12.68706736
38.48673083,1.345820153,37.06153294,130.7471911,2.514721882,30.68320296
36.13835891,2.044964658,53.51769997,145.2800717,4.737090927,30.66193309
23.89433151,1.12648281,48.62760671,132.7118799,5.038404378,23.85033518
33.67613364,1.78383844,45.04533421,115.0720217,5.696401542,37.94594789
22.18616254,1.143045685,16.97323273,124.67424,2.384235279,42.9100418
29.43407942,1.102566867,42.88685395,127.8368381,2.194796115,38.34703327
30.33791326,1.924493499,48.3149189,147.4147606,4.519340992,36.90685215
20.99528599,0.519608597,38.6209532,136.3674189,3.134799874,26.05649934
26.84970249,0.912606333,54.63745023,145.0111025,6.552730053,24.93384668
43.89123668,0.638013464,23.84948909,140.303668,6.012417705,13.40314064
43.8408152,0.961863863,22.10723499,122.3944355,3.954961846,19.8799137
28.80817636,0.652899574,53.47848725,138.7483597,2.274699591,30.9972443
21.07750272,1.490573515,41.26991215,117.8119894,3.094661743,57.54142151
24.47737348,2.015609926,10.07236103,126.3258325,6.150076056,28.72302045
29.80544484,1.987871347,27.65657043,142.2436743,7.94098936,32.10789107
43.69449245,0.974802315,52.89279929,134.4771665,3.958762431,19.3999975
23.52997659,2.473024974,11.36597558,143.0165002,6.811977722,32.45377331
39.08789609,1.525250475,10.16239641,120.1881433,7.20257895,26.04470262
22.71706348,1.058560724,24.06296453,139.9899533,2.289085233,34.75004601
44.53143943,2.10529427,55.70000185,118.0929745,7.497329588,26.18704139
29.54041248,1.85169763,55.07387907,131.8121669,4.797216226,28.19546214
39.38086347,1.898260808,35.93809729,127.3413838,7.785453239,25.51642103
28.56477707,0.570734439,37.66184356,132.2590343,5.231334965,19.86023163
35.69172193,1.223978338,26.60040057,115.421337,3.410861059,41.79411974
24.80040212,2.168387514,22.1868331,124.449115,7.848009844,39.2408332
23.65052548,1.309691218,50.76109271,136.6761532,3.459829485,34.88306199
43.45160349,1.740286584,15.31474302,132.3412318,7.294869366,17.72926768
42.94118195,1.511040959,34.36771854,131.9587904,3.038770968,18.78324488
42.18672351,2.121656291,41.71986297,130.4332045,6.048605437,14.96049613
35.63583625,0.782946015,15.18401452,147.7553964,4.467749653,16.31976117
40.20670528,1.481140667,35.98035477,147.3827879,7.832109039,26.7901798
21.72592342,0.395763203,38.8760644,124.4057989,3.108635787,36.42034962
28.36972605,1.756505864,47.12480303,124.0758005,4.452768038,34.38801743
27.84257812,1.856722812,21.74180246,132.1959383,5.838657944,25.50117203
35.89113305,0.202809571,24.66637516,113.8242514,7.86572254,53.85607846
28.89894434,1.721898313,38.47605733,122.120268,3.82317846,39.66925542
23.71266954,1.09525637,59.1563205,119.2347026,4.381226306,45.56465437
34.91167689,0.397832503,20.87465914,118.9355867,4.770751924,30.08854648
40.35959802,1.107778114,59.29519136,135.540221,3.516202948,19.68284975
29.55308736,0.566159031,45.71712665,125.3740134,6.904128202,32.3714079
23.30671788,1.097342877,51.30410348,116.846575,2.551973635,53.56388589
24.91720493,1.022413667,14.48206341,145.5028738,6.22873959,22.47240643
25.93708263,1.872139929,25.02100937,144.9659475,5.20357382,31.46224253
27.49743982,1.95811734,12.88681398,144.4985169,3.451561736,37.25511307
36.06987676,1.556868771,28.57734975,125.6297977,4.956982841,20.68824661
35.02363711,0.154448421,59.064483,112.2792981,6.979694553,58.5408387
37.40199654,2.33445347,15.26365311,114.2696807,4.672649624,31.12938352
29.06254961,1.746959872,38.11863912,121.0419232,2.731386589,46.43649232
40.5999413,0.18206908,10.30353114,118.7988002,2.244811773,30.36706292
25.10219153,2.065198958,45.6341408,144.9594248,6.666777765,35.04007402
31.72601869,0.580638771,19.85963462,149.4543272,3.982598875,15.38469844
40.02346804,1.490130855,16.47922686,142.6669465,7.587468179,21.21348726
24.50396619,1.219922488,26.85089061,139.1939561,5.702883086,18.97647628
22.74657784,1.107613078,48.5522149,133.5449656,4.617703347,32.06670465
42.09209919,2.235312928,15.33065432,140.796332,5.386789521,17.16222415
28.57324157,1.1496671,21.49194979,147.8813325,4.742795869,22.74319594
37.09675312,0.280825882,10.42322108,134.0537868,7.434866494,23.52388762
20.63371511,2.371932945,58.42074313,116.1845298,4.748131216,57.06378687
37.25117221,2.309284555,39.60728,116.5543327,2.624387052,43.4775534
27.90253279,1.742638455,45.99498182,133.3545121,5.582528235,29.15804607
21.39352134,1.222942068,42.56915856,123.3387416,5.737886277,37.06464463
35.24531904,0.322862735,17.21822794,146.409895,6.591980437,16.2260685
26.0200954,1.997795485,39.74699695,134.4656934,7.599704849,32.90108484
29.67018105,0.281146995,16.57077976,137.0597045,4.658490093,13.86043085
22.01452031,0.264642364,30.0618227,110.2328284,4.11245964,59.32176172
23.67908128,1.389721222,38.4481568,129.9539421,4.944626094,30.85703026
27.44943089,0.484307776,37.94405571,127.2465889,7.401193411,30.26842178
22.24398751,0.118552642,15.9536713,138.2348743,7.879894291,22.1334593
42.77065662,1.115472234,11.72179848,125.3055464,7.82741004,21.2605505
20.15117608,0.429321356,49.91171569,149.0630013,3.378173077,23.86394823
32.09650547,0.485236997,46.29612185,136.8081273,4.981372169,18.06228355
23.08118645,0.284585533,14.09094523,136.3967333,3.556844155,17.96073754
27.69197724,0.592225009,16.37077594,146.7736458,4.207896694,17.56120682
43.151489,1.817162031,54.62918882,149.8081934,2.190104633,39.49309558
24.04236383,2.041425537,48.45644508,117.9128276,2.963607076,57.51814652
44.14580799,1.186080746,59.80801481,142.4213257,4.382455728,23.03592154
25.14485942,1.315729158,22.69937246,116.4927798,4.188227793,43.25184771
38.53915271,0.178372083,34.39014944,128.2817381,3.672995307,20.84546078
33.66693162,0.266359027,21.8229788,114.0074162,3.381857463,44.37051605
42.11196819,0.718162542,41.14000692,134.9348391,6.493734287,19.77675671
33.84983139,1.40535621,15.77071195,128.7407265,3.767298199,22.58211001
33.36398048,1.874922757,16.36215864,135.1479579,6.239261789,19.09097726
24.88645001,1.552007347,13.59439457,137.1184301,4.211750654,25.36428034
24.15573405,1.041106852,44.67930411,134.77729,6.811875434,26.71390114
42.91222878,0.383977775,34.70362887,121.7611649,3.003400092,23.93035093
28.19595497,1.973855764,40.88656082,143.4783663,2.945623282,41.70792948
29.30205637,0.973086524,53.96505233,132.067448,6.078033602,26.47824986
38.99559146,1.866529635,47.01642424,129.5940469,7.489491451,25.37512361
28.47058706,1.331149221,33.08614591,149.4825522,2.857920229,38.68283672
43.80156117,1.872788929,59.21779942,121.3403163,2.442227707,35.96652342
38.44819422,2.277494947,32.81280506,131.1212122,7.607823241,23.06266096
34.93573106,2.310470839,15.62253366,137.2929831,2.703961663,34.91182315
42.02237901,1.384256272,59.63273736,115.0090373,3.502201519,37.13934967
21.24014771,1.327620075,11.1410365,124.169589,7.576965005,35.17095996
26.4265673,0.737628317,37.49417797,142.0675486,6.817507358,22.66495422
31.62590836,2.345919596,25.45477443,119.4703294,4.056546882,37.5655684
25.67446349,1.199006001,35.17760755,129.7316146,7.727166318,29.18326858
38.59762968,0.406218974,37.93564763,135.2252242,5.408291079,16.93100866
42.98020078,1.138491795,22.00479481,136.8464941,2.433489576,22.14421531
30.594253,0.404927801,37.84293779,139.1324177,6.218401264,18.87669154
28.553315,1.306076042,47.8030556,144.6390927,5.223664147,26.10871697
44.0387683,1.447061236,23.32549186,125.7143777,5.435528303,16.54880195
31.12131082,0.910613828,29.17130667,138.265277,7.964625466,27.07086771
32.22621001,0.271961474,23.41213466,139.2869859,2.9150857,17.16387222
28.79124681,2.364408486,51.02798655,122.0109652,5.940775402,37.38388097
42.73871183,1.956047472,46.24911296,148.726318,4.752446583,27.01106227
34.22388708,2.113314593,53.55982186,144.6087669,3.631358749,39.24725741
39.05436468,0.980484146,18.50249465,121.5944531,6.16126875,23.7718034
40.29516796,1.925994472,13.67898191,137.0027471,6.009276843,17.91759998
28.54622605,1.264894948,15.96917519,138.7120254,7.138970649,21.7865295
30.84235828,0.582600372,18.05091664,127.2593455,7.273215411,27.03907166
41.21179436,0.398616105,36.65413303,144.5497314,5.370916718,18.25374299
29.08138379,0.928122086,58.54560352,137.6091741,3.953435396,24.2186816
39.84837834,0.430125068,27.86177083,136.3261874,5.177482703,15.66844754
43.52480806,2.495845543,57.92541347,118.8336149,4.15553076,28.32344471
35.58025933,0.218053577,11.91003975,126.3136925,3.664136504,20.84746554
38.54068219,1.158744638,56.34361014,127.3568996,5.309452267,22.3300913
40.1274328,1.185024454,19.05763037,139.3464439,5.947605045,13.3799371
41.12599122,0.821516629,55.62374929,134.7357818,5.543427721,15.83285694
29.87633345,1.471243758,12.81137151,113.4344236,7.726517128,43.90605931
21.28158648,0.459944858,57.41097237,122.3079181,3.791816711,38.91871745
30.04690678,1.981389713,20.03991322,128.9219002,4.23405011,27.59577843
36.84390574,0.897874524,25.135703,139.4693178,6.005856939,16.09700622
31.25875964,1.519222216,34.54711721,139.7427652,5.602151765,22.51778582
38.72407877,1.817534167,29.03604406,129.6217323,2.011180312,34.2628999
28.92456074,2.233701082,43.37639846,114.6772953,3.873712811,52.44947686
35.86860353,2.105889847,58.74038836,121.7161361,3.522571115,38.93455939
24.66049512,1.559941667,40.32132454,120.1876953,7.03948932,41.61821869
38.73423592,1.032143633,46.07427047,141.2410564,7.197492385,24.55073092
33.64239922,1.307691208,14.40026252,117.1994526,3.703358846,35.02122373
25.10160971,1.944963504,41.39062145,128.5968489,2.612426922,49.78214592
27.29777934,2.206109302,32.69248885,136.8287521,3.231211682,42.31783466
38.71521771,0.349076628,54.2891179,148.5914461,3.059410394,19.57951908
32.06503089,1.02365503,29.41055498,149.9696232,3.424612156,26.32279112
25.40078601,1.962679836,43.9727072,148.1168857,3.407869414,41.93048364
44.18177976,1.13596423,21.40768641,138.7296938,4.879031893,8.844413993
37.8781255,0.897346634,22.96862668,139.8576333,3.917848284,14.72105869
43.92837081,1.087174472,28.80612155,140.3684039,5.358930505,14.14716469
30.67762613,1.546827392,25.20317688,144.5041951,4.064807746,25.68671824
31.87750852,2.499532346,22.69394197,148.0714185,6.88806158,30.69115887
42.4488804,1.28318183,12.4834353,127.8282458,7.704754867,23.06681831
33.12623351,0.60038674,51.83731659,126.6604351,4.42351072,24.96549943
37.6819728,0.490831781,13.21507654,128.4185785,2.296811209,23.56126222
26.30432194,0.201639394,54.36827578,136.3926869,3.437469484,20.49150506
31.16816172,1.441161364,16.27326945,141.0178159,2.611148985,28.69314012
23.08624665,1.40697302,13.26308685,144.8217756,4.068583459,28.62063624
25.1495009,0.592561424,38.1502382,128.2484302,5.870685405,25.37976938
20.02358538,1.768790575,35.12208963,124.534905,5.113447454,40.37877859
20.98162629,1.8786569,34.56172844,149.3341046,3.457254068,47.53704622
44.43209558,0.721835693,38.72521638,119.2755048,6.603554316,29.1019964
26.05884238,0.925839434,24.35283031,118.8801934,2.788884376,44.89477355
36.58276774,2.477132014,43.14746367,138.6162982,3.369175851,33.17793903
40.97749247,0.998234723,35.12011099,117.1862918,6.056282904,29.57791621
33.76651148,1.925924012,26.73717335,125.97636,3.18340632,31.2187764
23.8286125,1.186541024,51.32503335,121.6954729,6.072576295,40.10537454
38.20291093,2.004027587,46.38605482,116.7484183,7.861648102,32.90186279
35.00628525,1.945655773,29.6805171,133.1882896,6.988119723,23.40909351
38.28126473,1.70261446,52.38088926,124.9404596,2.960063242,33.26228964
39.24366557,2.151468031,56.01291251,128.4893669,5.122990529,23.80717366
44.38525919,2.354124388,36.84331335,117.8345202,4.533929381,23.68509667
34.339082,1.491959969,20.74762251,140.7146721,7.950016479,24.25015298
28.54102782,0.669925377,55.78960783,122.5884833,7.78640421,43.01818382
36.21161392,1.056709508,19.473981,123.7087272,2.762672317,27.90815444
21.71101773,1.919933712,12.42116132,120.0861585,7.452385232,36.74127693
42.43493296,1.662120364,26.37435044,127.3761429,3.160510028,21.37675938
22.98452528,0.526716013,46.34831722,128.5430651,3.91670901,30.7037132
28.19607095,0.222974899,56.16370432,131.1866767,4.120447878,24.80664322
40.39363452,1.739107825,41.86428234,148.7027313,3.720932271,33.59662296
34.93280946,0.702589658,57.59192735,146.1876723,7.119462759,26.76132783
29.84088801,1.299208585,14.61854196,134.3757052,3.979594435,21.43223397
31.83589148,1.892192254,13.03768648,111.5561387,6.900430515,41.61315429
41.36368483,1.450400274,40.20959754,134.4904136,7.966260899,23.4137807
28.50010965,0.299926199,58.30581612,113.5867443,7.044569227,54.90059422
41.74124212,0.545392568,35.13606545,138.4137695,4.076857559,12.75460554
22.20336077,0.626387642,12.5757613,125.6031059,6.26751436,22.2959719
39.41996093,0.718874209,21.0609328,143.5078597,5.203540682,13.2145121
41.18869083,1.456968141,22.23964532,147.7011698,6.719106703,22.39781059
24.54544132,1.309517872,26.89285646,126.6844137,2.918584368,39.40093017
30.75866331,0.587584092,12.18016918,128.4222118,5.828807556,18.65977052
24.13749437,0.262131624,55.24463502,133.6059032,6.64200064,24.29678173
37.66510322,0.511437291,35.77819724,117.8853089,6.567388012,39.51858912
33.3836942,2.46251515,43.54653965,147.0933136,7.781558034,34.16809725
35.88308367,1.224512679,13.35864184,127.3199971,2.350468285,27.77520384
24.91217417,2.181629211,12.70577339,116.6728134,4.074676215,49.58696731
25.29364655,2.13700592,39.3233886,140.5092733,4.859321491,33.89839227
21.03743314,1.327646938,54.36480053,118.7660549,3.85858117,47.69438812
28.05168838,1.7960505,36.42410005,115.741171,3.858737082,51.04201687
33.99361653,0.562604825,53.89095863,132.514883,3.05677164,26.47717053
41.44837285,1.752152092,50.54956365,136.8598102,6.877708418,22.99030144
36.67318619,0.75372299,13.79268929,132.7825096,7.448414266,21.46085646
30.88490808,2.096949032,20.09787372,136.260426,2.493964157,40.25573575
43.82800286,0.300937919,42.88553346,114.6209605,2.929393471,35.23328873
37.98113001,1.955532815,32.17506913,129.0407215,3.370717999,25.60831094
43.25413007,0.339848576,24.53499068,124.2807458,5.053924903,23.59391326
33.18969933,2.214854169,30.9316928,148.9347446,6.7470322,30.13161291
26.47260687,0.830090844,32.25998231,111.9849574,2.428733149,58.851655
21.32066716,1.670544076,55.52761254,121.9317681,5.820877914,43.54440553
38.15212129,1.270005469,15.17291419,147.6744878,2.896012738,23.43593085
23.03257495,0.979127549,23.98653734,149.3398473,7.828742407,28.54226912
27.56937821,1.6490604,36.87824083,142.9960643,7.392640585,29.84825003
33.3117727,2.374055153,44.91434633,113.0399298,7.697497094,43.98003361
34.11041469,0.199047394,41.53186445,132.4542011,2.636983265,21.87596122
35.01457992,2.305246854,57.08213689,126.0049197,4.928218297,28.68961187
24.15638326,1.561795972,49.78044624,142.2581027,2.991479402,40.91482866
29.49343512,2.037554322,37.8538421,112.2009694,5.602133305,47.63900109
35.42985568,1.021299888,20.73413458,117.8851501,3.396434676,34.67662653
44.24547162,1.23242314,32.54371157,129.5678026,6.6237859,18.5064959
38.19077844,2.185241804,44.66911221,116.3059065,5.864015604,32.21322729
43.06509393,1.095635128,51.89810874,137.7086057,5.429627566,19.64474806
39.05530146,1.38318296,57.98681122,142.8306888,6.951362948,26.31154566
34.79292422,0.148467815,40.27263831,138.1807957,5.001638185,16.08692476
24.80058423,0.480635214,36.34596837,127.6113485,3.619110442,27.14677221
36.6671413,1.640047619,10.88459616,145.1355067,5.724232981,21.93806482
35.58448915,1.820744563,13.60495346,115.5074453,7.742375793,33.06041482
35.06172926,1.498242248,17.80524988,120.4135434,5.60695618,25.93558036
32.2446467,0.443944087,12.73799656,129.5815874,5.777716694,17.30774115
33.2164151,1.168973029,30.04316194,112.453544,7.608504088,44.69509818
28.36106318,0.952227439,26.84392726,113.8274313,5.091650602,44.65217455
32.98281732,1.289587226,41.86770789,125.8977349,7.97814477,32.62913495
24.93889764,2.188789683,36.7832554,147.7554519,2.957972261,51.8994642
40.12935993,1.962067453,39.79853797,146.3365477,5.222239058,24.95055799
24.64442387,0.301574803,33.59886015,128.6389943,3.277405046,28.20627392
22.12415725,2.236742075,23.88685743,115.6863418,4.71995821,53.66708488
30.90615066,1.232241163,57.64126575,117.1243062,3.023443457,45.42503748
36.45768599,1.885269148,14.32045799,125.1018422,3.335172629,30.64071626
30.94292062,0.436094155,56.94454997,118.4029678,3.264800298,41.61594107
26.9188533,1.709726862,25.56190234,113.3190238,3.920188034,51.77061756
33.9542796,0.667182442,35.63307227,136.9510993,2.807630207,22.31857504
28.67505839,1.152114153,15.44211614,133.2579455,6.85605305,21.37899193
43.32169225,0.140470888,13.54655342,121.6518703,3.324053584,25.23531476
43.06612849,0.463865531,31.47727244,141.1579353,4.499413971,16.57807016
32.5592955,0.320993183,47.08486882,141.0379555,2.096342829,26.07100677
28.19709985,0.675386015,23.46823888,129.6400788,2.62928926,27.57353178
38.42831035,0.340043416,38.11739445,113.8613022,7.377631402,50.66792735
20.91782359,1.760584064,23.93251703,146.738776,7.022961223,31.20386276
31.86922515,0.169695765,29.43065304,136.7464209,7.045534715,22.82829138
28.40808486,1.582577201,55.32231592,119.8820328,4.468120504,42.12644994
43.01339713,0.437698794,52.79198127,134.4181819,2.849184793,19.76503827
20.30007568,2.368387497,35.80087717,126.2008598,2.647367129,63.25120166
33.82037189,2.339425775,21.90528137,135.4139856,5.633616349,25.23356755
38.51658953,0.641207446,19.65919564,128.9548358,6.969159529,26.13907767
32.12544969,1.574611116,57.70436765,129.418886,7.400686893,28.85736314
22.13507575,0.167212767,20.13582983,139.4352837,3.732389903,14.65010615
44.31153475,2.336292503,50.40841555,134.5490298,3.926159419,21.52540819
32.95026078,1.35516954,28.44851048,113.1981076,2.605259941,55.51993286
35.35465611,0.203735563,59.28299238,112.6149428,6.646458736,54.85538727
25.91524457,0.921999983,28.40778702,122.2003695,3.654141627,37.99916119
32.08745213,0.284438708,27.57583125,127.2098399,4.885576817,23.92360386
30.7287373,1.043066654,41.87318144,121.0089024,7.573383827,38.03583057
21.87239605,1.707823221,58.07584033,136.0583943,6.513294382,33.49630536
22.65400884,1.227735779,58.81048029,117.8043173,2.316427378,61.1944681
40.93681299,1.020933219,45.36030732,138.1656439,2.048927567,29.00827921
25.99549881,0.385976909,47.73031828,140.9260297,6.724447555,21.37352206
24.87395679,0.68785371,38.1701088,114.9727723,5.315001422,44.95973561
32.62278628,0.340343891,47.78878696,136.0322497,6.322006456,23.20066949
39.21867828,2.037996956,52.98898275,148.457439,2.940891931,37.49790659
21.54866296,0.424575587,34.30476516,117.7129527,7.2322871,46.74030488
34.42019799,1.52889608,40.99311314,146.3721132,6.639949874,28.45690837
22.98026107,0.922576993,36.86583476,134.241918,7.345033484,27.92245593
20.91152627,0.642348123,38.12353068,133.6377947,4.046576496,23.87526155
21.3185988,1.634724255,54.50239549,112.0769073,3.654231172,63.48018024
40.85410271,1.196805543,27.78084151,139.9320111,2.91038864,22.84910418
22.94931209,1.060349121,20.40920128,129.1309221,7.580531048,28.91073716
21.12878411,1.522844812,32.81400551,138.8469757,3.060975221,36.53707771
30.94749718,1.279042308,20.40425952,142.3672441,2.715903402,30.48583047
41.0998368,0.828362101,34.92002128,130.9518549,3.156069254,21.37249959
26.56020941,1.441747091,55.17540527,120.5457725,6.628290361,37.64891286
30.54281544,1.706796584,40.87167602,115.6628997,7.33717541,47.69824558
20.99806331,0.164063581,52.77164267,116.4201251,6.865480739,49.85263659
31.22696285,1.218092149,18.30954598,144.6773862,5.379431317,20.95028934
34.44032702,0.238439883,55.04367963,114.9431238,7.963305505,61.34500194
34.27267634,0.547372994,40.08935822,125.3877629,2.413124387,33.24894315
28.3106673,1.445220962,11.58798944,123.3709859,7.203150067,30.08505437
27.88832952,2.178853397,41.65594776,144.6182267,4.56628317,34.47153834
22.66559047,2.21873363,57.56984781,129.10774,4.730734092,47.14103357
29.16995802,0.267865624,13.95835002,149.8578567,2.765569362,19.99742461
22.48736672,1.105852207,39.12280652,139.4821899,2.200597846,35.20008592
39.16489862,1.499215559,55.77393014,144.036943,3.899769956,29.15217479
44.15685744,0.452967771,10.48475842,113.9468906,3.049121199,35.11376328
44.25186142,1.93703732,41.54564632,120.1240902,4.900032536,21.28901006
41.62677748,1.88616462,33.74511459,115.4178478,2.883983156,35.40449673
35.01980373,2.268018433,27.34946593,128.5448789,2.827566419,35.54681627
37.52164243,0.120366429,41.3768245,138.7314995,7.261873905,26.6106011
27.13014507,0.620042186,12.63510473,116.7625427,7.527768208,42.37187437
35.7692605,2.085248114,47.65315231,115.2067418,7.785297252,40.01486737
31.39123874,1.709392122,10.22397385,134.58435,6.083014657,26.04302633
32.05043349,2.246535649,25.34678719,119.2125102,6.626099029,32.91437978
38.94441401,0.237231171,35.19793188,129.1730029,7.014708531,29.09081103
27.04795889,1.532713518,28.85111253,112.0447091,5.953532355,46.34833289
27.95099029,1.46571178,25.37379676,137.2245125,3.981458628,23.21189873
43.11604478,0.185618599,51.54175727,131.6526553,2.938321991,23.8908906
21.40560737,1.332452985,56.74162871,135.896916,3.423639843,39.67177032
32.14085746,1.562848747,53.68563425,121.0162552,7.042484308,39.12278524
42.82002001,0.559103618,36.12156565,121.144119,6.17658343,29.00015738
35.2590752,0.755990999,54.20820876,142.0544213,4.734774581,22.59190762
33.66017686,1.636833631,56.04307826,138.7424925,2.176430463,33.89523003
26.24360448,1.223922274,30.46191985,133.189146,3.597226223,29.28787336
28.58188723,2.159232778,24.17229298,135.125739,6.373384959,28.42727146
41.3012104,0.921716238,14.91326029,113.7617672,5.074323411,31.54576188
33.98045329,0.73998318,33.95459605,144.2468522,4.613194967,19.85933864
32.86855484,2.463678257,57.31484602,140.7962813,3.882076405,39.04705341
22.48949284,2.286725848,38.0453764,133.6196614,5.641590983,36.2542581
20.40070391,0.169582588,43.37810509,146.7438052,7.798312312,24.14572457
44.09212972,1.949748677,15.64419092,116.7455163,7.40674186,27.75952431
29.42465418,0.364803457,17.17598321,137.4662954,2.182987629,20.59860614
35.08032655,0.165964468,33.2236631,148.5192711,4.885722936,14.7835522
21.99287683,0.756869238,57.56323995,122.4003586,3.976815788,38.86916754
37.07785714,0.74643011,28.03923208,110.6116926,5.063627974,44.32042363
43.31416772,2.06636503,53.87420207,139.3946987,5.637282139,20.7678556
34.39163132,1.80560139,16.01442967,110.279213,3.200168408,50.49953292
23.15288306,2.455862626,40.85086035,144.901346,6.689408417,38.91468379
34.54303819,1.807630961,40.03064885,112.2520501,4.850408301,43.44656698
39.15868033,1.103813328,52.9937375,136.1105892,7.952036329,29.80281039
30.16041341,1.777426386,10.16583522,125.0873658,2.150764314,39.37078155
41.9959437,2.498701761,19.49658336,118.1336261,3.138315057,30.35404833
36.21707383,1.804340518,20.98438127,145.930336,6.137778803,22.74126693
42.48122296,1.928035254,57.4983044,139.8498341,6.171078479,21.81641518
35.58763278,2.352076036,17.68468281,123.6176226,5.493129347,22.60158487
23.2821993,0.372763027,11.84811751,121.3661237,7.831760172,38.69732148
27.74229278,1.791482304,36.72307474,139.4404918,4.491890052,29.71953679
25.04487371,2.141934299,36.42792312,143.4628305,4.502220872,41.75620487
42.72066244,2.390508641,52.20234827,138.6340186,7.462858179,23.63121874
39.01000168,0.606326295,57.44298251,135.599569,5.230650692,22.34771101
36.90995922,1.309429619,36.92727211,119.116989,4.12236597,34.27193275
27.52415799,1.733331634,56.49970912,144.1121593,6.313627915,28.83270722
24.6011193,0.693922551,46.25795756,139.9864793,5.718023709,20.54938162
38.9112772,1.541134872,23.2279564,130.6909716,3.838460302,22.23770597
31.85394865,0.718189078,56.42103555,130.4635105,3.787572788,26.37011007
25.6447388,0.900296849,43.37215881,132.7669211,4.373676785,25.09070283
35.41554945,1.159644872,30.70479664,143.1310558,2.429720394,29.17383371
21.0083463,1.370056237,44.01210423,139.690382,7.655701415,33.25430621
28.15425635,1.178478092,30.06564139,144.2497998,3.098120241,28.60796003
31.71392486,1.283669247,15.7091884,130.2913109,3.162945814,25.14364448
23.69895835,0.816613015,45.94893736,134.9859624,5.88223043,19.07615425
44.61636194,0.481516226,51.20438061,144.1828723,6.345482284,22.46323267
25.22743411,0.213639946,46.44030995,119.2928024,6.421012758,40.56390391
23.25882825,0.570348934,21.45573339,127.7608272,4.250450141,23.24047836
25.08837185,1.49666474,57.83175067,134.8260895,7.239973717,31.06675629
39.22652833,1.986677075,11.26272808,146.6058503,5.26399437,20.87449957
30.63764148,0.506194234,26.63426487,110.6334404,4.631525313,50.50958306
34.13539849,0.360532859,23.00462173,118.5029263,6.862318765,37.25912255
20.52522892,1.898296865,12.40631138,119.3780203,3.461367495,51.90849604
20.86078271,0.832379993,30.28648465,123.0645072,7.161112661,36.88195758
31.14563875,2.383598654,41.15574201,121.2714648,5.232976367,37.76559101
40.41638108,1.814363129,54.12764317,133.6055514,7.400348946,22.82067011
42.13097197,0.884214513,59.48448581,145.4248106,3.209675186,27.5854965
22.16766419,0.794902595,50.40447932,135.4791136,7.616378456,31.66052213
33.45907755,1.356876127,33.43402594,119.6610624,6.127260452,34.55830073
42.83074216,0.289947204,46.1852213,144.550114,5.709971161,19.75447341
29.69931886,0.38242363,52.18118943,135.2818316,4.532405117,19.73138293
40.73914579,0.522058915,33.26535982,118.758485,7.73789,40.3927214
23.34239136,1.959336624,49.2527217,124.4666615,4.66351777,45.48172622
43.38486224,1.333257662,34.13262092,141.5985923,4.991257715,18.43863507
38.78558294,0.125361095,29.32479954,139.5572473,6.688988652,17.73824209
43.53335982,1.716439666,36.30454189,133.0632948,3.709054578,20.35939299
36.91543084,1.116856429,43.79273688,115.7907001,3.748971877,36.90626031
29.0850983,1.326045676,46.34410282,142.1315719,6.651786126,26.30774124
43.45452931,0.613878984,27.83681344,122.3017011,2.771478735,27.55847088
26.88916941,1.424277348,38.56601258,140.8639176,6.937787122,29.13380114
28.30431305,2.449967775,55.4935437,135.9026546,5.75105005,35.16053411
37.52021045,0.276267258,58.81564501,120.5668113,5.234502598,34.07600932
39.13290749,0.781401759,21.36240456,118.4947691,3.374656293,30.59752092
43.2350871,0.683194223,19.64155829,115.2363969,6.718209016,38.59756263
25.12006023,0.696518346,43.83428167,119.6778495,6.829718537,42.3998721
39.94995088,1.008895258,30.73419429,116.3131609,4.897651207,31.597245
38.46365133,2.063463483,11.21111692,134.6820499,4.335013849,14.61853618
21.59486391,2.290860856,27.34309353,133.9513248,3.476971025,41.35756065
29.68057853,0.58531621,50.33723717,133.4468824,6.525404103,24.69291243
27.06913643,1.403079851,49.87134652,135.6755924,5.836711539,23.98457117
27.61226061,1.628557533,34.73425744,142.5913814,3.239786176,33.37942374
44.57367199,1.352385938,33.62889674,146.5421085,6.766808478,21.89497116
36.06943534,1.141783346,38.97537212,119.2150215,7.29323188,39.87965428
37.94190394,0.560741214,20.96983553,133.5109796,2.355483576,20.62937459
44.41544093,1.271726462,36.30218124,113.1334488,6.634523828,37.22034477
29.43004456,1.062915587,10.552318,114.8056975,7.116811601,42.66010788
40.04600421,2.00935207,33.77797774,136.1735725,7.949047397,18.45413094
30.86327408,1.932650462,26.80255231,129.4632225,3.425608994,31.81831775
41.7383418,0.421596835,43.7434803,140.3332835,4.226019231,13.46808233
24.51643853,0.312445726,41.91767921,127.0270992,7.797146553,38.91288071
43.69215443,2.279569464,29.04179401,115.1039363,2.564093302,32.42054378
25.46929271,1.385220134,10.36364907,144.8821462,5.142247063,21.73860203
28.15551267,2.158722249,22.61368147,113.3155388,5.040467479,45.2623427
38.90480585,0.239562689,41.66739251,117.5585857,5.639286433,35.24155683
29.84387854,1.36363748,13.61866715,121.0790746,3.984755689,32.31943635
35.20528442,1.394623635,15.38212109,149.8112243,7.555508532,27.46990794
31.11433753,2.165684878,42.35175123,126.6743928,3.620367566,37.4016413
38.55924843,0.334263996,47.78837005,130.0683412,5.898173106,23.93587791
25.70828131,0.677069353,26.0774854,140.78787,4.975562137,17.78653087
21.46144968,1.075691953,34.48365328,135.4566234,3.600040715,30.41409832
27.49823494,2.178019541,57.28556825,143.6568277,3.133122774,49.94766473
31.85771662,2.353319956,57.27717811,129.4573383,7.739372746,29.12351721
24.2005013,2.482539087,25.37513872,148.8871075,5.36774877,44.89644935
28.86993224,2.402064368,50.49939375,141.8724945,5.625145473,33.38406566
29.99957546,0.114260214,39.69720264,126.0546155,6.697372754,29.08102467
21.43479609,0.214500019,58.77422467,125.2508729,2.487359952,39.9153258
34.5826812,0.454256366,33.88067849,147.1796477,6.282585607,20.54215955
42.1085857,0.937269032,48.7353434,137.3766254,2.990840825,21.95828019
23.79357282,2.091803274,48.40685648,134.8573454,6.44288651,31.90330036
34.94520034,2.242374869,34.87164338,140.3132255,2.84797203,40.56856803
36.61848012,0.548402575,49.78150571,132.4333531,6.994962199,24.94132873
30.48336701,1.587193964,23.05201667,116.3666709,6.086097564,35.23798119
37.52743968,2.301668764,16.11265181,122.7686185,4.315341733,22.3844279
30.26828859,1.212956166,31.25818723,132.3177945,4.153006663,20.90428736
32.6159322,0.348504573,57.18153283,110.7267128,2.893682381,55.04404214
20.18382611,1.19875276,35.03723041,127.4940282,7.424320135,34.7813674
37.29300285,1.001907765,41.76295693,140.2321152,2.711175637,25.54082306
36.53356697,1.486379191,41.2081228,116.5693602,4.832464331,32.67880111
20.96002193,1.152780843,16.62864336,112.582358,3.419110729,54.89121507
29.20625268,0.141630224,29.51484412,143.4411656,7.977965048,25.16548623
44.47579602,2.48559456,45.34694865,134.6909547,5.515064309,17.41038909
30.51841406,1.404496571,58.59950493,117.0631589,2.89750702,50.29405353
32.54863513,1.236713813,18.40088691,142.2521992,6.005383986,16.42022597
42.74825395,2.391081692,30.52209452,136.3251789,7.949654103,20.42723609
37.9315469,0.474064882,14.75468999,123.3647708,5.630259684,26.38628458
34.55175328,0.554170246,22.11882298,125.0478509,4.744274567,20.13614167
39.94511703,2.039235398,28.83796717,116.2355265,3.75962073,32.20145337
41.60915666,0.725994592,37.0321624,143.4102238,2.552740489,22.20030861
31.42220179,2.018145055,21.52834411,130.3602661,3.369477794,30.01267807
31.87770912,0.751680359,21.37813306,132.2807631,5.321724677,18.86001932
29.65127339,0.179650313,48.89149896,145.3396766,6.522714192,18.07896563
44.1676535,1.340835337,58.13208315,110.6332247,7.267585341,47.03808152
37.42915636,0.572047442,26.18064839,112.6769225,6.762273502,45.98327725
22.08057666,1.918831103,44.39960093,116.4631593,2.752791208,60.90339569
41.57399058,1.63887912,22.90402307,111.2015125,6.64075931,37.2554517
32.01399852,2.316646403,56.39761275,136.3262463,5.489627277,28.81011307
21.71884766,1.979172057,43.64511801,135.3551787,4.814645345,36.53226097
33.74293138,0.533862292,50.13384273,118.4320761,5.436584711,38.31954547
30.42910697,2.020379768,12.46770216,115.9762578,2.048451973,52.56717277
41.94373512,1.640168908,39.92529841,115.8273881,2.406381458,38.3382176
25.09986509,1.70548394,36.38061657,148.1296565,5.155095674,35.25573839
40.66161524,2.097430926,24.64984535,137.7401811,3.041715497,21.51552798
33.94221728,1.477177766,23.12149925,133.4171531,5.273245713,21.74371599
21.36525758,1.218408434,39.00124012,122.8994749,4.125281431,37.18860694
44.29613253,1.627938485,45.32428175,127.3217279,7.444472124,21.36571334
32.8153811,0.81509783,11.65863785,113.5762352,7.698100564,47.17627838
27.27192136,0.538233115,38.3700791,149.9260755,7.878704678,30.24647641
31.73517105,1.579810811,18.52297645,140.2034185,7.393627975,23.60810629
41.44644459,0.661236086,17.01813657,134.8581263,7.915345107,24.6519219
27.62257811,0.291796262,41.1559744,133.5106878,6.236882754,20.77392573
24.81690991,0.101330043,25.54350586,130.1725749,7.763253679,32.52398403
23.22678117,1.559966563,32.04401166,120.2970971,5.850754793,40.49573822
27.44648496,0.96915708,27.99994047,119.0556161,6.855285241,40.13309006
39.50120218,1.90554633,42.41681601,131.9812983,2.791459956,28.13528838
31.79065913,1.000423356,33.5059883,112.8080326,6.095597526,40.31207991
25.68704009,1.266408276,58.1729331,112.978832,7.586619856,58.30052806
24.15462499,1.077003935,27.61913796,132.4325441,5.240289449,24.40605218
28.31823691,1.661379499,47.01421701,146.7924819,3.120918281,39.87137944
43.49810932,0.954733989,22.86462838,146.570874,5.161331364,15.25156335
28.57566781,2.41304236,35.43765463,110.433132,6.241645964,49.5421122
44.7031019,2.346752768,37.6284876,114.2957686,6.618730995,24.18856588
32.13076139,2.135266966,26.45546405,133.3231078,5.14221206,24.92775967
24.47909796,2.308720649,33.58902645,143.9390289,3.304208145,45.97469876
42.27850229,1.177935252,23.96393189,148.1779635,7.560132731,27.73689755
31.50888433,1.387432952,10.30003908,144.423289,6.641704499,24.41997293
37.74178359,1.881022222,20.78241508,137.1045254,3.624130404,21.40840421
44.59278958,1.77075022,45.00320862,118.0210031,6.870877504,23.62353325
21.25438376,2.237628629,48.54815122,112.904859,4.087175897,64.6107023
22.41736399,1.819194465,24.01014336,111.9006313,3.874588068,60.07403474
38.01141854,2.4949233,30.40214994,134.4830714,7.178459764,22.4030556
27.04562508,0.93641392,11.86828301,111.4475442,7.239411241,54.25732321
24.60753492,2.099194581,21.85314505,139.5695983,4.390888417,35.91969874
20.984047,1.774323575,48.96096417,138.4988295,2.05353683,49.94899563
20.5461678,1.759327469,40.29931351,113.184433,3.119393728,64.00802213
39.36214008,0.882005428,20.2885261,146.2648946,7.455777969,24.32569725
23.36083568,1.985444302,22.87209976,130.8771715,7.392496022,30.33964941
31.6930154,2.260902454,50.84010115,146.1775427,4.720068489,40.31473351
35.14742038,0.624516308,20.45421015,146.0644022,3.824700244,14.55592029
30.70879501,1.601192409,26.70788629,117.8813626,3.816489753,41.14973636
20.67766631,1.04112359,43.21793458,125.2231051,7.383168816,35.75844004
39.58753756,2.474915486,38.05561929,115.3850533,3.948399866,35.3439809
20.26283061,1.249198758,33.04351026,140.9991204,5.069481558,24.75843501
39.04724736,0.647968417,54.98705455,130.1649966,6.386066304,25.71924657
42.33261234,1.016458301,20.98552314,147.152303,3.25688625,21.89962926
30.82099803,1.669212136,47.07099454,118.3286086,3.52303449,43.96157962
33.38856183,0.282614491,17.95319203,137.5347065,4.148371359,16.82595136
31.92458482,1.548644609,40.78669167,149.5694731,5.925340336,27.74779841
29.73021547,2.334939422,53.53117817,136.6152505,6.904943907,31.89724846
42.18561338,2.14087069,32.89508927,112.7509573,5.28023458,32.04427634
42.34833777,0.262416488,46.21472536,133.536974,2.79757242,17.88679553
28.39540912,2.484135709,51.01966765,117.19371,4.677473138,47.34333132
35.37674385,1.776944617,16.80132124,111.2201111,2.766144333,50.34296265
43.17268905,0.489473978,45.29134476,123.3984279,2.529783018,30.50735274
44.05146247,0.129798614,55.9920512,120.6441633,5.537700619,36.21594328
32.72397601,0.511078327,38.81853049,141.550836,7.737272671,24.36810657
31.32062013,2.11162221,19.30611223,124.9472216,7.025671,27.56451212
26.9673579,0.15193438,16.34712658,139.3183512,6.646827575,13.33414922
43.97179683,0.659553529,22.98676652,110.6495597,6.362335795,42.48608262
23.57035761,1.917533429,15.17566345,110.5924853,7.382767143,53.42958974
34.4957394,1.506665286,35.66970358,111.1725383,6.517010505,47.06546225
27.06375669,1.978565705,13.48523414,118.7743377,5.761264072,36.77425746
26.97520726,1.890761209,21.17023123,124.9595114,4.188080482,34.56435334
30.12421468,0.221443329,31.9955222,134.3138321,2.605663339,22.51951962
44.9698234,2.242027406,33.69573752,149.4365554,4.766200183,28.65157526
21.37415767,0.644876402,38.26992426,124.1763827,7.548705417,38.28813054
34.46354546,1.428141857,45.28074814,112.2263563,5.498601592,42.55567035
22.06430395,1.646291576,12.36143198,117.7960065,3.107025079,49.43931787
23.86302075,0.504707706,14.03104761,145.9140734,5.894139851,14.75163892
30.98907354,2.442955016,13.04295759,137.9751676,4.792773404,26.7780412
32.76150328,1.271574295,31.15751577,141.608033,7.588280531,26.21991431
26.46981021,0.238342469,12.09239724,114.9667282,2.96563946,48.17646031
27.91142827,2.349428907,47.30406334,115.3994795,6.272070491,46.24049306
22.17417551,1.507042824,21.15000905,114.4898403,6.089614789,43.53024838
27.5804946,1.778063675,56.96062466,144.2867666,7.901249471,34.32962798
44.16396098,1.360421896,34.32018775,118.3987043,5.38947276,24.70052602
43.61768454,2.103371091,32.31628762,135.7260698,7.229444216,14.9111357
28.37195725,0.179520309,49.02693463,130.6466546,2.148283625,29.98884876
34.27134841,0.744108077,45.65769919,131.7755965,2.737351809,27.25697397
42.73988478,1.227156055,40.36545205,117.8174143,4.075631437,31.8156496
20.15459557,0.283848679,56.75733531,135.4098437,5.715964383,26.28100972
40.26708926,1.794176006,31.11296305,111.7240214,4.69447607,33.67014327
43.70923882,1.044792194,50.42658379,149.7388911,3.216177484,26.42018956
22.28314336,0.754403177,29.00464729,111.0703563,5.535222439,54.48444066
24.03619215,0.108109232,51.91728371,112.0062616,5.400194356,54.4610705
44.01865757,1.827592748,22.97373145,122.9858968,5.146684871,16.86119134
33.43850359,2.101142341,24.46335364,143.2650142,2.543336673,39.32517708
20.35491586,1.048097286,43.8934767,120.2875685,7.562152957,45.98612515
26.44079997,1.454123145,20.63566475,128.8774006,5.553531822,28.16687617
31.24859186,0.646447902,21.45770935,110.7190932,3.583950483,50.67357554
37.32272278,1.593274351,25.26312145,113.1551727,6.124509142,35.01576789
38.32900945,0.1291299,43.94643848,134.3186419,3.907447945,15.40728413
44.88553782,1.272745353,54.46940462,117.7743388,5.035136161,32.5632242
27.18777998,1.646093156,43.72838256,137.7701825,4.046790626,32.94368091
33.45550255,2.303660256,51.39071222,141.415647,7.282364159,31.67460122
33.3330887,1.015205961,37.17802948,144.013368,7.963883507,27.90570321
30.14113149,1.936456487,13.44616107,115.3519735,2.967092392,51.17545379
24.22904735,1.534448872,15.02331058,128.220342,2.141473703,43.38480557
44.43641408,2.324829071,37.71959892,147.883258,3.315935042,29.70813578
41.33292967,1.056106422,26.39004843,140.8833417,5.539711899,15.64916832
32.45832571,0.865828816,21.02840368,114.6784153,3.043706837,40.95842531
35.08113557,2.229140797,33.31284637,130.1000098,6.868906548,23.94843392
25.68152634,0.218186563,43.32483705,146.8952233,4.452023461,19.63251629
33.59467676,0.427324943,29.24959739,127.6015522,5.663196444,18.90916735
37.37425333,0.297770643,50.12711286,143.4967044,4.73370705,15.61990413
32.87917571,2.123463896,46.92616233,129.8337488,7.41996753,30.23867274
44.75712926,0.125457816,46.74574411,114.2724671,2.210812022,43.27452105
35.28354141,2.167977173,59.25948448,115.914197,6.375811374,38.53129634
29.27434281,1.183042709,24.76149887,111.8670301,5.9130328,47.31918496
39.30380069,0.109660669,42.23627932,117.8125896,5.897090186,40.36066005
24.26156279,1.063948425,52.77391701,145.744564,4.483936358,26.5283542
29.61289534,0.548322019,38.9762217,136.0079218,2.094051371,22.73391473
28.67397376,1.59856117,49.47510881,139.5542774,6.135444332,27.60497677
30.79517738,1.730461096,30.72260929,134.8664583,6.976827277,21.10488326
39.54449565,1.270066169,39.52456728,125.4615717,2.511381866,31.58274141
32.1043258,0.197246861,12.78331964,118.6744453,4.649705025,31.59491576
39.85036126,1.67470913,59.28838029,147.0245834,2.975569124,33.76838994
34.41222258,2.120893081,50.00092407,130.5931913,5.665626719,27.27491212
28.55173587,1.828778266,53.44045358,129.2439952,6.713629258,27.49088614
40.24946859,2.091899005,44.71471391,149.8441635,6.00023939,30.20757501
25.95724176,0.581222857,19.30250164,125.3571995,3.908360423,28.0936476
25.60957449,2.233331055,11.55142212,144.1650126,2.838396217,46.48182622
32.6125731,0.873264282,53.23283039,144.4937624,6.765608876,23.89634308
26.52123115,0.132171554,29.81653269,119.3068084,3.943501151,35.27373292
20.22717587,2.124139951,23.1932438,113.7935877,2.13283899,78.41087778
36.20743818,2.360371046,38.08364794,149.0248046,5.428527286,35.76200834
32.77734554,1.673339674,31.04492612,127.0358746,3.480063861,28.97086941
31.13794536,0.655447913,42.58329978,110.0888129,7.04723599,60.28255986
44.17421287,0.704186714,34.18966165,129.9607134,2.859531226,20.92903845
34.2799796,1.219822896,44.86165702,134.7720145,4.608805094,22.46144691
41.58578944,2.254794591,52.67116348,141.0435299,3.518781222,30.68851523
23.48625591,0.459034375,19.77785055,147.7176847,6.137609715,14.45747522
34.23016158,2.082336807,26.47164403,146.6068252,5.291185456,31.29814868
41.69949067,0.799126741,31.84077933,147.6054328,6.745926315,24.58815495
34.57764393,2.040606807,58.1029224,111.2850059,4.751675451,47.7878817
37.95035445,2.308650874,28.26668068,138.4709654,2.028850589,39.98898142
29.3010892,1.125985293,29.05499248,119.0343185,3.291178883,39.66149598
22.31123793,0.97612157,42.67362615,117.5021075,7.994942649,49.05458074
31.44750738,2.025331166,30.95998549,142.0127427,4.432069936,30.57259791
29.86198477,1.370758918,57.56118728,126.6851876,5.721410647,28.61474065
41.67650456,1.742677716,54.72343802,146.664003,7.429589648,30.04716619
26.09988256,1.594790169,35.67043889,111.6974036,2.123145093,67.85461654
44.16835569,0.46693323,42.2387617,142.0872332,5.957644378,19.41296975
43.953453,2.127496865,12.90152809,115.4733765,3.730261844,27.62929728
26.19079108,0.569860267,44.7865264,117.0630881,3.675489532,45.40515978
28.70129889,2.337477146,45.36004365,129.0940686,3.349108419,44.2663867
42.38889352,0.701371099,27.95996478,125.8235976,6.936375298,21.25918699
44.16555552,1.861314336,20.98414418,129.4468922,4.237686395,15.49307128
31.08597757,0.783172944,55.75392009,147.6010609,2.40269923,31.87417273
28.02492614,0.862684981,31.33524504,136.2955574,2.581106947,28.43027676
33.15235033,0.844004447,42.68530524,121.6123753,2.891686176,34.92447861
37.19423016,1.89494141,11.66643975,116.9163485,7.393565524,32.24968793
26.83686288,1.436356283,30.70335833,126.801851,4.564660559,30.49131309
38.41182937,2.219085894,50.86294055,128.0656411,7.496296038,23.98968335
21.29143393,0.837694526,29.37880002,134.0517764,6.904876837,23.42703564
21.23236232,1.760782053,40.15805801,120.6401081,7.027295728,44.69647513
29.65719263,1.907076639,20.49279002,140.7003699,3.720990867,30.45220927
28.8368298,0.463557071,30.82628244,113.9384098,3.627886476,46.65048446
27.89083038,1.061414458,56.3818859,132.4181345,5.360410279,25.73317482
32.27549407,1.258761986,38.32258749,134.9412661,4.507549772,24.02548672
28.01833956,0.953649736,55.09657295,118.2732632,5.05436413,41.78719972
24.80644796,0.87307023,55.10096497,143.040454,2.319225211,32.43630324
27.73673873,1.747407746,57.20739002,134.617285,7.829541148,31.06314794
44.37260682,0.618079354,54.769583,135.8288886,2.349012847,22.41564481
30.27783542,1.802537789,10.16405645,129.9097402,3.072987786,30.07669384
31.11781942,2.344106071,56.70074458,146.3837687,6.069203149,32.56886023
34.41362475,1.456474051,16.87297195,137.7571033,2.93300931,23.28760134
44.58351921,1.567442168,11.99631256,125.2734226,2.641219566,20.35381445
26.04003191,0.265438485,12.76942673,119.5442355,2.921722288,36.09457186
37.03205276,2.174744569,27.44580976,112.842467,2.371521459,51.29655977
37.89961734,0.785074689,41.04020426,116.6144335,3.507912442,32.60965927
35.18311042,1.576122797,30.11555983,149.7073181,3.626715626,29.3782009
22.21445849,2.449869207,11.27771423,126.2706758,4.991732525,40.73014602
36.9218069,1.529206241,33.82413171,145.9474891,4.632335103,22.11933011
21.60236778,1.83930277,32.10653711,116.8227743,4.842280491,46.64471207
34.90356624,1.168767084,47.84246328,127.0144349,5.696237025,23.54401612
38.48952943,0.244878024,23.98064492,148.4207387,3.385768587,16.85947384
25.27424727,2.014238439,20.87655869,113.6452901,2.808224787,59.86367568
41.04055019,0.183997219,22.79694788,133.7593714,7.273269672,22.71231029
20.75884514,1.781578789,25.18699113,146.766876,5.803648037,33.72307454
41.09532159,0.155011776,39.95824367,147.9873349,2.363979764,21.45968017
31.50822627,2.169532568,33.57627427,143.8402991,7.766309899,28.96181929
25.4396985,0.478326486,26.84472826,144.2373773,6.158411014,17.35390817
23.34445362,1.334251589,28.71570791,136.0873182,2.910227853,31.7901774
43.83267919,1.533161691,28.54618301,118.8169243,7.81480659,32.31079399
21.81663969,1.198108978,58.62033474,139.2271418,4.192444059,33.90010702
24.9773355,0.917832374,21.6498494,149.1353786,7.907060479,27.37760126
28.69555869,1.222754311,50.90307801,131.0373406,2.619653776,38.225669
35.50587122,0.847397809,45.41054188,120.4278944,2.959815302,34.38291485
33.62002713,1.151493633,10.27850028,132.9388427,5.944517305,16.08928093
23.14108731,0.961391178,59.65881091,137.6244142,2.132860791,38.2918844
27.24319959,1.458891576,47.82196853,118.3312124,2.112137847,55.8638843
25.96879428,0.671017989,44.12247932,138.7675739,6.751896993,22.93486921
25.33857136,2.472775732,30.26623538,133.4973144,3.00668199,48.37107462
30.27860841,1.302087888,37.76015445,134.4939964,7.512739956,26.18408285
37.60078631,0.565988986,22.66354478,122.2395172,4.555376973,24.9575492
25.43632331,1.244960199,11.77417026,116.2106724,7.241914126,44.36463711
29.16697199,2.179396311,51.80108292,134.9379958,4.506581505,30.23373261
29.77293567,0.152336303,54.82422468,133.4493196,5.18138003,24.95436118
44.41141324,1.730929886,18.12353183,123.5204875,3.89908497,17.04645029
43.86665892,1.415122712,49.35280479,121.8357467,5.948458507,23.73688113
40.00343957,0.506939186,47.05763366,123.8897785,3.909206996,28.78533497
26.04147302,2.061943454,18.9187501,129.5953335,3.339020587,39.86336341
21.70093285,0.985323094,31.09144013,148.9927894,2.486283872,36.71282641
27.92260344,0.805124869,31.13789604,140.5425849,2.346016087,30.39505291
26.66986374,2.08750046,47.99821292,144.0695896,3.835846119,41.00379125
32.648145,1.632460111,51.88304529,130.2259828,6.418840071,28.17979396
39.44319775,2.255821801,14.73875607,131.0449445,3.233720398,21.8911876
41.45807347,1.611720889,38.14846175,118.1729865,3.795364701,30.32187931
41.12160214,1.877962379,48.08742485,138.8418335,7.431028511,24.79168382
28.99188903,2.107470151,49.3095297,126.8633602,5.834944975,34.61001016
37.18085859,0.231375126,17.39967622,139.6978744,7.518334337,23.74368182
27.82085494,1.962517501,36.27525716,126.3622153,7.467356204,32.87319389
21.52263858,1.572895556,52.87793532,114.3406875,2.380464095,68.55393707
37.53913164,0.266818712,25.92592883,116.9221475,7.73005595,45.83058157
20.24568881,1.320587012,31.25584495,142.4628031,2.307067754,40.8161778
30.22956469,0.297899387,50.21792557,120.3446596,7.553713506,41.55233099
28.23448173,1.866273284,14.46597606,120.5741769,5.28040062,36.28176048
37.33443846,1.411604113,52.97466449,147.1747236,5.199137497,27.73309557
39.15613682,2.38857649,25.55783584,136.3054249,6.279584376,19.41084787
27.6023659,0.539524892,10.07251583,114.5723022,7.275267625,47.760925
40.29067536,1.554480286,21.70795725,115.7434108,5.702027334,30.06948357
27.34791901,0.607797123,14.47503204,120.8946973,4.552399123,28.62462416
31.158159,1.573755963,14.61924535,133.7598275,2.671336058,31.57081091
38.17546318,1.834359286,44.64178671,140.1130188,6.735255835,25.50167874
37.32300573,1.83353039,20.69881678,120.9798577,2.769760955,32.44685806
44.68421181,2.056177578,56.73711815,144.8256815,6.358195167,21.48983098
25.62902561,2.148520547,35.82222733,114.3672072,5.167549675,46.7537693
36.55794784,0.285452143,33.0049129,118.3039667,4.315015549,33.34870694
35.24204771,0.923841177,31.71417591,148.8185968,5.677918318,18.76389707
42.87746136,1.749094049,44.62938198,115.3897945,6.634136516,30.56084748
23.90905354,1.29660709,32.61313813,145.5244523,7.646837711,27.93313514
38.79495409,0.557622272,16.43001781,138.157403,3.588181297,13.46724566
34.20671541,1.426502968,54.00860903,112.9234836,7.682780961,48.1805949
26.86664674,1.077845567,31.41976745,129.3482732,7.765688276,30.15105147
31.86087285,1.036091866,13.70022878,130.7591741,6.881783087,22.06307563
28.34441493,2.043408922,36.46829937,147.2855853,7.28862305,32.37018608
34.48283507,1.078236001,42.36734292,126.8441837,6.154565082,25.65593618
42.22501527,0.163490813,23.77912321,127.8705446,2.23458332,20.49397761
34.23262461,0.239352013,50.01702038,114.4993502,5.450471268,45.41024546
35.79306046,2.1549857,43.4887923,135.5669025,6.483227378,23.454158
32.96869618,2.405441944,42.51705846,118.435879,7.650218808,36.93864847
21.27913766,1.752182407,31.04124764,113.1013303,5.422711082,53.95874766
25.82146392,0.974483906,58.09576507,149.87676,6.76520407,32.46862354
32.30004324,2.352640758,23.7094584,120.7851851,6.230232305,29.82527808
27.75588209,1.690727407,38.88527505,115.6421266,3.684817331,47.65116508
24.54408994,2.126400518,25.45275787,137.979615,2.928368451,46.03618931
32.60332105,1.93804553,47.24023765,142.8672862,6.505431972,28.7961189
28.07024484,1.009934358,12.38957419,112.5630997,3.402610167,50.56228503
26.45269108,1.248885282,12.29469339,114.2157323,3.468149328,47.42778595
31.59963544,0.54671717,50.54304848,113.6069529,5.863677432,45.1460097
23.33210645,0.800833841,31.71340805,111.8783721,6.734410784,58.83219242
43.19364333,1.967501587,27.05900273,136.3782591,5.493992557,13.49082876
41.69255245,2.245548141,40.37634311,133.5325276,7.309898923,17.76380014
37.69051464,1.838705016,45.09496719,136.5122663,3.268659616,29.33539373
22.65534569,1.216416872,20.06006734,130.2266865,3.514486577,29.48981161
39.39693136,0.307622245,19.27156207,142.7003074,5.821733025,13.66245426
40.1989332,0.236675077,57.90753739,131.8667321,6.976209108,28.8350666
39.19411544,0.998381355,39.48321532,146.7498774,5.23611081,19.94204642
22.84914718,1.213172125,29.50582386,129.4259413,2.06228944,42.33425442
36.09769893,1.561889493,50.07208473,141.6263464,6.061658775,26.5992011
40.85811989,0.115574851,36.25794794,126.2944141,6.881494598,29.97304379
34.43383503,2.475334937,22.08314052,127.4089558,3.659261767,29.81758654
36.16018438,0.97345332,20.33676528,143.9596818,2.325189373,26.54121437
31.45908699,2.135427193,29.84296331,114.3063934,5.107711869,39.51433779
33.217683,1.383920094,52.99479301,132.5967102,2.252931322,35.70782648
20.85942146,0.413054691,13.0723958,139.0534587,4.496100463,13.17334833
35.97407555,2.014157326,20.92630004,140.0168246,2.106907067,37.26856242
22.03618032,1.80358498,54.65759094,133.6597411,3.349800337,43.99942569
30.87536486,1.365846604,16.08672845,127.9225794,4.332934711,23.68206958
27.31637744,1.334927419,41.48128591,120.4312978,2.670235338,46.97843444
33.63569876,0.309951054,20.67556841,146.3770494,2.684935424,19.46908883
23.33540839,1.674037477,40.29334238,124.7915179,6.962370442,37.46577797
37.29108505,2.286988374,29.15520834,141.9596835,2.248543201,38.16374573
39.87528842,0.323787806,15.08384482,111.2666245,6.133797492,44.47483676
24.08386124,0.732427482,39.12375338,119.2867686,6.886892296,43.1819799
22.60782718,2.265539136,44.15213735,123.8233917,2.784334125,56.21584286
23.63788707,0.782425384,44.01363095,136.8629625,3.172224407,28.91172341
41.92818905,1.669464813,41.85172045,122.7732323,5.84895981,23.76816545
33.20473154,1.383563596,35.01123905,111.654552,3.893879676,44.15340966
31.6815249,1.531186252,35.97363084,116.9547006,4.858538427,36.74121221
22.66779548,1.097893364,41.78200549,120.3666141,7.01601625,42.76600394
36.23890017,0.819979529,44.51296809,117.0418992,2.827899028,40.53739143
41.6999898,0.216480282,42.74383694,118.1489824,5.717915131,35.24619378
40.70464673,1.886274254,39.34727825,140.7582776,7.654386334,25.99405233
35.65136772,1.890624309,17.79194924,126.4813458,2.344799778,36.56367756
21.88196792,1.709741776,20.53082692,126.2071698,2.36004059,47.92859222
22.80992568,1.644721091,23.01120105,148.6642535,5.328454236,34.95775333
21.23272468,0.684921117,55.98308285,127.8680735,7.760454777,33.40196651
26.43698041,0.153627841,47.96975459,147.1063253,3.322841854,16.34901061
23.39153668,2.040916953,37.64334098,121.9625239,3.984751818,45.55554759
26.50120101,1.278732486,22.60284643,126.0250504,2.591887847,37.42952884
29.62645139,0.836411514,15.54457616,125.8513342,4.173483383,23.77744931
43.5745696,0.344636576,54.9379613,131.8431533,2.26599488,22.75417541
35.25940149,0.250531818,54.63330079,133.3698916,4.334563986,18.70795104
40.87434464,0.937280132,15.53477978,119.9250012,5.33292665,23.49832644
37.75878752,2.031368955,49.8608333,141.74337,7.85002896,27.8641388
22.81257826,2.304936998,32.33225347,129.8610382,6.910327878,36.4484468
38.39801016,2.252203275,26.19834664,110.2817421,6.932392465,37.6912075
26.87747204,2.308002003,46.95522681,133.6536253,3.368865947,43.51514845
35.97769617,2.278540824,40.71647705,141.9223777,2.523408213,40.95743168
28.52404934,1.365339404,49.00150538,120.0186695,5.618448225,39.32089804
44.94180658,0.626597533,13.71644303,111.5148404,5.12682917,36.1065546
26.58878699,2.015311799,25.929351,142.2871462,5.099023259,28.01181563
26.97826177,0.61291114,25.96584252,149.0510686,2.654047917,23.52061253
43.26680639,0.741297464,26.48765461,113.0625446,4.963309366,35.49444299
20.61611012,0.659810372,35.12399363,147.5214723,2.902134444,28.76639595
37.4172247,1.335957769,24.15069015,124.3709765,4.532687562,24.03705837
38.13315977,0.87238602,32.2191805,147.6575843,2.372975796,29.64712402
40.90946444,0.469974519,28.38887966,135.953573,7.141355596,23.38276381
44.36098277,1.187616189,46.7648024,145.6097725,2.079080518,27.20925568
44.39004798,2.197377373,40.17503978,141.433321,7.635938837,22.60191099
21.63191894,1.469326852,42.68147162,111.1199097,7.177350936,54.66464581
40.54598307,2.208005454,20.5291947,112.6177001,6.515648435,29.59292732
36.15774834,0.570093244,26.27510827,131.0297842,7.895303494,27.04061641
36.18355336,0.500737297,11.05827238,115.1847608,2.322919983,36.48997052
23.20874817,1.481385102,15.41873536,128.4413696,5.849582636,31.52976015
36.25467916,1.211989364,23.2527116,148.1852119,7.095812543,23.68917572
44.56206452,1.68441434,13.27318607,121.7902915,2.759702579,19.11334528
42.79546424,2.007104298,40.13162002,129.5565086,5.508649872,16.37993834
30.97826652,1.90313751,59.9065058,125.3703852,4.363531452,38.72304474
20.99869933,2.361426817,15.0407607,135.1930786,4.61496268,42.76101143
29.05733725,1.055815382,51.06151063,117.7537972,7.475144512,44.92138238
40.65975779,0.595328181,15.94081236,120.3975716,5.231908702,25.20718012
37.53747754,1.422190336,43.49570094,144.3507141,2.559572269,33.51369473
31.48359139,0.365783488,42.15788015,142.453449,7.623297043,25.46444971
21.37753838,0.793242696,55.13584674,141.5675876,3.111267023,31.42896809
30.6723682,0.598931333,15.69728068,140.8367844,7.355820899,21.79427468
31.72562349,1.05175292,25.7722233,128.3774997,7.825524327,26.57561325
43.21388832,0.36691978,14.53898802,139.1556309,7.267024779,23.82050012
36.02715259,0.176420187,30.36916629,125.4881927,6.062802667,24.36015
27.79132292,1.676305611,55.57965868,114.0283832,6.461310919,47.13392369
33.13295661,1.564597548,49.07615755,125.7349857,6.199203463,28.13866837
21.6513827,1.800061446,46.14500502,116.3465218,4.763146327,53.91887861
44.31420589,1.684927457,36.65137524,125.6340672,3.646518312,21.62932107
29.00149755,0.374307235,54.17428712,121.8970086,3.71001638,35.52948548
31.94668387,0.798589315,32.47208991,133.9664267,6.387007168,21.0243148
28.88209936,0.410863864,17.48428336,124.4616166,5.75621869,27.67987995
37.06279325,2.123133765,51.87926116,138.2235865,5.509304204,24.64197113
36.55580396,1.892568773,23.9819164,130.4858672,5.915653028,17.45068659
37.88305776,0.583664807,12.68167705,146.7796911,6.648717413,16.96796072
26.70358074,0.919142177,16.30190153,113.6410174,6.490045488,46.90081609
27.89171203,2.419875981,40.45294581,137.5083675,2.632378435,47.96158931
23.13128078,1.525982459,40.3540982,136.8958751,4.178210298,28.75040736
36.3877493,2.022773434,23.00915855,148.0250619,3.583802821,32.26059767
20.99492818,0.735018483,46.3590074,124.8620747,5.229431973,33.30768971
34.94205839,0.604127008,48.68200777,122.2175188,2.368496494,38.45346118
41.74239712,1.981400629,56.02513131,116.8957378,6.574784285,27.35625386
42.27080371,1.746093893,39.24687493,120.6115406,2.639164003,32.62854111
31.22594401,1.73434703,48.97116821,130.0756309,3.628412155,35.00845577
31.48259221,1.426322996,47.65498399,143.5085185,6.696449031,24.58966287
21.92422958,1.452588023,22.89045242,121.3714641,2.309359898,52.40586007
36.76912564,1.865674013,25.5112964,116.3096847,5.961206411,26.38706903
40.53148551,0.748005955,33.92411979,120.8851388,7.546869631,36.90213828
26.11637637,0.946644318,10.95194838,114.037079,5.705826903,44.23672479
30.53252204,2.191928249,24.86988866,147.0678167,6.275944924,31.18333596
40.97098342,0.841276482,33.69414367,144.9049661,6.753601235,18.65110505
41.92801169,1.411142971,15.40346476,122.3396687,3.333477933,23.96730837
26.07949951,1.786334714,16.31379439,119.8795126,5.485783508,35.00547888
33.76426586,2.499819584,33.16183679,146.2158926,3.854340296,34.17834749
24.81232877,1.144699196,46.54825158,110.0708781,3.496972275,64.36403801
22.5469691,1.127422904,51.68744655,134.0231011,3.154738491,37.55308858
42.77801253,2.122212111,37.31569488,146.6401504,5.512583692,27.01451769
40.51268761,2.033207467,33.73744938,130.3422996,6.767191559,16.15285095
39.00087255,1.854582116,29.21402842,110.1186784,7.255334385,37.49568849
21.21915797,1.21175113,19.64744962,118.7548572,4.571515677,40.75828298
41.09321982,0.877453888,17.32810014,146.8976638,4.237394001,17.11302728
30.9511019,1.560953158,49.59482258,110.680897,6.123841413,48.56453344
28.55987808,2.202935904,33.25033161,125.7911906,6.682155451,27.88646623
33.66190903,2.2210659,49.51601227,141.5897891,3.51991602,38.39595368
22.28383107,0.360396028,45.2041518,143.5236397,3.783745305,19.40784504
38.91616373,1.128040681,19.69479572,129.1043173,5.200359915,17.71200344
34.56087692,1.215332695,35.51536321,119.2993501,4.666314127,31.82161176
24.66475242,2.446276882,32.20083152,133.9881887,6.234726398,33.42014761
24.70580499,1.727195237,31.1936753,120.5511213,5.026909946,38.96144918
24.60621629,1.077391401,37.12855246,120.2105703,2.669594634,46.36350539
21.42505969,0.162538926,59.10409505,142.3039905,2.995719169,22.16904721
34.69496123,1.456924384,50.64502988,116.1706334,7.411453063,39.36297603
41.00870444,0.330582342,55.18562158,110.2208591,3.364390189,52.55613495
20.43745535,2.102679898,11.48197916,123.4710087,2.300516549,60.69439114
21.22511612,1.906044785,17.01681834,129.6389582,6.38872735,30.1785868
34.31925692,1.205221984,14.23818301,138.2032157,6.104066863,19.98056661
40.48739213,1.130105871,23.16155025,141.2446103,5.600456112,15.95155693
28.16847226,2.253613517,32.0946246,136.5407684,5.013536927,31.67838966
28.74035997,0.792300041,42.10266238,135.0603552,7.817482124,29.64732582
34.90866244,0.697647909,35.04156331,136.6299489,2.718993776,24.07830732
26.85532223,2.354073839,55.15919575,120.8610607,5.060976695,42.71315177
20.66520915,2.042190008,56.99279794,125.2944529,5.384269661,44.88387068
38.38071295,2.069501423,18.17604756,134.65746,2.13495751,34.72334802
35.64124782,0.568465154,52.64564601,112.6228264,4.471954549,45.92877
34.51889998,0.443910379,34.0861102,121.813014,6.696812752,33.09452823
38.54210322,0.16247092,32.66647357,126.2567578,4.826592531,20.74205406
36.88077094,0.668899621,49.24696742,131.3376273,7.251670699,26.25255904
25.1470497,1.95805718,14.65702545,129.4592843,5.868793591,27.38346693
28.81202617,0.676092205,54.12465637,138.7252751,6.596512184,21.70200874
23.15275354,1.849847881,43.54316773,128.937067,6.826880811,33.9274829
23.24642534,0.704579837,53.76308038,146.1651994,6.137001437,24.49482421
36.90489366,1.048701995,59.72387889,125.2127337,6.49628396,29.94920438
41.46500267,2.459589496,35.90022262,131.0148682,6.171863239,16.00786965
44.0683146,0.687548155,14.6631099,110.1284156,5.302782491,39.01673704
35.70867794,1.003289506,18.32619315,122.4191183,5.399197794,25.8293918
24.60253308,0.822609233,26.18091213,144.6629191,3.139308696,23.76711005
22.64125864,0.363099967,15.17764711,123.3430558,6.9646354,33.78362353
40.32127429,1.275745941,50.76709131,120.1274533,3.872823883,28.7022254
34.46891191,1.008857592,24.84339255,131.7414785,5.214421295,18.74092886
35.45712553,1.767729006,58.7943094,113.1492039,3.497273348,49.52841546
39.53655222,2.062226913,45.1295716,131.2642053,6.175189875,15.00547259
37.58193069,1.406199315,18.67151851,122.1466319,7.851013713,31.15698306
40.86145632,0.177271413,33.80213235,125.3241156,6.811641408,32.59858836
21.40534764,1.585413655,33.34421108,141.6546002,5.714572891,28.32906983
38.68801592,0.232937752,34.62558292,136.4785607,5.405039202,16.85804794
41.27131893,1.579255177,36.78455853,127.8442437,4.938627544,16.82625234
27.15337606,1.744071878,11.55865412,133.1006525,3.229828591,32.74375259
36.01118185,0.574642306,44.31505629,140.6743502,4.088060311,22.71193412
27.8540516,2.066430757,34.35958876,139.8313498,4.438364445,28.2974323
43.94927666,2.286604316,49.54826994,117.4128684,7.667414449,26.92090457
20.83558931,2.051408714,50.76747866,122.0367689,4.553497124,50.4497893
34.4948211,0.832262057,21.5267561,123.9294772,5.517142129,26.40945786
24.16258868,1.50794323,12.42114732,117.5016916,7.534547244,38.6630688
37.80550513,2.295556358,45.16169281,110.4864582,5.110558447,39.88602517
24.39725709,0.869595343,58.88813942,116.9586908,3.508698679,49.04175297
25.88458155,2.068066773,32.33289933,142.3297731,4.28603664,34.61667799
32.35927028,0.122740315,22.98064048,131.8368181,4.253235203,16.25691325
42.87087375,0.108752087,17.83359473,123.6663211,6.288305388,24.2484995
25.2928593,1.923307985,24.37227987,134.3337778,3.776724383,34.03149042
23.60600053,1.927474197,26.39597757,139.593365,6.381731467,27.36320133
38.9744208,1.993545251,31.19373717,124.1771113,7.335456271,23.69408708
32.51548831,2.332064411,42.77035616,128.6429937,4.01643807,32.32110402
42.79462781,0.382975148,23.6581528,112.5685287,2.812046601,41.36767978
23.66536393,0.656763964,12.54883817,133.8836214,5.831326106,16.01599679
36.14819733,2.268939809,28.66393058,124.2562838,4.165126805,30.01428476
25.82197865,0.525366875,52.78148081,127.3409459,5.203917003,27.72838892
23.91901072,1.737350242,34.91757554,126.9040247,5.804993791,32.70313492
37.08573538,1.3731112,58.23918789,135.2963715,4.446457664,22.62415526
34.8421155,0.299664824,35.18107655,132.898614,7.548166711,27.3096177
38.87068646,0.784632789,23.79494085,126.8842419,4.397687925,19.10407338
27.73656441,1.348893319,19.66569986,110.6782009,3.844245963,54.60227518
31.19929141,2.14564028,44.72622484,134.8385046,7.314051327,28.00282776
30.13679191,1.798092375,36.81906429,145.183099,2.817810341,37.92076814
44.6022366,1.592519587,40.19994645,140.7820629,2.745253573,23.98402579
27.30622392,1.290478936,47.75633947,149.2646253,7.614189246,31.94623178
27.37043096,0.816841561,46.29517321,115.5630135,3.253810485,48.97941263
28.86370522,0.386187787,12.16816501,118.9008021,2.890624422,34.65115236
34.11485203,1.081782483,50.12859526,131.5706986,5.211009824,24.56697963
26.30806861,0.168444385,36.63516535,119.4352681,2.280730797,41.9442435
42.88224851,0.606534134,29.58542654,111.3819913,5.720090004,44.81297069
26.64213912,1.137960102,36.87597131,126.091531,4.71758479,29.56990824
42.39539329,1.104652446,40.62257242,121.5057894,5.842471786,26.85068607
22.58687659,0.206309034,17.47531549,120.5504338,3.703621421,33.16933186
36.41406756,1.513744368,30.87076977,148.1269127,7.432833286,24.19580181
42.67463796,1.419242214,26.77931051,119.5381647,3.623484276,22.3284809
24.21873596,0.28745033,27.52044724,115.1773028,5.825388113,50.02939449
44.208174,2.363591326,14.56674692,115.0127703,7.670551104,22.95415458
31.32208401,0.338518669,17.9921744,142.2529629,4.40485573,14.96943449
43.64287771,2.151601963,18.09160338,138.593923,2.96855917,20.31205033
36.92050109,0.100743357,28.66123716,115.1794478,2.410294855,43.6164268
27.53967175,2.217474628,54.72457724,118.7901248,7.778107981,44.63491691
24.70756312,0.147327357,20.3013686,139.8937203,6.582208916,21.64108165
27.59337616,1.918748877,30.80962538,120.9846559,7.51371236,36.11393637
22.32543523,0.968057947,25.58047076,149.261683,6.192998319,22.2338873
23.59669916,1.87172032,49.36916563,131.6228027,4.054691025,39.61018009
22.61651101,1.064188493,12.50632162,117.6803188,2.738099516,46.74184384
30.57358859,0.270179014,19.82716978,144.3523382,7.575841156,22.6612215
39.88945941,1.942016069,20.53207712,122.7790218,4.937714265,20.40281678
23.53458886,0.271006445,59.64814002,121.5522942,4.379053978,36.59216105
23.25801083,2.313089046,38.5387509,123.0976493,5.466752367,42.75857655
36.08572374,0.222337686,16.94791322,140.7278899,2.639355929,15.47091393
24.92957455,1.250380667,23.60995696,116.928518,3.855222916,45.99153994
22.44025095,1.835282634,18.39110471,125.2714312,5.827256643,36.66995479
24.17121446,1.043791516,16.23022848,111.2333109,2.600737678,59.84829822
43.0932849,0.621360339,49.85910142,143.0650647,2.811456554,20.06132854
40.53678132,1.921818307,34.78763143,123.6287507,5.063527185,18.61693113
28.85161406,1.982307291,41.56050684,119.9269168,5.740742748,37.96896434
36.39551918,2.314467961,26.56256235,133.1957297,3.122010235,29.77375137
33.43189184,1.002796265,37.6847543,138.1996754,2.198507807,29.58740535
36.92810659,1.315004163,22.87845163,142.5158415,7.750201357,26.29104404
37.06677881,0.971508263,25.40181375,123.9113978,2.164955947,30.57973687
35.71835038,0.716996372,42.61189722,142.492034,2.012312249,26.21305215
26.65253421,1.902479108,17.5175063,128.59524,3.940043413,35.01381189
20.97516052,0.915164428,40.86109296,114.0456907,3.334719013,58.49604627
31.38916955,1.127558661,52.61174082,143.8522993,5.441518173,24.94837775
42.27434712,1.068816778,16.02116131,131.9053913,7.365253261,18.73876976
34.23743146,1.810386942,54.87306403,134.0987829,4.886646035,23.05352517
40.80977604,2.302709503,13.97228401,147.4996508,6.639807253,22.91640524
44.79060857,1.700214547,27.44546135,132.3660594,7.455362231,15.91313022
24.0904051,1.231798231,40.52546576,110.2233412,3.136397922,65.73796045
37.29444098,1.970092275,37.97073801,144.8246336,4.929865317,26.62367062
36.85733934,1.638331178,14.81955362,121.3900432,5.852419998,22.03099037
44.49888618,0.245464857,49.94565839,130.0706768,3.991299428,18.92096306
44.64001835,0.329592607,58.65766466,118.1954641,6.438512666,40.72180057
37.16696529,0.191000666,19.06141446,121.8793427,6.231889851,28.86123087
26.0903698,1.196359183,54.75654849,137.4659539,4.526565705,26.20429718
39.96389595,2.082048242,37.84047211,127.182934,2.527722521,36.01959581
22.67572836,0.851399606,56.79668856,135.0852252,2.069412701,38.06474354
39.5174826,1.021984439,18.80429792,142.9430277,4.216097373,16.72682363
42.7549031,2.28274506,49.60106966,123.6328809,2.492413071,34.36715554
29.57083487,2.108568269,12.98907877,132.7336015,6.689746659,20.66864127
35.76588237,1.69611547,54.15982234,141.1035157,4.0059547,26.34389338
30.7535683,0.740329077,43.70797111,138.6049277,5.996589655,21.81200234
30.94412637,0.380899558,28.5127392,131.5937374,4.078273924,18.70241738
27.75927223,0.138541174,19.52334117,125.3353404,6.775630501,25.64345347
39.05324051,0.356825614,50.82665493,126.3000792,7.33047498,34.32589348
43.4044141,0.802231465,40.16206607,127.3254085,7.025084896,24.2021664
43.51877148,1.424296153,28.02079265,123.9538212,4.906841384,19.03913616
24.36953212,0.253600199,32.19179124,137.9630254,2.503709665,28.05727046
41.86859124,0.426946668,51.3271328,115.0166101,4.230266635,39.88256161
38.43578604,0.534593686,26.94635967,148.6981648,4.546735968,18.30250463
26.32093502,1.616757023,14.48163391,141.1594201,7.761524065,25.94372688
21.68211532,1.577895518,55.56410861,121.9265221,5.392983831,40.37858738
26.69993167,1.421837743,29.36718698,111.7019028,5.845077397,51.46179188
42.80520592,0.701203419,27.41937556,138.4521269,6.692021486,17.05036011
35.82946687,0.990687259,20.21998094,139.3743618,5.409214803,14.73903169
38.02636652,0.332055319,54.87112856,148.5449044,5.590907655,25.30162218
26.42880878,0.643505449,20.87526668,120.1482223,3.471966784,35.58755726
37.98470389,2.254492544,41.8336434,113.3090036,2.353199645,52.92579311
20.70303766,2.451260191,54.03825058,146.6053903,6.328315275,47.02500691
29.38303364,1.654383006,11.74568073,120.3459614,7.092108184,30.77849375
35.66883371,2.300375901,51.43958527,138.8612579,4.4720011,30.63692283
23.65241414,1.642580561,30.52997108,112.4263855,5.293486719,50.59143543
40.57508936,0.179671567,42.89872876,140.4233922,3.843711364,17.39826011
25.87578247,2.492230204,28.62022816,115.0810359,4.701323561,52.45833255
36.30702782,0.337485524,44.77581282,137.8234539,3.253338358,18.69886185
30.12992856,1.738340323,22.71474573,131.2937219,6.559320849,26.15272797
34.90108989,0.706806887,11.09652712,148.2195252,4.951470727,15.90765048
22.68626382,1.040754671,57.38937574,111.4767057,5.282939319,60.01171526
20.42282,1.650242044,10.8183882,121.6819498,2.22252847,60.7068734
42.73911068,1.147569638,51.20496448,112.7803567,5.734390354,43.56084914
26.74075022,0.701310541,18.45687967,145.1679054,3.215934872,20.68297394
40.49192507,0.902670849,29.61101143,133.7560461,4.300367866,16.10899985
44.98375751,0.919715481,51.12461883,131.3987845,4.476294201,15.53510053
25.28578145,2.402377371,20.29660752,115.2583157,4.692395585,50.33552832
26.62926853,2.016671238,53.28538028,129.5612903,3.364618335,43.56691969
36.57149469,1.200517052,34.88794696,125.9481462,7.100661348,24.7508261
44.13621587,0.579570209,28.30767314,122.6300747,4.567100904,24.55630291
42.8953587,2.046438665,43.12188734,140.8875582,5.672806747,19.23497152
32.571888,0.477237932,27.0694861,112.4510416,5.683625274,44.8677357
39.87775706,0.605109321,27.36441795,135.8674291,5.641908047,16.15189357
23.39364633,0.97843214,46.67631955,142.9197212,5.355908054,23.10177467
44.43595461,2.21283567,25.49161123,146.2922913,6.93575449,22.80603145
44.10883085,0.416288005,20.03863242,139.8366638,6.875706882,22.62774139
24.09322395,0.393362063,50.3823064,121.2982272,4.502867436,35.75297454
27.48557812,1.285539972,50.26855169,134.0202984,5.815076289,27.23716874
22.50387494,0.763385299,34.87928519,115.6561444,2.616975467,53.47069029
26.79293997,1.46494706,36.33278081,114.6824249,2.54463607,55.18593416
40.39889474,1.183928043,44.80383129,135.5449657,4.879498433,17.55919362
29.45789018,1.143901855,35.46371459,144.0443062,7.401224142,31.30267767
22.20992418,0.368735129,30.85199795,112.689925,5.899998215,53.55557026
28.55563812,0.438519257,59.74470966,114.2401493,6.015298536,51.13295646
44.53458336,2.070588586,17.38202139,132.6242923,2.946039872,18.72345378
35.74208988,2.22611857,39.63639896,118.7284744,4.719826666,32.05176061
30.40402366,0.663240479,54.2931513,134.4727249,4.40474567,19.40781636
24.16346284,0.372305204,44.36075206,118.581753,6.697870081,46.85054614
44.65441993,0.228200013,54.04616495,114.659279,2.826944581,42.66828567
40.52122523,1.559914273,26.81673602,131.8229993,5.235146044,16.1428667
27.03693256,1.81684771,23.59964881,144.4878055,7.468109015,29.79561614
21.75171739,0.994743974,52.56361935,137.4048789,7.354759338,33.25447745
21.41563893,1.731222082,29.70572881,142.7490055,7.114022658,31.38740664
23.00945374,1.811101157,45.48411615,120.653407,4.249911878,46.01818886
34.51921459,2.344821475,17.38742892,145.4391461,7.646604144,32.67340535
43.21908553,0.255696731,47.79190627,125.081567,6.831803052,31.61502533
32.4185857,0.561500136,37.44913245,144.0979067,7.106847915,19.35966935
41.07363706,0.26446237,23.430582,128.8470236,7.594122766,26.21267359
31.1471655,2.18318544,34.7251982,120.7143059,7.622007594,34.27759551
37.71458864,2.002209184,44.84718129,120.4103532,3.44038978,34.98356175
38.29681843,1.479140969,10.59432044,132.7067154,2.766126271,23.71392227
24.34909265,0.300792184,41.87335294,113.1604108,6.145249661,50.51534888
29.03040147,0.755949661,37.07953891,147.2022478,5.37928374,19.99293034
35.93255391,0.814527635,21.01430839,120.8585398,3.964559034,26.05941714
21.7674152,1.44578367,47.6490537,123.4249927,6.106697041,40.42475889
29.03850469,0.719305346,25.17304923,119.3320621,2.371981264,44.69538373
33.36998666,0.275103673,23.84304658,110.1203184,2.283249899,60.15392393
44.90561233,1.853829524,33.56091745,137.7020095,4.125863505,17.46926189
31.86333907,0.817792508,43.80748392,133.622116,3.163079741,28.69602664
40.40141893,1.185698025,56.44229879,142.3857816,6.311336304,21.13161486
30.80168213,0.406399924,17.06786216,111.6404309,7.688131027,56.07078285
39.90976807,2.026115928,29.82340604,147.1462258,5.969764482,22.67631677
34.88537004,1.457276505,13.34947963,123.2354776,5.928706203,24.04137162
42.16488604,2.263805503,47.92753737,146.5227945,2.039573441,44.30087771
30.27356381,1.289131751,32.38664448,114.2852593,5.07366183,37.32838411
35.1076105,2.359421612,45.34645676,139.7568233,6.902607921,29.56032839
35.75046702,2.240483691,26.1097212,133.1743293,5.924722192,22.59810157
30.43457355,1.483503656,52.21586207,124.3276486,3.366694308,36.43856425
23.60780109,2.341344252,36.74140391,113.1656958,7.090851491,52.74776067
22.33898517,0.875412994,57.18039109,134.1894604,7.786260345,29.32309969
20.41678876,0.97754119,13.94073196,111.0575953,3.673957085,56.91315412
41.83835661,0.209147083,35.71384123,130.051284,3.242566053,22.4973924
25.91187281,1.514082176,48.3227623,134.168343,4.031161428,29.65577631
25.28766873,1.832617528,40.0076324,139.3009499,2.378949703,45.79876621
38.40088501,1.956446057,11.15970702,149.6533854,7.240596039,24.45087372
28.00040283,0.459559087,58.61693392,120.4037485,7.575796883,45.82163814
32.65111731,1.165981774,24.91318465,122.8955929,5.799818238,27.77750956
24.06277663,0.524471709,22.46389332,123.6458139,6.586008877,32.52307337
43.99364304,1.689105637,34.28299378,139.2633085,6.011904065,17.16452353
41.289535,0.479071294,37.10790538,147.2727707,4.264125376,20.28805735
41.59474057,2.269992841,48.31440688,148.97295,5.792254172,29.39385621
30.16934371,0.65352315,29.66368288,147.8324547,7.017921025,20.66275052
39.05903034,0.799365439,31.99801882,145.1753203,6.859444461,20.48199222
23.59690388,2.142175173,36.7479958,149.639095,2.486345159,55.43066132
20.21547506,1.200322264,29.71935499,125.0378291,4.775605763,34.91904345
20.49932331,0.15759027,55.72740396,147.9328528,4.383928784,18.48764562
34.66504344,1.287007003,52.56259833,140.4407985,6.512052475,24.65759745
31.38487263,0.302904005,32.74868475,116.7383944,5.008255637,35.35400601
32.95038372,2.464827325,10.00974312,111.8186075,4.098206651,44.13524285
20.18657851,1.511467769,55.04672478,118.5793583,6.238098564,49.9976135
30.56716549,0.715678282,16.21682867,141.150045,4.841471122,15.93624248
37.95170403,1.452922431,22.22562076,135.2678752,3.539744167,16.03170327
31.06734255,0.284481048,17.61806422,118.9742503,7.342501536,39.87321996
38.30548016,2.01973913,18.9907785,139.6768582,2.678287089,28.13535682
25.82547411,2.320787329,50.14387689,115.6528896,2.108526241,70.21880997
40.32855011,2.198666532,38.97507208,142.8736558,2.863466196,32.7276959
34.71078101,0.920218246,57.80475816,141.766439,2.981859521,29.97216682
25.26907749,0.881843487,21.57267562,148.9030388,5.2282532,21.03139029
25.9180119,0.184210267,34.28174541,116.0111826,5.749193004,44.38516702
35.70076161,1.663360861,58.87141845,146.2645198,4.691666804,29.33336284
40.74848983,1.383771482,51.32217571,123.6441065,3.225027472,29.61745651
30.39069455,1.202431291,46.43078396,126.6423946,2.793145393,35.38661274
26.45751073,2.278314288,19.44876007,128.7378025,4.952911815,34.05032782
41.67529017,0.502909363,48.47027005,135.0761621,5.392898526,17.45179474
36.73170729,0.12319904,27.37825613,149.7905348,3.82376823,18.46328375
31.20213718,0.275959485,36.52684485,133.9983521,3.322639684,20.76913178
32.19750488,0.636091451,40.45806065,147.0686346,2.483556361,25.94018201
25.1064117,0.179885318,40.46818558,120.2011281,2.157466922,45.96245809
35.67006575,1.306824906,46.3261736,125.9364665,2.634418585,34.31500142
28.96856276,0.853817093,43.08510463,130.1799812,6.452476474,27.2032001
44.89112942,0.533159219,13.41854397,122.9160796,4.064111901,19.61827864
32.00458788,1.90020178,32.8673513,149.0746841,2.164513492,46.76562409
32.14714015,0.590683183,43.20108034,139.0273422,5.048991631,18.31237302
34.14629469,1.750252242,24.79964911,129.1552541,5.216403601,20.63439062
42.91890008,0.938235774,25.65283436,140.052188,4.572132678,15.60585782
40.0204525,1.328386626,16.22837739,128.6977,2.664096872,25.69137767
31.27825174,2.341280896,30.9307493,110.6890131,6.529804386,46.68728104
37.96748165,0.189643924,59.34152172,131.7277363,6.134489529,27.75512977
34.65588747,1.300634818,24.26596806,135.0074088,4.36837483,21.0855166
32.30917622,2.150615105,36.57184463,149.2482967,4.28489214,37.4299918
24.80789432,1.511138196,47.16186264,111.6317139,2.93561069,66.20062508
31.59840659,0.764489241,10.67486354,130.4838783,6.521296083,16.86248729
26.14546468,1.054434724,55.02197798,113.9261903,5.597443426,50.16936632
42.87105375,1.732637509,29.32750924,115.9598361,2.514760673,33.42046775
28.38517034,2.237948546,53.45579934,134.4185336,4.268380751,36.80427184
43.80660036,0.198559297,11.94738294,119.2627085,7.421365655,35.37887024
33.32638225,0.271693173,17.28317759,139.9669645,4.71424761,14.30349063
35.78860947,0.880123657,26.12647272,130.5679477,3.949564996,18.46867368
33.57351111,0.658671243,27.27308865,118.7285154,5.862704453,35.11826871
23.23451542,0.735834127,52.38971115,129.7516671,3.217834266,33.0479314
29.39553048,0.631047997,10.56005577,110.0352691,5.142820389,45.60309114
22.47865281,0.569980117,42.05558882,144.5096017,6.017136521,19.29883695
35.5738511,0.41349752,16.56562181,110.5071351,7.129270496,52.02662951
31.17185488,2.341489916,51.16078254,110.2803957,6.155025817,49.63926083
39.44962429,0.446054713,48.9286633,134.4601577,4.306458783,21.1083042
25.51176202,0.590569059,34.99605137,148.940837,6.60680104,25.44925077
24.11415146,0.691037738,20.63436128,144.2373394,7.390399568,21.34743751
30.15830577,2.339235696,41.72476955,120.0807565,4.866581748,36.11559719
43.16463458,1.913713921,17.81291588,117.8666724,2.027004713,33.58732855
37.76054538,1.995278633,19.50118963,135.0444872,7.285508156,20.50956889
30.47309062,0.351419823,41.33449511,142.9055099,2.99265195,19.95178018
32.93180424,2.1071437,59.5614223,124.4831468,2.75795303,41.12926356
22.10532528,1.079663396,54.55304186,127.2941836,3.846071394,35.95618622
44.61439741,0.730775263,39.65536788,114.6195805,4.279902472,37.08929105
36.66018262,1.4818002,36.92683844,116.1130569,6.796260189,36.30228198
27.13510171,2.073238974,59.919244,132.7340638,4.335100311,37.57784662
34.64520986,1.968765163,37.36985738,114.1062458,2.292926998,51.96825591
22.73705915,2.235993958,31.0058261,118.081845,5.81577008,44.51277957
44.14591672,2.327517246,55.47777679,119.387081,6.027326141,24.13934829
24.3696247,0.671492971,21.70921479,127.7569813,6.885325525,27.19478531
36.20075795,1.117258946,14.87629951,111.8244786,4.393196484,41.53675223
26.13636156,0.135108494,41.70450172,129.9908389,2.516426457,29.12654161
37.93903457,2.210371982,14.79248169,147.1469763,5.318373666,25.51029268
39.42053418,0.470973164,28.65742685,110.9785464,2.725984295,48.89697583
36.83549322,2.16753955,31.17886928,135.2393946,2.102451938,36.73256437
35.36248651,0.890529573,37.37690335,143.4336946,6.671500831,21.26453582
42.31172735,0.983520616,59.58297729,122.4984337,4.420463602,29.53452745
21.96566777,0.193917411,21.04908617,115.2607418,5.150031032,44.15506162
28.27286914,0.884509095,28.78781893,111.7335915,5.977095217,48.63983237
26.20718699,2.232072839,16.61200622,135.7561224,4.406166,33.20735751
44.70034905,0.161313763,40.3806763,132.0893752,2.306789555,18.19680349
29.73474449,1.075185935,46.38365912,119.1717995,3.516461946,41.23386969
38.31531748,0.175359112,34.10384116,143.2646923,3.166047148,19.15285428
37.1181291,0.99021622,22.29156341,139.4202541,7.864364125,22.11968158
25.30203094,0.514337538,41.04441346,121.0571514,6.437032724,37.57492247
25.97494201,0.705324144,36.95788617,140.1345209,4.70929999,19.45784703
27.03211409,2.206236096,18.55928617,119.7997685,2.380204379,54.11795625
30.27818196,1.146518129,30.28409503,137.0106985,2.695103135,28.12347356
25.85812664,0.757115179,31.75985458,114.7418016,6.877397416,48.90383856
20.49128707,1.514412107,59.13088769,137.6895785,7.672694563,32.71961569
41.98482642,0.441056704,52.46429161,119.5509768,2.188101107,38.51152964
44.14024578,0.722539858,46.71853941,132.8987742,7.462382736,26.46121659
28.53925968,1.410995122,54.43885128,116.8985547,4.28338228,41.3985803
28.46267199,0.6700553,46.77422029,139.0386779,3.281795964,24.52830943
20.17729532,1.72990657,55.17009276,112.435183,2.613394144,74.67791712
37.00626721,1.279579125,12.72765574,116.6167115,6.630493652,29.68145421
40.63599739,1.952773769,32.80331046,117.3654592,4.813462911,27.59544939
23.66520751,2.375786886,47.34491676,111.6537434,6.994542692,53.70348697
23.99165873,0.377931734,39.16478983,139.8005006,3.356942921,19.39227543
39.75208125,0.903196024,18.75830821,149.2381002,6.071408221,19.80049342
35.40726871,0.866917751,27.02460433,141.1359115,2.708730229,18.5863182
21.12151394,0.462839006,25.88871875,144.4252785,2.538504105,22.11443508
35.56367476,2.04472753,23.06734566,110.2403064,2.800399102,49.88131045
27.72294307,1.92370889,27.15677768,114.7147986,6.853407803,43.25229782
29.21812889,1.26262113,35.74266442,132.3608136,5.933718413,24.09847035
39.24328546,1.390649867,52.74345124,149.1147554,2.995783352,30.75273351
40.27337982,0.242905931,47.10163312,136.4285172,4.308633264,14.89648362
30.00891567,1.433217646,51.7624852,124.9654677,6.582116059,31.9681651
43.6788234,1.999219658,54.18018723,115.8459722,3.714046336,32.65433999
30.16156795,1.477186177,30.8075228,116.1134278,7.527582274,40.70987035
39.29590088,0.736735288,27.3013142,124.5101281,7.487616748,33.53947737
32.09693161,1.702115854,12.88116908,138.5524079,5.317404954,20.02261294
42.43830816,0.967572232,56.52458109,111.2727716,5.791845615,43.69073905
42.69403109,1.407695882,13.2911509,144.0871037,5.91931012,14.70301001
22.1854202,1.270156872,47.05677577,147.6620574,3.550810747,37.52315496
43.41233328,1.014820002,28.90541522,145.5526584,4.191928332,18.23587399
40.63837104,1.825307153,57.43903872,146.5210764,2.815646663,32.12032792
39.78276786,2.221302669,30.98010105,110.6135712,7.54922805,36.8066969
25.02278349,0.112510044,50.83041757,149.1116926,6.343096632,19.35832582
40.12798022,2.340679646,24.13274161,124.6542846,2.278137598,34.52443801
41.25331837,1.327636327,24.95443586,144.7712447,5.296324701,18.71111068
27.22875836,1.781756513,39.77597049,117.4723548,4.058442408,43.4078001
43.80650196,2.153498959,59.89913169,127.8610297,6.891727262,20.81951753
21.24650366,1.221048862,35.8786209,111.7665755,4.062800527,62.3823192
23.74773133,2.103937776,56.81543182,111.6030399,5.864900748,57.90971325
33.43952845,0.526287567,49.31249141,147.731044,2.994442001,22.58962229
34.39481178,0.482002083,49.79321571,142.4242645,5.352532938,15.93457347
36.12875208,1.677931285,31.79799946,131.1930418,3.763314395,22.98692738
20.42422823,2.188343213,29.32711251,131.0183269,2.989330534,48.8233209
44.00916937,2.241822826,19.5960904,139.9501847,5.715554882,14.46652089
21.11470232,1.6449771,58.19706335,123.6667513,5.8318472,42.43309041
23.57654882,1.361174153,57.96968062,140.474771,7.900122687,33.49503057
20.35036294,0.89534341,47.35338672,129.4003352,6.014636358,28.92980001
34.17146083,2.452000997,24.81262249,135.5166961,5.094259631,21.64750648
43.3066721,0.867269648,22.25897702,148.593178,7.475725059,27.60121389
36.64867915,1.886046657,59.43051212,128.8526223,6.969684912,25.96501823
40.56643671,1.37675632,13.32714076,126.7361864,5.292477671,16.03410321
20.33203009,1.560429622,52.17821461,146.229967,5.068094466,33.41204902
33.55038246,1.044353321,27.77290002,146.1032198,7.651815114,25.21888241
31.48907444,2.415575501,30.94348599,149.6967481,5.702762264,36.26782959
32.47419861,1.472037583,51.59888244,132.03452,6.282675015,22.44888274
21.80532963,2.350690313,14.5301508,123.7704616,2.520074253,55.99689816
37.11088403,0.118219399,27.70848393,119.6156025,6.309833727,35.17870322
32.58051037,1.4744094,57.60121386,111.3638543,3.588091053,54.19424583
39.12872125,1.821248535,44.95329564,139.069145,2.693227539,29.2387883
32.13226585,1.888192411,47.74695824,119.3390469,7.097996653,33.89149689
23.73454091,2.271944516,47.87526505,134.2656354,6.14714652,34.91778274
36.20642385,0.110563862,13.02850416,146.6636946,4.445385873,13.00899336
24.30965905,0.100792382,20.16037966,148.0085443,4.588500357,10.38079679
41.80986408,1.233432306,34.5631628,110.1764054,3.182706333,44.27262446
35.32790598,0.170304892,28.40751162,122.6830013,2.057305973,31.72309054
23.93009709,2.438878129,30.54561466,143.4951212,4.096154837,47.20727532
44.05845144,0.632956419,49.07236893,131.4578082,2.890486158,19.85024989
32.95913658,1.23439535,10.73396175,142.3003493,4.530360774,18.82596434
21.8224613,0.246730312,43.02459632,144.1329313,7.002950528,22.9720364
35.67082261,1.352916199,10.00551159,127.7050488,2.68852618,29.22480737
26.32997268,1.0118947,13.15292628,124.3593175,2.550521613,33.69863387
40.0923363,0.207184069,30.41430599,128.2173306,7.41261332,27.24336446
40.44555184,0.90429824,52.04742599,136.1118081,6.470837375,23.57322418
44.4736839,1.039446449,17.24978828,124.6863661,2.318419194,25.19639483
32.54673828,2.475811579,37.73107046,140.9995315,2.477422912,45.96464132
31.37392199,0.598926093,43.92526134,146.1597117,6.109545369,14.39281608
38.83689014,1.407471077,21.47664421,121.2924481,4.222065213,24.61059192
23.31176641,2.469557318,35.61651276,148.5995858,6.345039773,40.24389818
33.67288784,2.000846099,55.57036416,134.9090099,4.426724416,27.50060597
33.65619,2.484082002,35.61142627,145.1267508,7.806720124,33.93877614
22.23682807,2.423915955,17.86615309,114.1566574,6.166499674,50.53468727
30.44960214,1.274894901,41.39071483,120.0599655,2.279694589,49.36107339
41.33211996,1.77130204,39.610009,122.8407632,3.983010649,23.71723893
41.40384055,0.365063505,11.34773799,122.112886,5.381637117,21.29608615
22.48094162,1.15875718,14.52972029,116.8744463,2.851241829,52.25933326
22.26802207,2.041644501,17.83906776,144.7280379,2.0151218,55.58696038
26.56738693,1.31280477,16.81445388,126.7444857,2.475848794,36.8754359
41.86915156,1.786477679,22.97328853,148.5252085,5.145580866,22.85851749
23.22256463,1.889803192,32.70526616,133.3388947,5.793530545,29.95216316
37.99992007,0.708325939,28.58581489,115.5357854,2.557420254,42.06520651
22.52914049,2.201678495,54.53249457,131.8361884,5.990939143,41.2324253
35.57844634,1.203573834,40.60547047,149.7418059,5.702744944,23.77943814
28.90168248,0.604444249,53.8072175,132.6068675,7.639381892,31.318734
39.72284907,2.176998116,36.35196625,110.0747738,7.044052949,35.76611903
25.84226122,1.102765135,14.49352353,147.3231961,7.659451182,23.4879893
35.98004573,1.900749852,33.16437245,119.3957762,7.796645739,34.0914705
25.89206336,1.415279373,51.10162734,137.5411621,4.644851216,28.57293334
37.84150708,1.016492205,19.70518836,130.6032062,4.927464088,13.9274649
41.84195086,2.043703396,14.56071394,123.0173503,3.68973181,21.39867627
23.17004498,1.502727836,26.47173692,121.3055809,5.050594416,39.35893104
41.66489221,1.037349046,29.44489153,147.1503945,2.904288189,20.05738908
34.83938136,0.363034889,25.31288382,146.4770358,6.028585765,20.39503459
23.17776227,2.249068753,16.76203928,130.5253936,2.149595208,55.30540044
30.68854638,0.185127005,22.54199299,120.3398078,3.413766538,33.80816233
24.02150734,2.171649636,44.11412023,114.0936813,3.248430189,63.07581196
37.50869722,0.96390766,29.29642581,116.2630553,7.627334429,44.38797798
38.97170336,1.634413032,41.62747223,130.890069,2.86941051,29.22117979
22.64491301,2.313279337,36.815189,122.3131984,7.344652705,40.85432097
32.65349632,0.464095877,37.45264699,111.6827257,2.746149328,54.58122133
40.3656264,1.460681142,22.4274779,128.2066954,5.904187918,15.3939118
43.40407604,1.93463887,36.07715164,139.8475717,3.919315809,19.87247823
32.83794667,1.918201199,11.17973569,145.6678046,3.896014211,31.64523775
43.75698059,1.361516595,31.58718712,133.4113618,7.989626601,24.24760357
33.39222426,1.599374704,38.63114116,138.931685,3.356257147,29.63758173
29.85476236,1.918064786,19.09978107,124.5628188,3.215360408,39.09607076
41.20507821,2.118466331,22.82792531,129.8495272,5.536008495,16.67333766
32.32456776,1.928351433,20.97655099,139.1850743,6.444514382,20.66365442
31.79756276,0.949611864,13.52789776,139.1063291,7.895027141,26.41614925
32.25781224,2.492143363,27.39286606,126.9810506,6.208482645,27.78814994
41.16962505,1.142806465,58.94828832,131.7466937,5.371226398,21.62432721
40.79853854,0.158715287,27.69402032,146.9542136,4.454790307,14.62459295
30.08799981,0.970280684,33.02683109,135.2799042,5.570676854,22.00514384
28.3324965,0.406679091,42.65436255,135.702985,5.605009981,23.21573928
32.2982006,0.391462278,42.42488756,141.3848117,3.306268963,18.29899237
34.31931274,0.775684096,57.494749,114.6089159,6.027251369,46.83209726
25.95843027,0.228101186,52.87820702,130.9153717,3.226542744,26.66898562
39.84887712,1.752429252,49.69753436,148.3772695,4.93972894,23.95767227
32.16206914,0.277573322,57.58136129,124.4664157,3.559217076,28.40781921
28.35113871,0.587894933,21.53826927,121.7970459,3.876806142,31.92699986
22.67052482,0.322959315,40.85270973,134.0483186,5.68326212,22.81351966
25.97112901,0.251602554,54.35983834,118.844777,2.386910688,48.6622433
43.73202929,0.742603997,41.20690791,132.2378063,2.072208892,24.96196052
27.62749217,1.472557522,58.87102373,116.2260804,2.783720057,60.68563986
24.22148223,2.415245335,15.0176357,133.1917384,3.012241868,47.57996511
31.51681979,2.20133597,31.96652514,134.0951673,3.187237808,35.49083044
27.67719358,2.202241421,58.8681454,126.7360192,6.643586421,35.16472077
20.87898126,0.522560886,28.97840143,125.309857,4.681147802,32.82239795
28.07863043,0.735777264,46.97781875,119.8183311,4.819616803,34.43395126
33.6027156,0.28334396,11.52014505,123.2368923,5.866004977,27.87540585
33.7928093,1.968324016,44.74185573,129.9338387,6.37465261,25.23424582
28.91397303,0.267559124,56.73133663,119.906356,2.021050097,44.5883472
31.18256891,1.43606961,29.13531426,141.3133785,7.140352015,20.90397029
44.13794796,0.694901374,11.0649919,138.3614097,7.930609084,26.20927324
29.43371193,0.684269522,11.39549022,120.7722347,2.730844593,33.4451709
26.45567033,2.477740133,54.60116529,113.8974065,5.906483502,51.2310819
26.0866761,1.916271537,46.12580535,110.0072016,2.014482526,74.02287751
31.44411532,2.10865446,15.33431921,133.8687541,2.294176917,43.22971216
38.98800372,1.472758445,12.72951385,118.4545499,3.710006121,28.06035791
25.1497046,2.19043429,50.24126818,110.5032988,7.078424507,54.34598177
37.73240318,1.649177294,50.49303164,124.3634108,5.915005409,24.67739917
20.52874558,2.370816892,16.02609199,148.4799385,4.674925592,48.64789342
30.47332445,0.775212607,25.07602019,137.5977123,4.631590842,15.0701558
39.39662663,1.52876691,49.00130323,144.3105481,4.796321446,22.41296452
28.46832389,1.756315235,36.27060355,115.7895639,3.866198647,49.1818708
34.09342754,1.043049532,57.82924304,112.9315262,7.266287106,51.30781904
25.12448082,2.211299158,34.05313227,110.4611905,5.407214787,53.26616142
38.54988478,2.451527591,43.84789688,148.2264916,4.903699781,34.60202294
21.30697758,1.285046779,35.48916829,122.0081094,4.790459619,38.7997348
41.31356612,1.037537572,57.14827478,128.3801977,7.614958801,29.7841828
24.95490966,1.232651029,29.9329546,125.7809449,6.341971569,31.7806784
41.85995079,2.14656819,21.48982276,139.2182774,2.868887328,26.6464643
28.81323103,1.649124221,26.33169301,122.3985953,4.62182102,32.56036424
38.06708936,0.207453694,52.63876021,131.4181153,3.730233262,20.69828326
27.98063244,1.401207785,34.89692818,149.8232906,7.921211946,35.78774151
42.64779178,0.141520295,27.71261518,127.7625421,4.492374238,17.47312176
23.16592814,1.96848489,37.21300109,132.0508616,2.407220618,45.77131411
24.46299473,0.887949457,16.66148536,130.1011225,4.467272009,22.8050905
32.32575313,1.232817957,10.26796523,142.1274463,3.928101684,20.05606834
22.04846098,2.016827454,24.02923418,120.6735862,5.597495882,40.19515884
24.89950462,0.211477161,40.25028599,116.8175206,3.356469051,44.16934659
43.59415956,0.480499685,45.58403848,140.1637263,2.215841898,20.4405315
44.41224153,1.055104903,51.33054832,126.6247275,2.575282251,25.78726436
29.40648323,0.651820393,56.33317797,146.5490404,3.698885537,21.76357523
43.08215053,0.910963422,30.60561735,135.7663714,4.089935789,15.81299321
33.62061689,2.495619371,47.02583998,132.5737245,7.00670324,22.30347749
26.74356165,2.08099465,13.73364651,112.8182822,3.620418104,54.33231104
37.55996803,2.221364356,12.87649994,139.2164762,2.188958321,35.97703075
36.47254516,2.348931121,16.2398996,137.4416146,6.684400899,21.20565736
44.72813298,0.918246113,32.42845489,135.602877,7.213505421,16.92536635
26.62618219,0.812984699,20.56407192,120.7163809,4.953837424,32.87224864
36.80148757,0.661749982,24.3462471,147.8695729,3.709563385,17.19551611
21.30059388,2.092280587,42.39400868,122.8662051,6.632839281,44.96935947
22.84115097,1.730924469,27.92610894,116.0892383,2.05339044,65.5860032
20.09795937,0.666812758,37.86857789,149.4880462,7.544169375,24.54369039
44.98651703,1.00478519,30.62018784,139.8498512,7.193189869,17.02178888
40.05684243,1.316108233,18.44846278,126.5914753,5.26899926,15.89504705
39.66807537,1.367536137,13.70099951,147.4366572,3.665487127,22.98127495
32.74315188,2.232946549,21.81157477,113.644695,2.197069296,58.37851877
27.50167707,1.013358719,12.88502347,113.5064487,7.998942501,50.35718701
23.78160711,2.280457673,40.93059799,137.2980407,6.572442338,34.56772958
27.11686847,1.159282145,49.78588007,117.1188819,4.032259255,44.54161793
29.39928055,1.89129442,26.98703841,146.6855806,2.11563183,46.66869101
38.90775242,2.332610368,29.35555277,143.614367,5.835750371,26.4077718
33.49154472,2.27818169,50.80955314,122.254689,7.921424035,33.80499746
21.93709066,0.236686882,21.13064562,145.5535833,6.242436252,16.11364566
20.45072522,0.593690308,15.95801326,111.7155075,2.502286451,60.59090941
22.55830449,1.244573021,35.05590587,131.9455141,4.413670233,31.30123398
30.26246784,1.135730296,42.30950848,147.4225109,2.655100776,34.28039618
43.32982293,1.638139996,39.98272125,144.2153192,7.472963298,26.79708545
35.93506203,2.367301722,45.69365226,124.242933,3.982486826,36.23636431
40.0456475,0.369771307,12.83755911,117.3148174,6.400259176,29.26318737
31.65936486,1.184460796,31.41008064,118.4216235,2.508142148,45.08946026
29.04165208,0.561786491,21.9285262,130.5803151,2.770488175,25.83887186
22.71000932,2.245858236,47.95606298,133.8709178,6.076925972,37.40307673
41.89832555,2.414992446,53.6365242,111.3125727,7.06087969,36.08024628
39.57900073,1.248884037,24.06678704,126.5420624,3.208699738,23.18670514
24.20295244,0.349624715,14.76090395,143.2154846,4.510023476,13.90990029
32.8065141,1.9847072,22.6713981,127.773158,5.716502208,25.28514917
32.1843702,1.773139241,15.20042445,116.7670156,6.777658036,35.55026144
35.62728882,0.951209984,26.12110831,148.1944117,5.769179662,20.02554214
43.65467235,2.229777938,36.90992892,120.6510216,2.572555524,31.23323148
34.49428604,2.441996535,58.68404772,141.9371306,5.25691597,32.91477005
33.50543167,1.438849238,29.96851272,117.7517667,7.307640089,35.60801715
21.25807332,1.457746987,21.00199619,126.9269092,7.208142326,35.71232573
21.5726869,0.814032412,18.34008702,129.6169016,5.510093647,21.24777803
24.68366978,1.502814486,18.65198831,130.0254118,7.974177241,31.68721226
20.81176929,1.155141569,19.62988416,130.6589547,2.630742334,38.74346229
38.58382239,0.825258465,48.11335113,118.9979016,4.871572144,30.89186867
38.0832576,0.261244472,13.05138557,130.6366209,6.650741836,20.92501936
23.40140586,0.706498863,59.87013535,129.2685102,2.846228709,38.9188371
40.90197252,0.574851159,36.13431956,118.3487799,7.836498569,42.01072095
23.86965087,1.400900763,37.21359472,149.5276624,4.124279271,36.36274199
27.52938967,1.544008052,27.87819393,144.6225357,4.100838524,31.12830417
26.22442248,1.560572138,44.51276797,145.503054,3.279165807,35.86397825
29.30767746,1.031634403,33.57281704,137.422842,3.728104784,20.89399677
26.36659415,1.110951361,26.45306425,116.3958812,5.4655334,40.87135187
32.22377316,2.102172231,23.25692019,132.7236826,4.576125734,23.23863889
30.18519703,1.242958752,56.28256035,142.8575853,3.16026907,25.78350179
44.66423727,2.470655997,24.54947575,111.5494595,6.854839642,25.54307243
21.39815875,1.155081352,31.81966297,129.8337241,2.373435843,45.5663224
23.55453441,1.658994267,27.51707011,125.8449152,7.007916467,31.9971625
21.32064735,0.220871198,14.30894137,118.4849892,3.649632348,39.67292779
35.64602987,1.668015819,19.29671972,125.1300002,4.975419999,23.45884211
21.36273194,2.143423347,19.47509877,149.3399004,4.286387232,44.21941139
40.91099343,2.361898812,44.68247572,138.9297331,5.42361268,21.29946594
32.79846577,2.493569468,30.3292705,121.9814832,6.775939971,32.09755696
33.17519061,0.77722875,49.09837815,134.2142021,7.935918761,30.07243054
34.03986269,1.480888156,45.44754622,119.8662496,3.836354874,35.5073752
24.27034266,1.181723165,19.60248832,134.4337564,5.322826474,23.67533688
24.94225758,1.453161953,38.14584601,145.8466676,4.796045293,27.27608211
27.97043307,0.477887097,47.1454423,132.275072,7.993568956,29.50622734
34.8374104,2.154758974,41.65214617,139.333599,6.853481783,22.40382279
25.2529444,2.282965464,40.0008254,128.1335599,4.382503151,41.09918452
22.90829318,1.179187991,46.98054437,130.9649567,4.861274334,29.47570258
44.25292216,0.773031668,12.83903696,137.8030032,3.475739567,13.70569598
20.54954537,0.438000226,46.57109737,142.4962002,6.531483918,21.23025471
40.06743513,1.741035579,23.63276316,136.3780555,7.071270718,15.51989816
39.70087874,0.849356415,38.59361273,149.0996798,7.789920942,29.88293846
27.43035285,2.282892568,22.11524973,142.7929035,5.394973381,33.75315286
23.3906654,1.71042994,51.94087861,141.0864082,6.024098013,31.17600854
23.64071617,1.64964478,34.02796772,143.8040632,4.67635299,33.753566
37.43579043,1.442565078,42.1470606,121.2484374,5.654771062,26.59910853
36.07016478,0.209863215,49.70410217,127.2818862,4.092494181,25.73987811
39.56864186,2.336613846,54.76576275,132.5785167,6.426134699,18.81591704
43.43702931,1.607049984,46.60310485,128.4954527,2.136202195,28.7865519
37.29818408,2.48574876,17.43842881,143.8983127,2.170741098,42.65457483
23.89628841,1.389655371,52.72661848,111.0827407,6.296725341,54.44677909
26.08606542,1.804266141,40.92889579,118.3670167,7.584096819,45.38256464
41.05484327,0.234902939,40.47248792,145.2682616,5.793493607,17.3484453
25.2326519,1.616166824,56.06702799,112.3640055,6.359169794,52.4257486
21.81305792,1.935159068,22.44157778,119.0795321,6.943605747,44.61710431
37.58200135,1.968434308,21.97938092,124.0500132,4.170045587,24.65542517
30.06315889,1.948267965,35.65967773,140.0296224,2.648681945,41.53772695
43.00100131,0.643078306,47.54315333,132.4072278,7.598553724,24.72999067
36.25637678,2.440956346,32.36203541,148.1841881,7.63142339,32.30609324
22.26047444,2.488437089,41.69456949,119.1150006,4.651043333,56.48078705
43.69641418,0.2814301,32.62623621,144.8848162,3.303017942,17.41291109
26.46393159,2.347471415,40.51935902,121.3165396,7.354126297,37.06564544
28.43031226,0.794678066,51.11311513,119.8199304,6.250560183,38.86791257
30.05651034,1.754281796,19.0238348,129.9350079,2.049370103,38.31044056
21.28060741,0.91146621,44.7689267,112.8481802,2.646318209,66.71941935
32.41288556,2.422610376,49.37128697,125.3722805,7.899197857,28.40144222
23.08296228,0.34360926,32.35557037,124.2270387,2.228769073,39.12262305
30.02425817,1.294592361,26.16167885,116.4040622,3.695330062,42.08633299
28.7677447,1.127314701,10.6772162,144.4317938,5.290978068,16.00267492
39.32100209,0.882456285,49.85525112,125.4355857,3.106133697,26.97836175
40.07926279,1.649281578,26.39693295,149.2768072,3.392324518,29.58684238
23.83532206,0.414533784,27.86547347,145.988318,4.117804919,13.51944359
29.16377968,1.819989804,26.80030815,117.792428,3.61732561,40.57728401
29.33382903,2.453421097,34.93696654,130.2048869,6.820137368,29.46739512
23.7852611,2.030940915,45.12497866,134.0721655,5.00164684,33.54742499
39.96133763,2.164040207,48.59315655,142.7584201,3.671720885,29.22403258
37.68070821,0.963128184,29.62853602,145.42571,3.878576201,19.30245204
24.75954466,0.879727856,43.15510175,134.9607208,2.239189758,32.85994232
29.16804771,1.340916051,46.03421251,111.4053681,2.296352457,63.03926899
22.64512562,0.209743875,24.84586658,129.251058,6.307445398,24.10741741
35.70516493,2.368859523,14.83107348,145.3921414,2.677465022,41.72285524
23.03429811,0.445084415,54.73328603,138.5635841,4.854780648,18.65503422
44.64835422,2.267231294,43.85579859,144.8056777,7.054193857,23.27570679
39.51705187,0.300597333,42.40552044,136.9631916,4.210721034,17.26234394
29.75596374,2.074299826,12.94512576,111.7614004,4.074513362,45.2731594
34.46409831,0.464710062,50.89365288,148.7202662,7.238289655,27.85316929
42.78354541,0.191515874,38.3027078,146.7207416,7.18910238,26.49372116
33.85248201,1.826774681,52.39422087,115.0631816,7.280820809,36.75226047
24.36246216,0.77263672,58.72805919,114.5076467,5.431483761,49.56267813
29.46758389,1.814790767,57.85501604,131.56314,7.713825641,33.21652217
41.07862163,1.432204601,52.80446732,140.2820334,6.913783687,22.57065362
36.1053254,0.361137737,10.54736869,125.2869285,4.493806562,19.01190161
36.26810961,2.337112176,54.28636041,115.4552865,5.777330852,36.54785522
41.67053714,1.185554019,13.75311569,130.422244,2.730734497,21.22539086
42.34932644,1.862673467,52.55969851,123.5026454,5.307993116,23.42670762
42.99481429,1.302449373,24.00870343,124.0708782,3.578894501,19.05081841
22.37122983,1.55046754,40.50341693,135.7994215,3.701283359,32.37573534
33.60315005,0.826656622,11.90341156,145.424324,2.754309398,22.13715704
38.51273803,0.58086473,48.55908481,132.3436692,4.149195341,17.21535627
38.92317113,1.402168488,15.58530611,137.5041004,4.888341982,13.45989581
35.16790505,1.156525535,30.53440858,136.3978797,5.602126647,18.18651689
24.16968338,1.036271712,50.87230012,132.0458477,3.829216018,33.02922125
39.93551385,1.714161268,44.76744983,122.4303258,6.753489406,28.42804239
38.00278334,1.757215917,10.30213484,125.1117674,5.12575977,18.62078503
22.15339429,0.210208135,30.15161673,122.6281519,5.828312654,31.31157569
31.59524562,0.912986786,12.09637585,146.6999239,3.668861654,17.18361048
24.34943499,1.088234921,43.67499304,143.0647468,6.884815274,29.85321296
28.43692614,0.332541187,58.44742459,133.1738949,5.745646703,22.80864827
20.45202731,0.66616208,42.76306312,146.4897388,7.174092497,26.25905275
30.00824671,0.223940313,21.21862156,145.4563477,2.959709474,16.67106497
33.74692303,2.490981037,27.7616516,147.107776,4.283979602,36.47461377
35.48956482,1.867737287,58.83252778,118.8709543,2.678097104,44.14890092
36.58725863,0.309880376,21.2026206,138.7001215,3.293163865,11.57751661
40.90728283,0.148598511,38.07645365,134.36898,4.367285027,18.31297788
25.38657268,1.82629072,30.02269043,139.3532255,7.367491446,28.7834694
23.01204556,1.154061198,48.4157649,120.5351746,5.342244014,43.07083141
41.2884293,1.988312102,53.3694636,137.7923629,3.982269984,23.23201237
23.91532037,2.316342491,27.04186372,126.3931406,6.481394977,34.4167942
44.36900203,1.538320934,43.01981818,143.3636719,2.118096237,27.30725094
41.06345573,0.549060215,37.45238488,141.814629,4.220553267,14.92864354
32.52191515,1.977265687,23.9222245,118.4543044,5.60499018,29.60625467
44.53553562,2.393948184,23.59704014,117.3542111,5.499423823,20.14575152
22.43441823,1.492555089,36.93158238,138.7092689,5.645347295,27.81182324
27.57664403,1.736793873,17.70014368,132.0189958,3.269004589,35.53474064
35.95561038,0.909939268,50.54049482,132.2882364,4.022474918,19.18267445
28.75017171,1.015666467,13.45024196,140.1006129,7.589392713,24.46318053
43.2093138,1.863170795,14.72872431,144.1988317,7.843853188,20.70122614
21.6406522,2.326650636,27.11131545,119.558556,3.872230108,53.96090644
33.7352958,1.609572129,15.90458791,132.2215819,5.86702222,16.29207251
34.77165668,1.99563498,33.78500106,143.1581884,3.447780675,32.50927775
36.31820309,0.511924042,29.98379452,144.9117668,4.211172002,10.8189918
26.39165558,0.608701817,46.09048979,121.4963755,6.754008181,36.33052102
29.11416069,1.376883248,57.65020776,114.1661543,5.00707238,47.86757077
41.09201324,0.523730061,47.67792924,119.3129302,7.097539759,42.22990768
24.87356922,1.623988169,18.97243314,147.8199806,5.772441474,23.92075742
40.67169618,0.799967645,56.77606427,128.4991885,5.773527111,23.24018993
34.06638557,1.999678285,29.60667163,126.7429516,2.203280169,39.06871738
39.05468778,2.039464832,33.70946805,110.5233739,6.498022155,34.35406046
37.84018416,1.213089894,31.07881187,112.0405873,7.867199168,45.24299943
25.18778738,0.533945524,24.02735116,136.7478372,4.838171362,16.09145522
34.22031841,1.652259907,54.75221439,133.5930827,2.95148009,33.77664626
41.69307882,2.482688844,26.61194329,133.0211319,7.861866028,19.69256404
30.80290592,1.594218155,38.92982348,114.412915,3.740755249,44.09690912
44.16476926,0.185859258,22.00167922,124.0824468,4.455187734,17.69338869
31.3053775,0.141505542,49.86876874,142.4943255,2.464198485,22.43650838
23.56964092,0.868868729,48.70993298,116.996449,2.665021194,53.3407423
29.735867,0.569881136,24.81560692,145.30749,3.299394023,22.46872656
43.79256016,2.051322897,44.07770366,114.859132,5.290796391,27.05351228
27.99302123,2.127533601,45.19367665,116.7659732,5.346735211,45.85246552
41.702454,0.720685051,38.12557081,129.1099984,5.637462937,20.53868324
42.03126704,0.881547465,40.02991911,147.8119962,5.502901742,22.12599122
28.75466311,0.666992723,38.72273191,123.1819071,4.971421899,31.07827224
22.08144145,2.280118114,14.0932202,136.3287197,6.812591928,32.41510814
38.11394773,1.306358403,43.51326724,133.5468502,7.603398184,20.52864305
27.78780748,1.674728906,33.48875049,115.9849055,3.618568,47.25767827
39.57309036,1.097157008,31.92286403,119.9266761,2.781162094,30.98736824
31.06637121,1.614434064,52.99996094,147.2061109,4.550523763,34.31958853
32.13166856,1.026052904,11.16133567,117.3931849,2.158534251,41.06711219
39.44773517,0.915228251,22.5657459,137.8003956,7.299913242,19.72804529
29.55908328,1.622752176,16.07017499,148.5877793,3.438237561,34.29129289
31.07818363,1.518548987,11.76705223,114.7802397,5.295779778,37.63619249
29.40476172,0.80446709,23.78384988,125.9672796,2.690569939,31.7543947
29.18351288,0.458436281,59.42381364,118.9572858,5.319544035,42.00051276
33.14866442,0.984584065,23.51145866,118.8624607,2.233960717,41.63325516
40.21998611,1.096474334,43.18529099,114.7594338,6.612840174,37.24147926
29.0442078,1.6088424,15.9149445,135.9820474,7.732528776,22.16613457
33.10636801,2.294869033,40.0923815,139.8537404,3.84185639,35.04893458
36.76818314,0.186843514,59.22407416,137.0717564,3.549287663,18.10626669
26.73598616,0.68478643,24.59187617,146.9862583,4.68796983,17.86317139
26.93807012,0.564918261,52.40378082,115.8271523,5.719841962,47.9081668
43.33532818,1.305506581,59.87856902,122.7938149,3.133774772,28.41930866
38.08836433,1.131281937,39.42770444,123.7829124,6.819847984,26.57655588
34.42966691,1.849690297,25.47005502,119.2832842,3.19120888,36.71675471
36.19300136,0.68179819,43.67656299,115.6881978,2.03284532,46.72852991
20.73248608,1.526796078,52.24241031,129.468139,5.145503502,33.68829155
35.45257414,2.221257433,18.56751215,143.3775851,2.690898267,40.43949743
32.73772183,2.285626576,32.62578819,148.181589,6.189432352,31.95903155
33.64374199,2.401083051,25.95938551,115.1736253,3.004819975,49.10401491
28.98559567,1.955826765,24.16794985,142.9262891,6.904282373,25.26948211
22.03684744,2.274370975,53.04106304,142.9832449,4.822208797,44.91778397
24.83348084,0.662874093,31.08270034,125.5591249,5.397667428,28.21340472
43.76861783,0.574194266,26.95381709,114.401185,3.119510992,36.32173916
30.21748906,0.115571401,40.17552707,149.6003203,2.880128465,20.26460223
31.6670789,1.796426458,20.97007898,136.2237212,5.787754799,22.05428577
21.31774475,2.349921251,21.49467453,149.2878278,3.532763692,52.88207326
20.93915574,0.548644828,36.01443654,129.3462206,4.31555341,26.39631074
37.92953618,1.628664581,30.46363643,125.80772,4.876694924,22.64587307
33.4523666,1.891503422,24.7491192,119.887419,3.377801633,34.4645035
32.71764961,2.326274164,12.69755661,149.3428801,6.772542863,29.23000716
26.07811326,1.652464538,36.03871193,120.1302908,7.636546453,40.63389471
38.61876829,2.428704959,50.83046028,110.9505102,4.591358972,37.51412311
24.20591448,0.927215538,52.56886026,130.4987365,7.505290307,28.89863406
24.74836859,0.939828481,21.77199899,125.0820197,7.296096904,35.09894571
31.51780428,1.403230024,39.9820602,120.4553001,2.996283372,43.49457775
27.15699655,1.020404515,52.79406547,135.3843247,3.040291675,29.87515732
26.18657453,0.103421748,30.43629641,124.5707446,4.864430369,29.10008236
36.13094111,1.85625286,56.60684087,126.0900355,5.155143075,29.12813266
36.27429363,1.9041209,55.14892646,110.9218242,4.046778354,48.71716237
40.61292674,1.892739051,20.40669487,133.5628371,3.877525879,18.3528536
30.44271417,0.9280496,22.94824165,114.8828412,4.588203739,41.52089825
21.82712728,1.353494736,19.02209993,118.5521944,6.142875688,41.49202548
26.84165962,0.963936444,19.80271757,138.6847128,2.506361798,29.06070732
44.50013658,0.13848736,55.39310436,122.529709,6.263492021,30.97244344
34.90646438,1.449877459,56.55689546,116.5284079,7.55744157,46.56510323
37.74342712,0.397025599,12.59486206,133.0969659,6.581040253,22.65798454
20.18394574,0.292099178,39.68016778,118.5961798,3.150061138,41.88498635
32.9551433,1.913197765,38.21157814,120.8391286,2.524887133,45.36389702
20.93821644,0.122814886,29.52738234,134.8535724,4.942282454,21.09475754
34.2307553,2.401620265,41.58487964,139.5944713,7.738436535,31.38529372
43.01927124,1.336612874,57.36839128,139.5863874,6.914355724,24.95112153
44.21047826,2.459239434,18.51274414,129.2897365,5.376401834,9.730302492
33.51381688,0.239194174,16.02054549,128.1718764,2.857888541,23.36981986
31.45512013,1.500470917,11.66952854,141.5058074,6.283020693,19.82027481
43.62542736,0.938384886,28.19166539,117.721389,6.877989432,33.58834882
36.8402458,2.124357983,26.88142385,116.0880979,7.610414819,31.32354013
21.62248199,0.966934565,31.54098441,136.5878026,5.672697405,20.49944187
31.64313944,0.72517019,35.16550154,126.3802774,5.086794888,24.24598691
26.00612546,2.158127505,47.8911997,138.3999384,5.715092261,32.61229003
31.74510804,0.99916742,29.60566952,120.2640089,7.659515028,37.11183945
31.3866393,0.140399968,26.53065547,122.9948752,5.768762517,27.83640291
34.55362007,1.036693842,51.34394101,145.867106,3.545551096,25.53793779
28.91926226,1.670853446,52.48983353,126.8662611,5.816908448,29.61666702
24.10676124,0.710462893,21.63829821,133.6381388,7.278467437,23.63415112
32.59298586,1.136770222,25.73359114,114.2672878,5.402012172,36.44191146
40.75507211,0.236116332,51.25581855,117.1531669,5.016192968,38.52689688
36.6003057,1.5114227,13.97041221,111.4355092,6.400215497,39.23165415
28.45919665,1.915107817,26.29233902,126.9748325,5.965932171,25.52553122
43.38807557,1.091950147,32.41750535,149.5568002,2.340125594,30.83719965
42.80518928,1.108558319,19.35358076,144.9549261,6.351866845,15.8673743
25.23370998,0.311877997,18.99570983,135.3163566,4.445296581,18.11961441
20.98543963,0.584658075,31.2431029,144.4438597,7.64538968,24.79133603
38.53271771,0.471220728,47.72608624,133.7667743,7.824817931,32.16371178
40.69025653,1.256050645,52.01164898,124.7507552,4.692432909,24.1521338
44.19661415,1.370213298,58.96175463,116.941856,7.81276908,39.67669458
42.24590985,2.377456315,13.6992025,136.1219497,3.86492309,21.24818061
35.01336921,0.27575561,20.83411006,117.7220511,6.095866529,39.73356633
33.25130848,1.539683136,47.83149212,126.6971367,2.450328267,40.26071799
20.69602628,1.363596466,37.0299353,143.0320737,2.869936091,39.5216198
26.16641117,1.338959435,26.3839887,115.1691721,7.187155414,42.42424914
31.49036879,2.19558229,20.27948306,115.1608568,7.362704236,33.16289278
35.7125975,0.59329233,24.02387758,118.9760966,5.195667152,30.3461093
33.93129583,0.197855858,31.46444752,132.0766923,4.038640562,16.268457
38.56589974,1.713451618,18.85756098,120.0689391,4.706143591,23.15788984
26.99417327,0.928377914,58.21129779,130.1279175,7.217746935,31.15891521
34.12381519,0.142215799,15.37942223,122.0793044,3.265960536,28.86929446
22.20355608,0.703297617,59.27887172,130.2496882,3.769221388,30.59919828
30.34163809,0.842384258,52.0946643,121.105258,6.712657606,38.74528948
38.75402082,1.580412104,31.15758088,149.200495,7.611616675,29.81317787
37.33502134,0.514205906,46.99081672,129.708716,2.55756404,26.01380325
44.76606843,1.091330435,43.57576218,139.7457374,6.822633808,24.15627548
26.94727815,1.257941067,20.6643459,138.0218624,5.870409842,20.83174654
32.45473248,1.202169739,26.95350431,129.622375,3.384629267,25.54969226
28.23826034,2.43745784,35.65612814,119.5544825,6.53490318,38.89697221
31.01507785,0.209210171,41.89220899,130.4287311,6.36749639,27.93159035
41.42375325,2.382323647,37.14474907,137.2388649,2.852178869,30.3422824
37.10522688,1.496649314,33.64937305,128.3967708,5.013506344,21.53203949
42.06102978,2.009746516,32.15761367,113.2770043,6.549746497,30.49857512
25.08777771,1.132942283,34.91322496,110.7193292,3.149264761,60.78791926
41.83402795,1.189210915,31.71757599,123.1150723,4.776596134,20.32302904
21.49405685,2.210383598,37.06650388,116.008957,2.724446748,66.28004301
42.21498201,2.250242791,54.39926495,146.2476098,3.841009544,35.76494506
28.22684449,0.672853315,41.64146565,117.0333068,3.307669405,43.2050522
27.86469084,0.578180509,46.13104375,125.7713086,5.03042676,25.31718466
32.80221442,1.290964417,39.87415669,138.4831005,2.847292009,28.82510532
43.51725469,2.260664865,42.15088412,142.6168664,4.298904532,26.02994602
21.19453412,0.873652224,38.91749142,129.1085261,3.65097743,34.78613486
28.80577438,1.664835077,11.34332611,117.2454004,6.476293485,32.91088577
41.41429972,1.799564051,59.97991911,120.8358089,6.198018639,29.3580195
29.90136194,1.968819196,11.68046201,126.7587379,2.569583178,43.1704281
24.97892244,1.453418699,29.75740041,124.5837836,7.720903327,33.77420533
30.61985453,1.065892428,15.25578391,123.9469103,6.468097508,25.92586352
29.63881254,2.420838373,14.84642252,115.2741521,5.695752174,36.29808133
42.88540504,1.567193808,49.67634758,146.5324101,4.866208969,27.16683748
39.04835939,1.848556508,31.29628897,111.1902643,3.067534525,41.77849383
32.62788889,0.92795883,50.05693541,127.6000851,7.772095862,32.20977724
44.70926417,1.707878034,23.63932353,149.2128597,2.04715026,35.50441272
31.63193828,0.718714389,22.82313959,136.3889576,6.154886805,16.00079761
21.45594577,0.688232602,22.56156909,124.2164265,5.044665947,28.17482827
26.55685805,1.815333284,40.80728132,115.8439034,7.41549134,45.80235602
30.90176201,1.351347367,50.74996949,148.5549042,4.284183676,35.0901886
23.9225656,1.739863865,32.6130505,110.5594545,5.111866514,55.82762361
43.68912816,0.746652378,28.96244453,137.2555028,6.454036351,16.831973
39.17122245,1.536936019,58.67897771,145.2054989,2.28539926,33.80901801
26.70718001,1.165440759,15.8377018,111.0064196,2.326851446,61.72035203
34.77011334,1.532704688,34.3316341,139.0069946,3.270036493,28.13748123
38.03622893,0.798111357,30.42438766,149.9535105,2.878547501,23.37782317
43.53197322,1.817082313,14.90632983,135.5856987,2.03866081,26.36362496
42.04088373,2.034230479,23.4100181,126.5871579,5.737938933,14.65898082
32.87980565,0.723799537,11.42206063,144.9760288,6.775627805,14.07024841
39.36631549,0.821489344,53.84771445,132.1671699,7.742689858,30.401556
34.05361885,1.686770247,40.39247645,139.9776339,4.645401906,28.35554717
33.81759725,1.769404418,50.75092489,133.5111597,3.678323949,27.20876619
22.86854896,1.789839243,36.07772262,111.5316437,7.183414693,56.05938965
23.15344145,1.738476411,39.97549147,118.5257995,7.066373677,46.65139443
33.23834038,1.042738521,45.04272389,113.150543,5.749059266,44.24648362
26.72153862,1.047648819,55.40058137,114.2675105,3.638894232,49.83209378
20.52592256,0.711562297,14.58759439,110.6162197,7.451105569,59.09546161
38.0709801,0.47640088,26.54741974,126.8465992,3.07040802,25.59266947
20.81216492,1.762185711,45.45130954,117.1460653,2.261879022,66.1756185
34.88192103,0.323653086,57.91752815,144.2278608,6.779709708,24.76523907
33.47984485,2.350701488,59.04037142,140.0015015,5.381954363,29.4323768
44.22036726,2.084047129,41.90515046,132.9270798,3.478806903,20.99672584
32.10532848,2.158013776,19.67992389,129.5608538,6.025373974,24.16658074
21.59003591,2.276005155,15.96044557,120.2347456,6.600299143,41.32633387
33.7921992,1.08065193,57.30218221,128.9980586,7.067275708,28.03664551
41.02740427,2.132081736,31.69638447,135.649171,3.692756096,23.31659613
44.92123211,0.479347121,19.74080166,141.2891544,2.153524708,18.42705589
30.75857934,0.151940307,56.69462579,113.2672827,5.06023292,51.8083024
28.00746856,1.983739347,15.22621358,138.3385875,7.136471589,24.75348536
42.66633242,0.279511955,46.47855484,139.7091951,3.246928024,15.87137112
24.78105323,2.472459202,41.26315138,132.358888,4.526752839,44.70708618
35.38572288,1.719511431,14.38673322,118.5727678,3.538524411,33.15743026
30.1428606,1.908279305,26.93743978,131.5673835,2.080175909,41.91564112
21.02705912,0.689929255,17.49653448,130.1081953,7.391144579,23.92984491
28.68221186,1.717276945,40.22492963,129.0284039,2.81031936,37.38207633
26.63071306,0.203727849,33.85565158,128.4255966,6.600602695,25.07606236
37.15227885,2.110781728,10.21375623,114.4330227,4.079619391,34.73646233
43.71976244,0.507097823,58.78552831,117.3156994,3.666091453,34.81759969
26.70117968,1.77365936,27.47923249,113.8932835,7.646173319,47.63519966
40.28664848,0.638753203,22.91021964,119.6991131,5.94319692,25.68719872
21.38399542,0.264287607,21.12214779,120.5390713,6.121535972,38.11541141
33.45302525,1.255584829,17.94079481,119.8030345,6.557917511,28.51878517
21.76375159,0.506286905,59.95685381,118.4371627,4.045600016,46.59830643
43.35082478,1.850665572,24.75547339,139.4168818,5.381986884,14.05254228
39.15878201,0.670158024,30.27567486,142.742616,3.621340064,15.89453884
36.44874778,0.921934135,53.56779581,123.0843687,7.007249093,31.33376051
40.59740954,1.461854203,42.09437518,122.2051557,5.595844276,24.65451758
36.18799489,0.783923866,28.43472059,143.761294,3.460440956,16.7564477
44.22360993,1.007171479,54.9164218,134.9569561,7.398550438,25.76186263
37.8489487,2.05749225,47.48621011,121.737533,5.485040003,26.79116281
43.11646524,0.530103639,21.39502538,138.5444917,4.97018302,13.74057257
32.9282973,0.297283815,42.18694973,123.7837124,2.206925519,36.10957422
22.92661032,0.888058684,56.11992491,133.4622246,7.458812031,30.28985415
33.20444304,1.118504241,34.82304392,149.7053612,7.713643496,31.10991015
23.1718207,1.402382277,46.68062014,122.063775,5.375591767,37.8741144
34.81233698,0.993816871,58.5551872,147.22104,4.655080122,27.44541613
32.06232651,1.995788081,44.52070704,122.8260966,4.157390396,34.48329112
35.56438495,0.19436677,15.12193449,131.6114682,3.608287895,15.24790377
20.25117453,1.136242092,22.22797755,128.3993516,5.447176027,27.49952541
24.87101229,1.017414195,39.75482187,141.3263825,2.768570318,29.75431125
32.2832608,1.654188378,23.77779077,112.443708,7.515041649,48.68879272
43.76258904,2.419063005,57.87708527,135.0848922,3.055752428,30.1029501
29.59022601,1.324900976,30.2676017,140.4266778,6.473079574,22.24500983
30.60930065,2.468504433,32.86152029,128.8857941,3.841326634,35.69329755
37.86740223,0.825398548,45.08010467,114.2117043,3.356426466,44.55492094
35.09481893,0.174083518,36.21248657,119.7922005,5.347215076,32.23993532
27.47315375,0.497591602,29.10729834,137.1868948,6.590749887,19.71554015
30.27040989,1.048299723,13.83189376,145.8174954,6.360420014,23.6539555
25.44249497,0.859201382,39.82227948,126.8643443,3.402538105,30.77213575
44.15053648,0.332929914,53.37900154,132.4164814,3.983014102,19.89424183
23.26585954,1.138384258,44.28812209,119.1354015,7.212993098,44.25149686
29.29591961,0.911477852,29.0747505,126.4885326,6.339462467,27.21308585
20.64597431,0.394286129,16.38630323,123.4715923,6.276163432,29.93975992
25.5444873,0.810681113,50.81690935,136.2210219,3.613430458,25.36897247
39.51177846,2.227446533,57.08741811,149.3879581,6.752025846,34.52868156
25.02938081,0.824917277,29.41364954,142.5321381,4.150506773,20.06014108
22.00158506,1.813493016,46.43210946,117.6865834,4.408343121,46.42758686
31.8613295,1.568912991,30.53817199,133.1071437,3.725366534,24.66517654
20.24923087,1.12523479,35.11334694,112.6564686,2.728341482,64.19245815
22.11915386,0.673661528,51.82381903,119.8766195,4.522361378,39.51192983
40.19064674,0.985635278,14.17121711,116.888707,2.101637012,37.21513889
39.28683362,1.521057312,36.51676744,123.4218215,4.735461437,21.84124228
42.87847051,0.941807715,20.73101373,137.1525588,6.350038629,15.09304366
41.3628859,0.615751441,26.99029727,129.9757327,7.764470197,31.91211032
37.07938908,0.379510597,42.22144123,147.3163704,2.471678867,25.11384969
21.30832143,2.211440651,11.36142062,118.5099536,3.687744225,53.76771477
39.57121545,1.156751142,39.69125495,124.5683659,4.96478631,26.28239942
41.13777027,1.600499972,24.17211197,123.1941031,3.022327692,25.65514082
39.97705364,1.276984867,43.47421804,119.438545,2.700971132,34.94313204
32.71197588,2.194159644,17.0790676,149.7268308,4.713908633,31.91383976
25.82254597,1.412643646,46.79058019,125.4890218,5.484383173,35.30745321
41.13324939,1.253875403,42.28198599,147.6203592,6.921246359,29.65205568
38.17907024,2.319042377,58.56209164,125.618939,7.986820531,31.33918383
44.51902936,1.827255031,55.56176816,118.1636671,6.64562468,30.19104915
23.89231494,0.367719778,24.16514316,114.7682532,3.328042712,42.62147889
25.64161458,0.526490707,11.36582864,144.2225277,6.487868413,20.55723997
25.29495375,1.989094871,42.76842806,111.2839056,5.222921746,55.02508852
39.81349419,2.106043171,40.14436945,148.5757835,4.704857454,34.87919039
24.67268241,1.40845799,11.37143844,126.7276485,7.614370963,33.31521035
21.66649575,1.430692547,16.13387646,119.894974,6.212555522,39.35903988
44.96402016,1.616639111,39.23508523,134.6978453,6.090158441,14.80851314
20.62043029,1.153877858,55.5913632,115.3165197,2.070535788,67.97074388
40.8811015,1.732477896,55.32501383,112.8858229,7.190428948,36.06722988
29.13417104,0.360355018,17.57425273,143.1113341,6.759802864,18.87970624
41.04038649,2.407070182,29.22869732,126.986831,3.793651268,18.24495619
33.86551228,1.900371577,12.16014322,130.7301965,3.752680475,24.04303388
42.54078074,1.61481809,33.46359232,117.0678404,2.32087076,39.64135824
43.15482466,0.859172937,47.65417298,112.4569698,2.305138542,47.42573877
20.22745453,0.48629317,49.49863557,124.7110453,6.011567081,30.81058374
21.8853044,1.082423113,34.94947333,130.2458501,3.117425677,32.40010253
26.25896824,1.687784177,14.79348374,140.6172249,7.541287099,24.82218433
36.73288541,1.620903384,29.06819876,130.04208,7.054426568,21.8463049
42.20680491,1.018338772,56.605098,141.3002807,4.09331096,21.74365243
31.49854878,1.571887345,21.48062783,114.6173112,4.280411311,41.84749235
35.17432791,2.052995909,25.9877225,112.5585109,3.963659365,40.10103052
24.71249632,0.163083454,47.34135877,116.3544386,2.554369479,51.90899822
40.12417085,1.181490515,46.67903944,140.8804851,2.188580946,29.64037719
44.18320278,1.920532548,55.6101144,140.3732092,4.71279895,21.95143457
26.71497332,1.410746729,29.40593454,115.6547122,7.658240687,50.84048347
32.37064879,1.663542611,35.72993619,111.2395463,7.503495925,50.00192829
22.15290276,1.340023342,33.36962306,137.4112774,6.859032447,28.55179705
33.97841641,2.480498907,56.38760855,144.2112713,5.771569565,37.91294934
32.56958605,0.231091688,48.46652944,140.1643078,7.13733444,25.7691005
23.6109121,1.278507572,51.57208899,118.1119592,5.090411106,43.61505286
31.05165533,0.319399718,16.65491344,133.3507159,3.080960798,20.61156403
28.3526163,0.483485349,49.59233464,140.2946288,6.105022087,19.66210416
33.04577188,1.019292041,31.6489383,120.2331482,7.523876211,34.44756005
34.64135839,0.47329622,11.16693414,131.1088321,2.117630584,20.87894261
20.21238947,2.412849198,13.00441764,122.5784162,3.508664313,55.84131305
39.02514957,2.372295464,43.89539699,119.0230167,3.592629148,35.54105171
37.8253573,0.906663151,28.60062206,148.7835731,2.594237232,28.02495902
29.15715966,1.635394509,53.40577866,146.5032784,3.352965328,39.16552163
21.32339839,1.381007969,46.71365669,127.8267092,4.303892467,37.16179133
38.87331349,2.057408753,11.08400058,115.4711224,7.639012549,30.8727489
43.87937901,1.605869464,44.34441559,139.1162921,7.161594615,22.23318593
26.0037899,0.100605891,19.61762364,120.2280452,7.676037346,40.61501495
28.08811534,1.931618525,31.12912844,116.7407122,2.72343066,50.70972839
24.59532224,1.892435491,41.23676011,125.2611607,2.16829077,53.15744634
34.42340308,1.323334493,53.63589206,131.1939924,2.659298986,33.34008138
23.87103487,2.267005536,32.80489442,113.8976132,7.485773809,49.21689496
28.90484859,2.280270894,50.42452271,132.8698589,2.944931831,49.14273374
37.42532535,1.357388024,49.14828314,110.613935,5.435820239,45.81770118
34.00289958,1.559171755,30.72692564,145.6747624,3.365494219,29.49386943
29.66156411,2.491652973,35.04900817,146.8296676,2.12381255,57.47462868
30.50624005,0.817168564,45.0242505,139.3228309,2.507728053,29.69833535
34.05277207,0.879081382,11.55742173,128.6619763,6.258782138,16.86821713
20.1466182,0.538657366,54.54057069,120.1958508,3.094198712,47.74960123
21.96274671,2.250080654,48.49080797,139.7644836,3.374835233,48.94415137
42.03145169,1.886772136,22.47079407,147.2718881,4.263539005,23.93459619
21.94697473,0.353542837,59.05899766,116.3413482,5.943449361,49.7566261
37.67008991,2.456241643,18.96951763,128.6328796,4.816234358,18.9866349
43.0009541,1.8543081,55.70433369,122.6104654,7.667661296,24.57150695
26.76709011,2.141253063,26.22367292,124.2696716,4.605093144,34.37401542
29.26228593,0.215561894,48.15733551,126.2303113,3.194785521,31.35591336
34.22303515,1.311906205,32.81882966,148.0718538,5.216857036,24.40459903
42.04272424,1.776635888,46.82336937,120.3454867,4.705337691,24.47467474
43.54763968,1.403071803,17.7891524,129.7070336,6.722830031,19.73695642
38.4890812,1.699953918,23.47532292,148.0594989,7.610727383,30.34446768
22.16549402,2.062897753,14.99289122,129.0422756,7.017771368,33.82914191
36.72885389,0.998408951,53.25719907,144.5439809,4.33423835,20.83603506
30.25759305,2.136804821,24.81464939,112.350591,3.296696734,55.21609096
31.76752499,0.490998651,44.72381147,148.1212167,7.486933622,27.98143473
21.22870976,0.750126532,51.01105989,117.5012459,4.315637909,45.68634486
24.77655348,0.204029488,55.07091182,149.1974014,6.621239741,22.35853141
39.76284019,0.974624347,15.31485577,117.0230746,7.937164047,36.24978218
31.34897083,1.011782908,54.65074668,127.7746379,5.464656089,25.59883238
27.54155604,2.032649433,19.86263889,122.3445797,4.87928281,32.04914753
29.60047685,1.667513609,46.84510058,127.3292568,6.199224695,31.13882823
41.35998783,1.14813414,46.44245097,120.0209896,3.163585885,31.11594663
38.72497544,1.665073549,10.42515709,148.6126965,4.929438433,19.9353086
26.80788493,0.226680041,21.03119542,122.2289994,3.873984543,31.13394733
22.93754601,0.532651686,34.59542573,136.1309965,2.985367224,25.15298932
26.29995554,1.604674853,31.00173533,115.4978996,5.660819294,45.41937059
43.01891128,1.639280366,55.92867399,142.9754994,5.454236513,21.92806637
34.53972095,1.957923181,27.98704348,131.7003177,6.567221598,18.76535951
33.33700522,1.067199422,56.84918574,149.177845,7.237820745,29.92929249
34.90983999,1.834129832,32.97146592,126.9360887,3.322255916,28.05856085
29.15070664,1.741552798,58.21764483,117.817915,6.678215912,43.04084628
40.17767551,2.412144108,46.8677405,123.84076,4.204310965,28.89344475
33.08215623,0.616312543,51.46672958,139.4786242,5.772833611,16.96491558
22.91869757,1.424030953,15.24384442,136.3642608,7.101440166,24.39378581
23.22662812,1.544234661,39.30707166,141.1338963,3.537110692,37.5439283
33.42147866,2.496754924,17.13501799,112.9388117,5.605767704,34.49743967
43.41425545,0.582841941,24.8810501,133.214751,4.881913263,12.99412017
27.70880304,1.355723248,41.17827031,147.2867471,6.743463761,28.2368306
41.73852922,0.930844739,46.31128523,114.3160768,6.183447794,40.75211672
39.10238966,1.362143125,11.9591891,113.7734104,6.617791015,34.86376519
26.19531107,0.657108645,36.54718655,138.6641746,3.727658778,22.86235803
20.90851871,0.214269708,38.26569931,122.6072982,6.226137765,36.10353116
22.54618163,1.474157089,13.94139986,136.3431684,5.634835246,23.14597585
38.21234835,0.906050358,35.03440171,131.8153805,4.740082736,21.05171515
24.99174345,0.536659364,45.692114,149.4426663,4.270062142,20.87435855
29.28177301,0.877445359,12.66136424,145.5622567,3.989600185,13.00157184
32.54247915,0.218272483,48.01338882,137.1229113,2.058046168,21.1482271
38.13670421,2.381061362,38.82132525,120.466985,3.017351308,36.85689393
22.83078058,1.494754996,51.66136041,120.4763265,2.353869273,56.40590694
30.15916013,2.055444835,20.90312864,145.289752,7.090145256,27.70899476
32.12682273,1.115483674,51.66368421,133.4136426,7.160533222,26.922317
33.5206766,2.267955202,14.72804876,141.5712713,7.07716002,26.84693303
40.45901603,1.259963732,30.19148482,127.9945683,6.907518586,22.22076154
24.29195488,1.477468773,19.97423958,114.1229455,3.327982721,54.67612274
40.1957863,1.280305552,53.80104161,123.3074583,4.950717047,23.34972772
37.32196069,1.85986791,45.24599082,116.4459678,7.447062632,35.16592444
33.89677035,1.459974586,11.26808886,141.2733127,6.558690764,19.8003186
37.48819676,0.751837417,10.47616778,138.0204796,2.010921716,21.27047545
30.30044347,0.449294875,24.56246272,113.5365169,4.756559458,44.73105849
23.45993965,1.554698533,17.16415571,134.855416,2.064021196,43.7262291
36.64413101,1.274031908,41.51522388,144.9654203,3.683966282,24.92241025
33.11680767,0.330341672,43.18984669,137.8945718,4.614574647,20.08302184
35.98437001,1.049481918,57.09754518,130.4444765,7.357395756,27.49902444
28.44996953,1.335463413,57.60199623,122.4745314,5.926305705,33.78784289
42.67166443,2.084543761,42.94483527,145.48387,4.174907393,23.0328732
34.68424671,0.282642534,10.28375564,126.9121953,4.943929415,20.25247435
22.13506211,0.936388836,27.94989583,144.2157432,6.904336932,21.92393352
31.24509977,2.074374695,35.65707566,141.3199935,3.797933595,36.07151206
38.90890137,1.656217436,34.95898783,142.6490786,5.690208653,20.813192
39.85336404,0.795899972,40.16703148,149.5919008,3.573481303,22.2011284
32.36492632,2.128804293,58.02757414,139.9503406,4.879780623,29.47622294
42.36868927,1.283904593,54.2596346,111.3616374,2.147951021,51.72104855
26.69171093,1.296044539,15.44540167,118.2173574,7.113651917,37.7167753
30.26496743,2.443809614,23.29901957,111.407806,2.290092989,64.92431213
42.46492276,2.373079608,51.65547087,117.5965428,3.346162999,34.84750881
42.40641791,0.96047844,51.21534544,112.4575804,4.001071274,41.26742405
37.14281922,0.437389909,23.76853621,130.0646816,5.750966701,16.91757742
41.47451368,0.881600157,46.52940153,111.1282485,6.320200793,46.60725997
22.21933167,0.173159825,43.60186894,128.903164,2.482706254,33.43099044
41.62487441,0.149842928,33.67619825,145.9536363,2.260792915,19.78534842
28.01549766,1.049253127,20.07274763,139.9430405,6.79393932,21.5498334
24.45828781,2.358447574,54.43215904,147.7582369,6.272999203,44.49274069
25.98424591,2.191257619,43.89255922,119.065871,6.989302126,41.09106338
30.4492127,1.327462801,18.44964624,131.2434327,6.059229591,19.7660299
26.27980012,1.456543315,45.24011724,122.7431781,6.506073622,39.94392264
28.01418965,0.114240392,47.07168598,129.7527918,4.274230298,25.79779336
23.37446215,0.617202774,54.34401426,132.2830332,5.541105922,25.39147348
27.40441914,0.159457905,21.14196276,111.4474452,6.832354057,56.36529035
34.30709536,1.910894878,59.43770527,119.3302454,3.032705206,42.20960392
31.0463427,0.44954991,17.66967113,138.1909112,4.536937765,12.54071066
28.66796903,2.185713046,40.03444459,140.917121,6.442938611,28.01584911
38.66130322,1.643978353,42.85882526,132.7780547,5.195819431,20.1969311
42.33774928,0.650604824,30.94764476,120.8331611,6.089944718,28.50001409
38.91973057,0.478528761,33.75188544,126.2033647,3.757215175,24.40981331
28.30001755,1.606299282,54.54550484,113.8414725,2.194054708,62.85941258
38.6110542,2.262008753,42.26371148,148.1271847,2.174874679,49.22828617
23.79950456,1.824064525,34.85004791,144.7470988,7.656687059,34.8207534
23.2579497,0.936511964,16.41747812,112.6240939,7.667240264,58.32927139
28.64067593,1.509720629,10.36688126,116.6596266,3.26769404,46.4201882
40.19255923,0.845828069,16.24843091,133.2437776,2.884793948,20.409623
26.15870618,2.49795896,57.80922837,119.297203,2.108839003,69.96215015
21.58133522,1.897214052,48.20433915,147.3760279,3.387541138,46.06279803
23.29273838,1.574515935,58.35581638,140.2236232,4.006108647,36.67081995
41.46862421,1.115821943,11.78543549,120.9316605,3.447455802,27.96995825
35.84458212,1.583565497,44.01102019,110.2440564,6.784304842,47.87089343
26.33002908,0.91987855,12.21467632,141.9778956,6.496582996,16.45602159
33.88239563,0.169275615,49.10282344,126.9635884,2.486084868,30.17192767
33.18949056,1.048212454,29.04750864,135.6951085,6.183929649,16.95440515
36.38589946,2.333153967,14.78826801,121.478993,5.123510719,22.85716022
25.82968886,1.603122627,38.40233209,115.7149304,2.792996638,56.85634885
41.61007468,0.301493687,24.00600983,137.0124637,6.437212583,19.36268307
27.73421405,2.223984672,42.97869709,128.0129835,2.516273391,47.87603975
37.35329135,0.745299638,42.90873798,119.406788,3.062903995,33.88829166
20.40311616,0.685046783,45.25037371,115.50512,2.895358889,53.44673974
29.31642825,0.813018325,59.62325394,133.2191838,7.634200425,30.61794477
28.79274545,1.485285367,29.3348855,139.0219976,6.188936019,18.81254147
33.58711071,1.407251424,33.26577372,121.3554785,4.467715575,29.61871884
21.81840654,1.279393011,50.23058505,139.4057014,6.933224905,29.15467137
39.75328434,1.822088472,38.91850115,117.3248879,3.295756457,31.28216369
25.44452004,0.859690555,11.86286053,123.5366276,7.586559674,30.81753271
36.92594537,1.976954852,52.15392601,139.7952915,6.181983925,24.38600723
40.08030308,0.520772028,12.5749341,136.4057408,5.357483846,11.90972929
34.04692391,1.978289894,18.54100682,120.8209451,6.767890692,27.16583623
38.52208017,1.693144253,15.10399835,114.8854001,5.868685889,30.44117441
36.54650781,1.739699943,13.89635664,111.698937,7.32265565,36.07861029
28.88824493,1.255728153,11.28424377,143.5166072,6.97491596,22.43794379
40.22146348,1.700803678,12.7513857,113.005678,3.18698303,36.04596392
27.36753425,0.291512912,32.12195946,114.5938061,3.437982803,45.70002516
34.28032294,2.143722681,22.6426135,119.5084252,2.390584483,40.45062345
38.63494348,0.23331336,16.32684417,127.8267882,3.321193503,18.27433938
29.47389775,0.456979624,42.93527714,141.5914832,4.06093319,19.42029265
27.56919019,1.4842953,21.30559553,119.899213,2.172964131,49.08241413
31.48365025,1.874587493,10.94745777,131.7403299,3.889775277,26.00456989
40.44908736,0.283003754,30.92098919,113.6149009,6.62927505,45.26672354
43.24804408,2.309835554,25.5216496,128.5804402,7.041965588,15.64138481
33.62708532,2.436658357,25.93022157,117.1055597,2.05323974,51.35255577
36.53665513,1.554280415,32.26350141,118.4476624,2.04288223,43.42621418
42.58184056,1.254984293,43.44569636,124.6731374,2.87784265,25.35581792
22.46367129,1.879347933,40.823956,140.4539079,7.235462364,30.61914704
25.80196445,0.888057646,56.86308049,139.7594572,4.815668307,25.74718895
37.72250016,1.283834642,35.88583332,126.5989191,7.897412457,25.90048558
40.59361155,2.298762464,33.62849549,114.7468462,7.323988795,31.59167127
41.42572571,2.393573021,20.67072176,121.2276648,7.340768681,21.83448637
30.37767942,2.324965879,47.76906444,130.2142311,2.770858592,43.93865986
22.23349756,0.729875361,17.03878881,144.7764711,4.851376095,19.84532555
30.94453693,0.657925697,34.55664449,148.7301846,7.961543584,28.21570423
25.76836476,0.814394814,31.06610992,135.4988374,2.894265382,25.73514864
27.27991137,1.15914667,42.91504392,124.0274596,5.445400722,29.26374029
39.30668892,0.854001791,55.8810735,137.7381381,4.065679952,19.80937487
21.88817715,0.99811071,57.32977957,123.4492054,4.32714884,37.71048996
40.68953044,1.589528685,18.38996336,135.0189381,7.344755024,16.58262078
30.69172715,1.930061625,23.09086091,119.7506629,5.527415415,32.22797228
34.90159828,1.865339676,50.581766,120.679548,6.552658336,31.7179831
22.24130578,2.054616561,35.91398812,113.0090236,6.039406385,56.00169694
28.43397696,0.177242568,32.65172842,126.8056461,5.174094143,26.06575443
22.24252298,0.214561095,45.53127262,134.7269808,6.750267193,24.5310775
44.03859307,1.994519106,40.09624763,141.5517978,7.824397435,23.90504799
40.18154123,1.379389174,58.53570272,142.4139418,7.800917324,28.43050011
31.49081886,1.487537617,39.19873261,149.697778,6.736712006,29.75301739
25.59006371,0.226208465,33.29869132,113.510229,4.923978534,47.04207399
43.33637763,0.712753123,37.1408681,129.7254707,2.978953755,18.6361181
28.61491489,1.632050332,50.42699083,130.854983,2.266823054,43.0646463
24.02461079,2.162036536,40.63375284,142.1813371,3.38866981,43.94533021
34.07910971,2.300760153,42.35240457,120.6543406,4.041547998,34.80742239
43.59435301,1.30100679,58.571944,112.7748928,2.779097696,45.13819775
20.09575726,1.409138159,40.91977422,122.5503524,3.348591978,44.91184291
25.95312108,2.099319115,29.01426242,149.3571132,2.501272787,51.18462996
43.46119101,1.390299042,44.56630135,145.9776479,5.142061832,23.48012699
24.27714917,1.340460461,42.97296985,125.8098784,2.757909147,42.41299882
22.83108629,2.272201691,10.69238178,145.0508799,6.45661178,36.49681814
34.25468039,1.995838531,33.36646484,111.3101794,3.995898669,44.131255
41.54609558,2.281774063,47.14518014,122.5681631,6.032376285,22.29613883
31.92774544,0.623792931,34.95207289,139.0724739,7.29511661,24.52010511
44.86410642,1.358501168,48.9810568,118.85809,2.516099255,31.16454821
36.97929249,2.121933109,32.54418482,117.9356381,7.934004724,36.55814048
21.85187268,0.366754786,59.16607988,144.4723018,5.871460054,20.27407224
44.82080329,2.00718917,24.64457946,134.6381584,2.320195613,25.67415373
30.19735592,0.53913612,14.60613041,149.5609087,3.884013392,16.03610059
27.18506335,2.039485012,31.50059006,115.3867871,7.317470894,47.04876525
33.94697959,1.56880225,37.08545124,124.2451363,5.577401626,26.9754047
27.6076898,0.56376638,27.45468658,122.4485349,3.723334203,36.07659747
22.16143768,1.23605003,22.11405801,145.2052895,7.642967506,29.72015516
20.03570858,1.7365724,43.60293457,120.2118608,6.723515422,46.31740395
31.23958382,1.621246962,28.85625499,124.1384399,6.413230977,25.87279223
40.92158556,1.125393271,41.56842646,115.713355,7.33056272,39.17581543
34.30787964,2.258479669,48.95357243,141.0160393,6.618679668,27.70970768
44.98018247,1.346232195,48.05013139,119.5081314,3.720430119,26.86555479
27.17116614,1.314081516,28.76546553,112.7328109,5.503316453,47.28325108
27.01137662,0.249401416,38.39491145,127.4043493,7.053717007,28.37870402
23.99373651,2.313088936,32.48291122,125.658325,3.08508864,50.30821166
24.10158971,0.525079765,53.54026264,117.1043682,2.978139677,49.92311722
27.1296649,1.368027264,53.93792399,115.3439024,2.953857485,53.01825229
39.82100113,2.028562243,27.18707914,145.8622885,3.165531648,32.51176375
42.64391977,0.617087865,14.58687239,112.7137795,2.619384894,40.30355946
44.37717924,1.365695896,18.37912417,113.9724383,7.02577412,33.85032934
25.80724135,0.677643782,28.35008711,119.8018912,6.909909322,39.13902339
42.03243864,1.923267995,38.21249774,148.1135676,2.908213951,30.19109743
28.20637723,1.454418803,42.83935055,113.41537,6.23322306,45.41641407
22.82101361,2.154342065,26.56855231,142.6405931,5.761853355,37.43692743
41.75062314,2.246939207,43.37495598,145.6820861,3.657165594,32.82841151
35.90264087,1.656960358,56.88699918,125.1147097,3.364210602,29.93847003
24.1182724,1.840938991,42.60070636,121.755776,3.503515132,48.53237621
30.74578144,1.41812824,17.92826147,137.0951091,6.383783649,18.00430511
27.18144237,1.022628959,38.98344565,138.105384,3.915902398,20.11581703
38.41986422,1.655483015,37.09477584,141.1990865,3.667755666,27.40925128
31.33540577,2.279892696,53.53500554,143.2226713,2.134886599,52.82875874
44.73199863,1.100032913,27.51515276,120.7358182,7.449418963,29.49824282
21.36862456,0.854584063,31.1472805,137.4784641,6.516224867,19.91775419
28.87538165,1.032248653,39.93295277,115.396229,4.836702055,40.62675019
32.04750418,1.144954313,36.22126559,130.4292533,7.657561522,24.65608808
32.57833887,0.27654647,45.95082962,134.5154767,3.761193271,22.32774833
27.89839556,1.296260417,12.01944955,116.4692775,6.048230259,33.80546773
38.23100623,1.286354195,38.17580096,113.0602616,3.830902266,43.80154555
41.86867684,1.512265186,16.08359465,117.7898515,3.887434553,23.84258008
43.46798255,0.970768073,25.76044963,126.8235499,7.068255,20.04630435
40.12733442,1.57145823,43.08134308,145.5136391,6.722131721,24.31991428
41.26450493,2.207719145,17.87071003,131.276577,3.764644584,18.28342649
33.76363252,2.393130377,25.44209178,139.9397157,2.488337094,42.02961158
40.64720566,1.500669319,45.15032414,116.9657811,4.145504838,30.2418475
27.58759773,0.20221829,42.54026213,114.2391279,6.560345213,49.97795005
29.96196905,2.426166393,14.55198346,119.5846943,2.603266167,48.07653401
27.92282535,1.794068946,38.86342467,122.5552165,6.032605188,35.54218245
31.68468339,0.906312757,17.3627231,131.9240808,7.338579559,23.778936
27.13949041,0.453178482,22.61356894,145.2497328,3.075362934,19.66708385
44.04028606,0.444204669,32.96056393,127.0437047,7.173225946,30.07647776
27.8211157,0.502586575,15.46734116,130.7519275,2.308183295,27.01257897
22.45111345,0.209374052,59.6823484,110.1845414,6.001281549,63.48164048
33.17042915,2.265170053,18.26847805,111.3324825,6.746233522,40.16890196
21.42747696,1.397843759,49.06563142,113.350768,4.668596706,54.87221458
22.76357916,1.779902591,51.49194225,137.9597634,3.222372169,41.23672957
25.48473473,2.087460422,59.72319849,129.4476548,7.548376993,37.21311549
31.60875625,1.999698415,31.43266089,117.7184479,2.119813212,54.72709618
30.83127331,2.218253497,53.70472601,133.7039775,5.330427375,31.75686079
39.99229655,2.421411094,57.87697195,131.7844861,4.237096452,27.64255051
38.48686635,1.153769475,18.64470724,113.5519721,4.766343173,32.64786375
30.65795735,2.38080512,33.97180445,135.6165109,5.219390338,30.45091658
28.34260519,1.835895876,13.00054094,140.6861949,5.208491734,23.4278202
27.9117196,0.269603657,41.0362006,121.4621763,3.221741983,36.3121097
39.34987718,1.736279491,39.07030784,137.4995545,6.078213937,20.25371199
21.30181016,1.748119983,20.20631423,117.9887807,2.114889747,60.08102506
20.32054124,2.274065353,49.89513794,140.2691525,2.127104565,64.02823823
39.8886098,0.995037118,11.86343614,146.4709668,4.870924048,15.84272527
31.9286594,1.503787601,50.31136621,127.674685,5.251417282,29.40788272
23.27202846,0.129250122,11.33226456,119.7848831,3.64933689,33.56126669
25.88914836,0.896980581,42.84144061,125.9670681,5.310053202,29.41582796
43.31259883,0.249384943,13.9384757,120.0030989,5.096655398,26.55551057
41.48757439,1.352495135,22.56127597,110.049575,4.095323329,38.38542523
37.74462626,2.061874361,46.09566747,136.0182645,5.910647819,20.91820942
32.05563076,0.595462461,24.02023998,111.7010657,7.747623299,53.739727
33.00809065,1.365858509,35.55869244,118.4156296,4.944816167,33.67048689
44.38111338,0.589620728,55.76241348,138.8979822,6.716304556,26.76119235
44.1442611,0.389652323,12.4817177,136.6290006,3.485579381,11.21419825
25.38172614,1.326392301,50.55398969,112.9331565,6.571703561,53.25637714
40.27761416,0.28995669,13.26359993,136.4021896,5.893435727,14.14322076
24.93106665,1.509651115,16.33974222,147.2229956,5.83818668,25.30205775
25.33843695,0.175209906,15.96595519,112.9800988,7.358212043,53.7199439
36.90232585,0.356115932,59.70511416,126.6275291,3.40010153,29.06396789
30.12502746,1.419993965,19.00931597,139.1773556,4.210700703,22.07234423
43.28861018,1.519377791,54.83809231,136.7089201,2.498404742,26.47971621
22.22524337,0.169568632,59.54660815,119.0604217,6.356719861,44.08074077
32.78814102,1.476104291,29.18923852,116.5226911,7.063203712,35.63116285
42.96303826,2.112406061,41.55242718,141.3698802,4.435001022,24.05939505
42.60284151,1.833558826,48.95456269,148.2497862,4.140960911,27.67697385
23.91323034,0.414844249,29.63225409,140.7033387,5.951911135,19.82347892
29.1659425,1.521939154,18.09070702,148.5281793,2.453542765,38.52144936
35.478035,1.713406,31.68813719,134.199817,3.763051377,26.99781203
23.98487212,0.189354884,48.59438225,147.1639544,4.197276791,17.54674838
44.2005543,2.152834405,49.03813814,137.6174278,5.111541704,17.26109788
42.86873322,2.275041753,21.52693961,146.35539,4.859415317,25.48856674
24.17375448,2.141085456,18.74828199,116.4635587,3.252082537,53.7767715
23.02888653,2.079115523,56.02803511,142.6226086,5.244727243,41.45576838
22.13521207,1.887916476,12.19995153,117.869832,7.555212145,43.91520908
42.7360916,1.620236875,46.73692379,111.0971641,2.162527342,51.45661047
24.84059524,1.728704812,12.32106927,130.7034454,6.081839434,23.71157436
30.40712321,2.035348704,51.89500254,122.7300712,5.748254164,36.11978204
31.22128414,1.6899963,55.27074067,111.7412545,7.546561728,50.2933213
34.97527611,0.886544696,24.87095621,149.2121751,5.872069642,15.73321643
21.79338359,1.002306645,13.69678218,136.6586438,5.749056275,21.78216014
25.66896544,2.252937924,34.03422682,146.0724869,6.618833961,35.86124377
43.28725967,0.141093006,24.92315184,149.9633034,3.606835693,18.21072387
42.71025268,1.777169395,30.85680714,125.6786695,5.574393575,17.40557757
39.53226619,2.391466126,43.24927267,120.1894811,5.116526656,26.55685144
20.48503114,1.794947608,20.4913018,117.3553757,4.63083504,51.17448068
28.17516921,2.485388772,27.84757848,130.6074843,2.476923004,49.56243679
35.69896838,1.750107773,49.12812451,134.2432311,3.755773148,26.13111437
26.87975529,0.18247127,42.1880975,128.8969094,3.679890284,24.73221916
42.73966738,2.084823716,26.31377456,125.4900806,6.345505743,16.87553071
35.84723655,0.783111789,43.21508001,116.7309025,7.523936811,38.24588887
21.79766793,1.170537342,48.26564614,127.674385,3.384723337,39.90947176
42.72513972,0.849020598,39.62427905,113.4097255,2.447743633,45.34417409
43.94416645,0.744529855,21.97484163,144.6019104,7.999741726,26.9783547
21.94281046,1.135373689,10.01226453,111.8761061,6.147231981,49.5444938
33.30900587,1.009003476,50.14245535,125.2258425,7.318825082,33.15504907
27.58410706,1.620012596,51.13167777,114.0055148,2.863276495,61.86350877
29.82097691,2.051562882,44.88022507,140.99922,6.804608247,30.61757352
24.49128045,0.813012768,13.82904657,122.5094792,6.879942476,32.52369259
34.45180255,0.612930767,39.26111438,114.5242245,2.908933556,44.62406787
43.94948383,1.70054865,51.05103356,131.259652,2.968425081,21.76440636
32.57681501,1.708768158,29.48341601,146.6510803,3.772707297,30.65965183
22.07286453,2.262714974,19.90003671,146.3457948,3.300724686,49.6641469
35.50003334,0.138269647,39.38136486,119.9860416,7.852459448,41.88828164
28.50557486,2.147297589,51.31533137,138.786387,4.177663002,35.15290657
41.39812974,1.350405215,12.44349794,111.2113677,6.567838471,38.84818758
30.86695371,1.591125014,39.84756086,115.2740719,6.830304821,41.27832116
24.82099022,0.319291457,42.15868977,129.9788948,4.315645323,19.06054345
24.77764057,1.138275839,40.11835197,119.1502574,6.095513326,42.83127924
39.21910452,0.645525777,42.50168421,141.9304742,2.646800845,19.69914161
26.63968996,0.710140072,41.56876538,147.2428869,4.381772309,21.00334405
39.18083485,1.309828275,16.52019425,110.1733327,7.803863961,48.65119396
25.14718277,2.049894281,21.74683885,119.3166332,3.011183923,49.67439381
28.04215922,1.885074232,40.94970026,127.5821338,4.314267828,30.06249338
31.63717431,1.518399902,10.88465806,132.5231715,6.743129059,20.31911826
43.57989624,1.394603663,41.73722594,146.6361111,5.992539529,23.42759157
43.29328562,1.125534504,43.26933119,145.6753396,5.789111609,19.40897315
25.17179689,2.434503937,21.95873799,135.486804,7.119544756,31.1745196
28.95547603,1.44446213,39.90664149,120.2955206,2.174563058,46.95273542
23.73498471,0.709519356,36.70450304,141.3315124,6.626986209,19.47560708
32.74962698,0.652217901,23.03457741,118.1060709,7.295294235,38.59259066
31.51456377,1.567247274,33.14870059,148.606893,2.097046865,43.5917204
42.51900406,1.354786066,55.48122647,110.2335966,5.353777707,42.32006658
43.25013444,0.118474727,31.33013902,132.7908202,4.091530911,17.56579317
29.58918478,2.092156893,41.49220884,113.5358899,2.304576253,65.59421854
32.29344858,1.78989365,11.76754105,126.3039812,4.506488716,26.38328776
42.40590623,1.688390295,13.89000567,135.3973416,5.864180847,9.455291749
40.16769519,0.265073578,14.06540367,137.5839398,7.51408179,21.94640814
20.09140778,0.96893404,48.91203818,141.4227788,5.723182919,26.99836959
28.0014891,2.344917426,27.51284474,133.7331081,7.140458489,28.85319399
30.54435605,2.170214179,21.38058442,120.0527741,2.72942904,42.81882707
25.74290709,0.785303051,47.36622842,145.5701297,3.263127005,25.95696053
24.9892904,0.476941322,18.49800313,142.4442965,7.821757185,18.10096685
20.94461266,1.177811097,22.32462625,116.4020927,7.324404142,46.05425598
36.08424313,0.953992909,31.54657216,143.0604474,3.411361718,19.17743042
26.56275726,1.737343304,26.57190345,148.9057806,5.725843291,30.10235141
21.30867946,2.419443544,39.26961055,135.4887647,4.175796551,48.07703878
25.77448276,0.97120348,26.89203095,121.2722089,4.811591052,30.99401707
40.04784882,0.249338014,29.64758179,134.2637533,7.165268895,22.39177364
41.28722954,2.25427362,53.14433041,123.7014028,6.414275661,20.63737347
32.07665613,0.191079353,54.22657198,137.0378588,3.43065537,22.21138347
30.40176676,2.386638153,51.38555954,131.7919984,3.895958448,40.36247939
44.44634234,1.694990627,53.24154664,147.1796245,3.738262759,27.95122815
25.01411649,2.3600541,38.48643347,134.7163417,6.68397667,33.99559507
25.38398207,0.579183248,42.31166074,118.5592673,4.940530527,37.22778003
27.29667943,0.197679509,37.85865833,139.0043949,7.704345842,25.65584544
24.31893296,1.271703948,49.2794042,122.0351327,6.900123063,36.59189209
29.48413996,1.181496195,37.55002429,120.8956381,3.267166585,38.88090003
42.77085567,0.895581456,15.55384823,125.671065,6.715656772,20.14939192
35.38369602,2.398375539,50.47900602,110.4798672,5.036476083,44.20213848
30.29866372,2.074200957,48.02925853,148.7656264,3.522260757,43.80411516
43.36026986,1.687796851,51.01502976,131.2932445,4.179990457,20.84460932
21.21160581,0.4908599,19.52147317,140.9397558,7.8327567,26.38445715
25.25690445,1.86237618,23.58085264,120.3140889,4.903768656,39.76429036
34.14721513,1.844829891,24.78758486,139.8647253,6.317635098,25.94122638
35.38881558,1.120163617,35.40402681,132.6868201,4.862511771,19.63750684
20.98893766,2.319486183,16.69385421,126.965767,4.229343643,47.00987226
30.07596895,0.500746917,29.26908766,148.826769,6.77852011,22.35512041
36.22884912,0.74161015,19.10790805,129.7537486,7.089946111,22.94344415
37.45176366,0.251738414,23.23813565,136.2983433,2.431334994,17.47648287
35.95349756,2.0090823,45.31938173,110.6136877,3.673865535,49.47134521
28.01408061,1.592222527,52.74055782,122.0582083,5.047226286,37.68952109
22.33800309,0.855856734,11.14529333,145.5476626,3.898986485,18.11481609
30.67781116,0.493152793,38.29484817,140.3583624,6.70149803,21.90563712
23.21886093,0.196354648,11.8029881,131.4701614,2.688400164,19.73078698
43.69059146,0.500189365,14.26246225,146.0063883,6.786789718,20.76773871
31.87927165,1.187883151,45.25420173,129.4488205,5.707318503,25.67156125
27.93147936,0.693224726,46.78040533,132.6602826,3.736206311,27.82511494
39.15760178,0.721557226,50.69903366,125.2861139,4.066728131,23.44791497
32.44871481,2.20138328,33.71207559,134.8016015,3.097394931,33.91615387
27.7508506,1.336330416,52.9903741,122.7600612,3.515440402,42.43399907
40.29919356,1.850204736,18.34191458,125.4196871,6.303613214,15.63154393
41.67880378,0.185706278,22.48582068,148.6530505,4.255304843,12.3848015
36.82520416,0.976392054,16.72510738,114.4523472,6.124904832,36.50877765
21.17411056,1.250006434,49.87686303,114.2102138,5.084645247,53.3534533
34.158072,0.547400453,21.43375592,111.7326408,2.871786498,48.93285585
39.0823728,0.388459699,17.77556214,122.8017808,4.994423887,24.39616065
23.4125753,2.188729068,41.15553438,125.9291697,6.538819075,38.38153165
25.71676878,2.354635905,13.85410132,113.7806258,3.786053028,53.73094325
42.06237763,0.289136075,12.24501386,131.9652398,5.888489988,15.88076129
20.50304305,0.93764491,15.33588243,133.3320612,3.194195927,28.5704693
38.81817845,2.399885508,10.0120442,140.0410677,2.814193748,31.10143675
31.84433231,0.29958816,44.84950771,149.0387247,4.161356784,16.17382001
31.16930397,1.644739295,38.11176609,134.7740899,4.335221562,27.52108192
20.17741331,2.43333129,20.49375545,114.4660323,6.566057782,54.25029366
40.48495577,2.447736805,21.6502474,113.5409697,4.760472508,31.25049025
28.99562252,1.230935994,50.54842992,141.1018745,2.487409372,36.05130013
33.51914078,0.490597859,35.09100579,136.0133651,5.80399699,15.86889011
36.93251716,0.585002356,44.92641785,116.4765758,4.815519559,34.43499428
37.56573941,2.235043348,32.63777256,120.1343989,3.989859203,32.55416057
43.89950147,2.28803921,21.8859013,140.0096155,6.813312852,16.93099669
33.28349883,1.558911145,58.52014003,132.6462313,2.926308741,34.16787144
29.99298877,1.938823359,38.28237817,133.4000025,7.479274064,28.60819857
43.84259066,1.875835004,16.54909519,118.4003469,4.004368942,22.80193105
36.05275588,1.688371835,30.30450211,135.1623193,4.765648669,21.39533312
27.45375891,2.085464692,26.4668706,140.8251438,7.575397973,29.78174049
23.16160614,1.744975895,20.70437343,145.410089,6.56743899,25.32496608
41.06386254,1.381605534,56.67199946,139.468693,2.445814603,30.13756081
29.05454007,0.66869527,54.04599977,133.055026,5.469781153,24.38405676
36.51174303,1.885331546,19.95735583,136.9303723,3.86217723,19.87667103
31.77041048,1.236250883,27.60739445,129.4044585,5.050929499,19.66318619
24.97324449,0.807500042,48.11576958,119.0759297,6.45781425,43.15309073
35.04216522,2.024671062,20.42530241,145.2882789,4.977037484,27.86168188
21.51707672,1.772112641,39.57824313,131.3049053,2.426131262,44.27127318
30.3335615,2.349614951,44.98969711,133.7727324,5.179883112,32.05375085
33.66537349,0.497059936,42.69861629,149.6043566,2.144777999,27.43871505
30.90117435,1.658054283,45.32043201,149.4006271,4.090456144,34.84941928
38.71680438,0.686174723,45.33497945,133.4524394,4.868183138,18.54715408
40.69812386,2.268599165,58.24029599,111.3582905,5.86804138,35.80253788
39.28107685,0.338798594,27.32494448,125.8459015,5.037240726,22.73058147
20.9703237,1.674788335,53.92952122,147.4917312,2.911680863,47.18424654
24.85321926,1.998605732,11.09035313,121.5322637,7.593305384,37.19881205
33.41518773,0.951802817,24.41014817,149.9707474,5.901798037,23.6516215
43.37055101,2.389931391,12.4327891,113.3727011,3.901806711,26.33714328
40.87391938,2.141753643,42.560198,132.7245672,7.795638171,21.16564037
41.06336271,0.807083919,15.03951854,130.6179744,7.295465655,21.36796661
27.58020484,0.118098623,52.28534318,120.2141165,2.860940532,43.88526081
30.73619743,0.811977223,42.32958419,147.9442852,5.932574571,21.31032834
31.76764868,0.775145129,11.44077005,134.7668484,5.360416713,14.18924263
23.93428958,2.235915058,45.73886827,119.2091313,3.156853537,58.17941804
20.77670326,2.421090828,53.10174736,125.3619279,3.400850843,58.8758635
43.67257249,0.269055966,43.05605038,138.8491771,5.382642641,18.02532981
26.01781464,1.231107588,11.5262108,121.9078685,3.927729706,33.81489129
25.99872259,1.415996796,52.89597742,145.1842481,7.008988587,29.91508641
22.08447634,0.322987987,46.62319565,116.6269559,2.586435412,53.0784112
43.2126938,1.005994502,28.92256562,120.5802036,7.484184639,24.75208173
34.49342787,0.860997802,26.43151292,115.7959445,7.043315294,44.16446232
36.67592143,1.38653525,33.99100907,114.1671536,6.431740899,37.4771992
42.78942218,1.686858159,53.35508755,122.0126169,3.575403506,27.7431
28.64050422,1.788364265,22.60296759,149.9671499,6.289747136,34.85119608
35.53768278,0.428212057,15.04819056,113.7731765,4.632618678,37.45660368
20.96998637,2.051074485,53.23181865,118.5200877,5.802547383,54.16248699
24.66931321,1.728500871,11.31449244,120.864672,3.875326503,41.44278523
40.78114513,2.2337798,55.54985111,134.7651874,7.015147123,23.49643149
39.16920891,1.178406543,25.28725972,139.8138279,2.243456596,25.99386245
28.76606729,2.245335431,35.41113508,140.077347,6.14875848,28.23480944
29.42026569,2.177857894,16.61477624,110.3454393,6.971787442,43.47549403
33.33886084,1.152182398,55.11274847,136.0740184,5.878568691,20.41956615
20.00602512,1.014743957,47.49181117,135.2294752,3.151950693,36.60047531
26.0311084,2.338748836,56.20777933,130.7061873,3.709884679,43.18461264
25.20579522,1.816395363,44.16145256,125.1683425,5.089431767,32.81909002
26.26207367,2.327788831,19.23468884,141.8977679,3.976694416,38.46539459
40.14764606,2.012739469,25.41335015,123.7552318,2.02949853,36.38450192
26.99184641,1.562313854,34.34242876,119.2004909,2.244068675,52.68281301
24.78803305,0.378046665,40.36291027,122.403807,6.606610586,36.86750618
32.60658652,0.799553614,56.32297187,127.5859167,2.50224309,36.09001244
41.64112591,2.425221777,29.19757329,118.5622955,7.568131134,25.7409747
26.0337426,0.866613037,45.1536011,134.3028498,4.656418675,23.47149806
21.96340607,0.323811687,58.05044245,145.3683681,6.54911983,21.16294003
28.9101184,1.798128054,17.61870317,133.818405,2.753027576,36.48924269
38.69129561,1.861610211,53.13547944,127.8667323,7.55904452,27.21418365
33.76726362,0.785098529,31.03530352,141.8747506,2.202852979,23.90128268
40.41983424,0.81441275,46.6210888,139.9215449,2.252822964,27.06258335
43.98980369,1.225343165,24.67691694,124.6823249,2.327514681,25.55205568
39.81656192,0.152293479,26.69921091,134.1661388,2.620448966,18.70411367
35.09507697,1.994375225,11.35666124,139.1937144,4.920989863,19.4628754
32.3335397,0.861013089,58.57020766,119.8185303,6.729658653,41.17751033
21.00172716,2.149031445,50.67262876,124.6509552,3.709686989,48.60182706
44.60804947,2.026313012,14.6958979,114.2310428,6.47466093,27.13636291
29.58702806,1.687364879,59.97543978,149.5072111,6.644365849,31.24010677
23.80570535,0.879699681,40.25122986,113.435106,7.449663979,51.6796705
36.66772138,1.339159748,52.6864319,116.744245,2.896111521,43.05407791
27.10720723,1.167590218,13.33303816,129.193278,2.813207054,29.79631832
34.64445677,0.913316527,29.47255892,144.6108733,2.732570333,23.47168323
34.6691977,2.135527094,43.48255612,124.2352809,4.155863654,30.57575383
31.14324552,1.260416979,15.32168593,140.7438459,4.936475985,16.66074963
40.90296539,2.098535435,34.44514193,137.0413629,4.76965613,19.98060995
26.62417654,0.352524338,32.13389373,135.5465631,3.542292388,19.44328797
31.21581479,0.438459493,20.80201122,143.80069,5.731877753,16.5646737
33.44230321,2.445568732,25.01349179,110.5668116,4.029641784,48.2936017
36.59061802,1.51064431,58.35591772,147.1661215,4.196497928,28.60966129
39.59929626,1.323447216,24.4324243,143.1690472,2.633180377,26.07292139
29.87018207,1.355574552,20.6713067,147.5146888,5.553388011,19.51203486
36.1511736,0.616645058,36.81045855,141.7435154,5.931682251,12.6629125
23.76527383,1.824889479,43.5479017,145.1436563,6.547701323,29.97964947
43.31620251,0.303473497,46.25465555,118.1231219,7.424055279,43.66168556
29.57647016,1.475976911,47.71235922,122.7691627,6.596026734,34.40367411
38.23803555,1.469845112,11.84162458,122.6088405,3.414461997,19.61791764
20.50852705,2.294052218,29.68802002,114.3666698,3.413930957,65.47366294
25.12967857,1.362838744,48.69790399,139.1831702,7.490523173,28.94689374
32.17706361,0.42895047,55.24260509,115.4468357,6.740801416,48.37088106
41.95631169,1.474607822,40.11000617,112.1003666,6.693478582,34.46709621
33.18137875,0.319186346,12.61534268,141.0178748,6.318281961,19.80778969
43.24676206,0.589105205,29.83229029,146.1865268,3.603211948,16.77009988
32.09492241,0.174660602,13.71135579,140.5649339,7.084462054,15.64798147
32.26122742,1.331904598,47.42689313,143.0140885,2.857308068,31.93508701
22.99366971,0.302878277,13.17527346,133.8248671,4.100105656,19.91010989
40.0664061,1.226546508,19.28655334,145.5098535,4.07884724,15.65620405
26.17413531,2.339068085,30.8479212,129.8681393,5.36079285,30.45068772
42.49031223,1.827427391,33.13241836,149.5329047,4.780661336,25.78825059
42.77060551,0.285788018,30.32408502,114.1366017,4.758848799,38.10521728
43.5827528,0.638103549,33.16983233,142.3672283,5.321434588,16.88591855
33.00576223,1.716789808,45.6619576,135.6555766,4.492510729,28.71558275
36.92734462,2.247284466,28.46344115,133.2258427,3.499899388,29.33144966
39.462897,0.179004608,37.38752296,139.0324212,5.984724307,15.10450627
23.27536547,2.049882716,25.16846288,143.6116612,6.743800273,30.05311442
35.02392987,1.448353313,27.68137475,144.5153627,4.873975273,19.78836469
20.85744753,1.410619181,40.68994795,117.0152385,5.89689912,48.41462483
32.43915208,2.398751639,34.52473258,117.8814372,5.212179691,37.28081453
23.87106704,1.89434707,46.15181474,110.6466604,2.353978631,77.31261478
24.57307315,2.140285283,38.0269294,115.2736983,4.538507969,52.78596631
29.12618917,0.949589367,50.17870427,120.5552997,2.059114997,46.42564339
30.81092917,1.430473698,32.17041065,138.8414329,5.971275669,21.20603485
35.57931061,1.576973626,34.55168099,129.0307004,5.048968819,18.83282647
21.86071046,0.871801457,43.49856745,140.3161414,2.760989211,32.86172027
32.59229403,1.4685955,21.06219722,129.4614339,5.253149192,19.76488581
24.56562826,0.667972911,29.29647685,132.2238981,7.390556018,28.6531585
34.34937938,0.444101611,41.2420622,114.4426635,4.042944589,44.07202726
35.93511531,0.997528622,11.44381346,141.0623314,7.894212597,26.44188872
33.91773141,1.874295109,31.84857168,140.3250613,7.75627944,27.40231827
38.45738776,2.298849155,39.94249682,122.3024637,6.711859055,25.64531241
28.39023111,1.198513724,58.3687766,123.1431231,6.882799867,35.99086932
39.12766479,1.642776852,53.85082808,118.787258,4.463272161,30.81470558
30.81917704,0.347289114,24.03709765,142.553587,4.415246572,13.35320575
32.10461246,2.270713021,35.3605052,139.8802721,7.72638415,31.41238354
36.20255318,1.464650113,12.82071863,134.3659095,4.197177497,14.72023093
20.4589596,1.972811794,22.03772074,119.5528841,2.581237334,60.18916368
36.34985554,2.006658882,48.7427934,116.8741333,2.916206529,40.58808286
35.46462873,0.715553263,16.16570061,112.010754,6.262393791,44.27045291
27.74617792,1.370018688,22.88452624,111.8244593,4.297885611,48.61943443
22.14485712,2.405151404,57.20212509,117.4854456,3.196057038,66.6852205
22.27338625,0.315122908,51.19279002,114.0213013,6.882716772,53.63797683
43.08059367,1.739319755,49.09138563,132.2443069,4.932040944,17.40592531
37.23198303,2.409433787,53.22787452,124.3236051,5.405847229,28.59059278
23.17756534,0.821385059,47.48028433,127.7978313,2.923696128,36.93110647
28.91807923,2.167475011,16.02931081,133.7626873,3.156525208,39.37690974
34.81207485,2.340778109,35.82806632,136.3640698,2.755136222,36.94933921
40.88929263,1.893006903,32.21219604,135.9280688,5.087256795,16.10072722
21.09152322,0.65518795,25.55757891,120.4342635,6.65394207,40.39444029
25.91582829,0.901601725,51.70202049,142.3850808,6.393711463,23.47763582
42.24372476,0.185942307,33.20696012,146.7083868,3.567384923,14.9967291
20.22913875,2.095487762,13.01488007,122.6375339,7.109301127,39.42720257
25.03497757,2.139066848,23.74827919,110.6826167,2.633965089,68.51330654
43.9756044,1.618504744,21.4310529,145.9661675,2.68429982,24.97319176
35.33504616,0.946066843,54.37394424,146.9419493,7.095825696,26.3152554
26.54178417,0.284346466,42.37190503,112.0378576,3.466517367,57.35175677
21.67477736,1.907338264,38.01881329,110.1982637,6.248695068,58.99571947
20.70478351,1.843662865,35.33246208,142.6561913,2.054477552,52.76356022
26.11862699,2.290246052,42.50565138,122.0585342,2.561606532,55.7297579
42.03714549,1.85327685,47.74377734,146.5832867,5.655732252,25.54917278
30.39784136,2.088867861,37.71923529,118.6697429,3.094495729,50.01879089
38.00833423,1.890291083,56.91427076,144.4461846,2.169282118,40.94206895
42.95712588,1.613649252,58.84170853,112.7457708,4.80168054,34.806036
30.20101154,1.124719346,59.76711583,120.4254739,3.983122996,43.00650318
24.78193428,2.265081541,43.4695555,148.9251552,6.813541568,41.15820815
32.92794827,1.662324573,56.63102334,119.2478662,6.912973947,36.92619313
42.70209218,1.056052773,30.22398477,115.3205194,5.686538727,31.78562763
40.10936035,0.300326308,52.97961956,144.2821861,3.758202478,15.84222142
21.64574608,0.797691654,55.45871494,114.7120317,4.769759908,52.03226664
37.31432,1.404944164,55.20702362,113.8982443,6.213536163,42.16011711
34.29743806,0.761524888,51.54231415,122.9370054,2.415851319,39.4829246
42.68657941,0.630964835,30.32995808,135.4131403,3.99498253,13.67407454
23.06203542,1.365744434,17.9453741,138.429855,6.934218205,24.3500068
33.35090283,0.50756883,26.69781782,145.2495514,4.436171253,18.07719736
41.98656734,2.020984152,48.36442846,131.636461,5.748008068,18.66085041
30.25059467,1.262483563,21.64427557,125.7367115,2.578006215,36.05562352
32.04987294,1.477270658,33.91360324,124.3533505,6.662275851,29.06738638
21.76151694,0.453719842,38.2699759,143.8761091,2.60279294,24.27402321
26.95359101,0.878983206,40.19292812,138.9526124,7.169151527,22.52326005
28.11266623,1.08421524,56.78627742,146.2171605,2.639606269,37.39967238
43.62806122,2.039710793,43.07465102,148.5614182,7.345356579,24.21343709
27.06668401,1.948382855,49.3149408,122.0020334,4.182619245,40.77653554
31.52171838,0.635145939,39.09391739,131.1869647,5.747184391,18.74379146
36.78261059,1.578829796,51.67901594,135.2728323,7.07930331,26.4164515
24.05458431,0.684295259,23.18318065,116.5539579,2.061448526,55.58545217
32.16105968,2.471793174,20.49388358,112.1338814,3.594158968,48.07495372
38.46347599,2.385097308,56.31600244,144.7105566,7.450029928,37.260796
41.67138033,1.451835329,44.67404382,131.4209404,4.329056364,21.62873379
35.65648187,1.777366173,43.57627885,132.8309687,6.238255555,22.69613937
36.72633788,2.023432917,33.36476193,132.1965738,2.840072337,34.0819439
23.15708681,1.830396208,28.83486296,140.1984282,6.070229608,27.89230665
43.64441243,1.779588859,37.78455972,115.8200778,2.438965973,36.36315386
23.31435194,2.400529619,16.02831747,134.5619376,6.303950839,32.93578762
39.36682343,1.531494655,32.73562805,128.7791805,3.942829726,19.5600434
26.62040804,1.627126412,32.76838522,145.8783264,4.795085936,27.15460879
43.33982859,2.138245001,36.91682565,130.7848375,2.997561086,22.39168417
37.99898848,1.707738083,41.73428072,147.717399,5.767094106,25.75134267
38.84534282,1.859038293,57.8659183,124.1301198,4.025405773,29.84955884
25.47647933,0.662004847,42.60845635,148.6757883,4.300250036,22.01127811
31.07599942,0.991040618,54.1862576,145.0063179,5.91315755,20.69860951
35.44532986,0.45352323,37.81519307,133.3705316,3.073169967,21.52886563
39.24934046,1.313837062,41.34639413,124.1483973,7.112053361,29.70795188
22.5989844,1.193745762,13.49184766,125.0369343,6.435718433,28.19580994
44.05913291,2.493190754,16.66318614,140.9100835,5.466380019,19.97350301
42.25551676,1.566900767,38.98352176,133.225254,2.769998402,25.40189537
26.75871476,1.987467576,29.7856435,126.0635034,6.122658166,28.98226699
40.56900608,0.90163521,49.94052599,135.4421985,2.108596233,25.06219629
32.95809808,2.095708795,37.15889374,139.3293359,6.826374809,25.2773102
31.54516204,1.57620392,54.11455195,110.9160205,3.822786181,53.79178882
27.86085265,1.772781596,58.61658392,113.594512,2.703269303,57.11616433
34.52421467,0.806633867,17.38175926,113.7794176,2.986933724,41.43634905
38.24722794,1.41673214,29.74138758,119.2773522,7.778806391,32.53432338
30.27332262,1.621688736,43.24905126,127.0796176,6.642982507,32.52684875
35.73047983,1.513827222,25.27443777,142.145996,3.42723184,24.79398061
37.48282303,2.296464907,23.35161689,124.0439614,7.780797461,23.03195414
37.77804543,2.255854395,50.68692803,110.6991115,2.840706024,51.57844838
21.29915245,2.430361739,59.01892345,129.3344741,6.401163271,43.18846636
41.49369514,1.701827214,48.69016656,149.8651438,5.940437761,27.42209336
31.45633287,2.432593912,36.18383114,123.9608398,6.928860634,29.45727665
26.56040204,2.0979472,32.1255616,148.4501808,4.290192324,39.16467322
26.04411269,0.749997137,36.98238603,114.0538052,4.41101275,48.68477686
32.07535282,1.125845607,33.14198511,116.9239863,5.747402111,33.77242516
42.17078849,0.672141861,35.14440284,138.9648828,4.389234542,12.59152154
29.45868954,0.110073186,20.17265253,130.048498,2.248105356,22.49647335
38.74314367,0.551317008,55.18709747,140.6048721,6.378248191,19.66552326
22.42046827,0.109745407,47.72675008,144.5423338,5.845676378,15.45092762
31.90141755,1.827612307,44.04887113,120.043395,4.542276877,37.78312799
44.79215351,1.121282315,57.49624855,137.3131668,3.816977365,21.055333
39.26094507,0.850179345,24.2197166,134.3040495,3.92435503,16.09257557
25.26321221,1.928130139,14.05797054,144.4614012,6.446171742,28.61195286
32.53603684,2.097968259,51.30693302,127.204156,6.374965274,27.51342888
25.84061909,2.440718893,59.92084818,112.0748172,6.913510522,50.71090863
30.23902318,1.640832603,38.9216219,132.9674451,6.573082569,25.41069745
39.50210059,1.2076695,12.9404694,148.3551328,6.547665213,21.08016903
39.28062038,0.832634324,49.02340201,110.5852472,3.510639404,46.97553741
25.70250945,0.633563702,13.68745244,119.6103195,2.609675328,38.47175482
43.05558295,0.611022281,37.00069931,122.6427116,6.570513596,26.07977754
34.81420457,1.082054499,23.87662371,140.6335555,2.591708118,24.70389905
29.49810727,2.480287253,55.75133903,122.9310769,7.892668432,38.64572939
32.54838952,0.102048874,32.56656066,119.5633545,7.250535605,44.11488057
35.12678134,0.573294153,54.92316742,135.9423206,5.200769612,18.33017515
33.9972633,0.552143158,24.95405426,111.8562116,4.113101391,44.81478089
32.16012589,1.821086765,29.36812919,116.8238744,5.161058216,35.96455216
32.6233201,0.945963346,57.35595941,126.3212091,6.405810999,28.43646263
24.41029776,1.197425931,20.06572255,124.2239985,6.537979871,32.21716429
40.31832261,0.456697913,38.92505758,123.8866328,2.441995992,31.51883972
33.544008,1.071992893,29.42551643,114.3422005,6.829124569,39.66231213
23.27699654,0.347679549,48.70834425,124.4336008,5.84898249,31.54966519
39.15392754,1.379303891,16.46481856,141.9197109,2.243477683,28.56624052
43.31109946,0.335052077,31.86074845,126.5537681,3.878967235,20.62213738
43.68267248,1.997220115,44.94663134,133.4468474,5.063848212,17.27249625
29.22544331,1.459844122,30.35081175,116.5431764,3.130708953,47.03439509
23.38792184,1.837522897,12.92658696,112.7884545,2.931443173,62.26054633
32.95999067,1.104439328,45.25561307,145.1982417,2.085686988,34.89604413
22.81523073,1.015579104,35.15991638,123.2549038,7.469303801,37.9028473
43.34968546,0.335701334,10.56543433,124.0134893,2.33664773,23.21039564
24.58949068,1.357253457,40.63279476,145.107514,4.196068529,32.85284792
26.3191465,1.334805196,55.99405113,138.310854,3.234629824,33.61829307
30.16591317,1.223444907,15.55129741,140.2505084,6.446198613,18.91287084
29.57911171,1.877244075,39.53356175,137.2801394,6.243107945,29.36838253
39.86657231,2.09801056,46.43344409,114.2316898,6.837334472,34.58608533
31.40792051,1.90189522,13.53868351,148.3198328,5.700849807,27.21413991
24.2692065,0.445277783,11.13077291,146.3654515,5.549918962,15.13491906
26.68024739,1.592942822,33.20979333,119.4488051,4.442664293,40.32221887
32.72783463,0.292775454,49.55933436,142.1597676,5.818152201,17.35892352
23.68634794,1.76709349,18.0359705,126.3758573,2.69123351,45.07673825
35.29139189,1.016413832,51.83186361,137.3506787,6.107077095,19.81855383
34.14368266,0.417997495,42.82886277,116.62412,2.623386547,47.13435408
37.86755791,2.168922057,26.60866439,131.54217,7.170439415,20.84115684
43.44261538,1.573620014,35.79128992,115.064652,5.034096835,26.96941295
42.80636403,0.951339923,58.27874899,131.4466866,5.182141427,18.99383941
43.65189045,0.173745231,20.82184853,119.7437582,5.509145613,30.78018451
26.11788993,1.389544622,34.97676989,128.0986612,6.656314994,26.70038824
23.28913267,2.315742108,41.22432781,136.7187747,4.870823725,44.35633
27.55691751,1.531311598,16.90073027,145.0829833,4.565528442,22.68909405
42.37712932,2.431961451,12.17610443,116.6115601,3.730000741,28.27702864
44.30133687,0.427482684,10.67299765,145.7307646,2.768236104,13.65391948
41.48312378,1.463932251,26.23464283,125.6015059,3.142055246,21.37103491
22.75044303,2.015500115,13.69736472,143.7518627,2.003167062,53.74513142
43.68569995,1.361297755,50.18849763,130.5019167,7.216529887,21.93448237
30.58395068,0.318559254,59.86597636,144.4883429,6.589750369,26.43679405
20.23275727,1.498926404,13.06519109,136.5129627,3.312094573,31.36945848
31.05984352,1.568170974,31.6363138,130.3486456,2.014340544,40.37770473
21.15172924,1.848902196,11.28660615,122.5015453,4.952697829,37.81409564
33.59694803,1.926907636,16.69954454,148.7563635,4.475439196,30.29753434
28.46385069,1.949854452,26.14612805,142.0359063,6.656039728,28.13876441
31.83587334,1.692266545,29.68491065,125.2474874,4.41737304,25.04580492
35.32925902,0.617946847,56.98914732,116.6689437,7.184676845,46.31712991
41.7200274,1.070165814,29.79184044,141.1814167,2.575029374,23.66591448
36.54753941,1.962711934,34.81388295,149.5977715,4.195148518,33.86265796
30.85122171,2.38822476,22.27916841,121.1589982,7.603645392,31.66137907
40.48569634,0.289472716,10.00625694,146.6345229,2.070377734,14.84028075
42.63955344,1.385288027,54.96672284,115.0148282,4.344736544,35.37639986
22.99399916,0.850053451,14.08573785,148.0882502,3.55821956,27.23585381
33.29832444,0.640945346,58.21244205,139.8135565,5.191164335,21.76039819
27.11279899,1.31394564,16.54220521,123.8638492,3.672600802,35.15410491
21.17652995,1.554614417,40.24392404,122.1852729,7.219448273,42.61165451
36.71366738,0.123453355,59.97052939,135.7374142,7.622829517,30.45556231
41.56926944,1.972495773,16.9232298,133.7402856,7.094805782,16.16182386
24.07256636,2.067717115,31.19715425,146.7574681,4.391407071,41.46935832
40.31034144,2.417225979,49.02118345,140.6497254,7.939602593,24.58654023
41.33489334,0.53354496,11.60950749,131.6145949,6.4102179,18.24896898
42.85851107,1.52692615,44.48913756,147.1026337,4.13365362,26.72842537
26.63212723,1.123900896,14.01866689,133.7092253,2.562156927,29.76682805
42.59882663,0.903586844,21.82600711,143.9873934,6.002278498,17.78559075
28.01656887,1.457520283,18.00380812,143.6377061,6.371404665,21.43190861
33.80845034,1.977719424,55.36682158,146.7677944,2.734754797,43.75072964
21.26268677,0.15532668,19.02283584,112.7040813,5.298418111,49.49869097
21.09702721,2.42656027,12.02170478,133.3527867,7.922527904,35.70068174
38.00933032,2.043715806,39.38128392,128.7357036,3.957452615,25.12469953
31.11199945,1.902768889,27.30904627,129.6216953,3.811370135,26.65112036
26.40730938,1.924929717,30.28531103,128.3964241,7.419812997,29.66406208
24.7603374,1.033745703,15.95313724,143.4986676,2.704496268,32.36721397
36.74883727,1.903889322,47.41172457,122.7373159,7.60116502,31.66603435
20.0100386,1.028248501,40.07768248,128.5100433,6.676922362,27.16219042
40.14727923,2.256896391,28.21085224,118.0273017,4.345042454,30.00670927
21.98124015,0.52533372,18.57874719,120.0686646,2.501285722,41.12647081
24.78724037,0.801633818,39.67258696,136.4168033,2.115047248,35.21304396
29.65590988,1.423210102,48.92986398,114.6774375,4.254987179,49.2737925
32.12146849,0.866106486,25.61986419,117.5128724,6.232121507,36.04339013
28.8748779,1.118169389,11.29301918,131.1213824,4.925175281,17.7303132
28.01780412,1.281814455,20.71719924,111.7509211,6.431911357,46.0778518
44.0979003,2.155248037,44.11989094,115.07708,6.023425092,27.83271437
36.03949203,1.355661409,59.45481887,144.5341176,5.437443136,22.7154429
20.58582388,0.969903637,10.66881197,143.8458706,7.804994484,22.95985968
30.75439771,0.694566794,25.30767811,123.9110442,6.370306606,29.05726408
41.87521749,1.080822349,13.10104352,123.9196526,7.487680695,23.64048109
27.53640466,1.337766651,25.81746439,147.460618,3.452963386,33.26267888
22.36390862,1.890675657,30.29571716,111.0336456,6.281837761,53.48845522
38.95961929,0.390517063,56.0431046,133.2118205,5.58681718,14.60055685
35.1503458,0.631862052,14.02803997,133.8956232,7.545776581,20.70928356
34.2578127,1.011169638,48.85670265,141.5154827,5.062718106,21.30866178
21.33941399,0.964956172,29.7767198,148.0700206,3.677848274,29.62262431
23.51247524,1.04019541,50.56314248,124.2331035,4.309033762,35.84531246
35.56373491,2.004451035,35.67010927,127.5133389,3.312978833,30.40696488
25.19559604,0.877970567,11.96410194,136.8519392,3.319837996,22.2298731
32.60175199,1.304555633,57.31029424,148.6908649,4.822529516,32.51507994
33.62204215,1.597376879,14.13670317,145.6316941,7.355413012,25.00480619
27.08767976,0.65722852,39.88417513,136.6821201,3.151216057,23.31802433
43.71062889,1.824868929,53.88338815,144.2689429,3.727220073,30.20248462
41.06160267,1.413067167,13.98848989,113.4081772,7.117928768,34.68401919
38.05933769,1.172274791,37.69466942,125.0850777,4.035537665,20.06721142
21.94984666,2.043481664,51.21449378,110.5236998,7.774480412,59.50282612
22.65325048,0.684388622,59.31623543,117.0988895,3.613521659,51.23567242
32.31953365,2.219622329,46.21637004,135.2197028,4.65286053,26.44391763
24.01783373,1.446516965,23.91671877,145.4224649,2.573659635,39.4993333
44.45663659,1.562019711,44.97851649,135.3112124,7.953054772,22.6084592
23.96300585,2.200141514,45.28833847,136.5655243,7.340852269,37.08003181
32.18669589,2.062198451,44.99830061,114.1528642,6.905373517,42.40155563
29.10302642,1.543748965,52.71302185,136.5944196,2.944054823,32.44712828
35.98466054,1.907650489,14.36900313,128.1738687,7.816148347,24.93323759
23.22591022,1.139966777,15.42099227,136.0576093,7.574907714,27.36971092
30.7579107,1.413706608,42.03085621,123.0469244,4.614028652,29.29116023
26.86762582,0.248968328,57.6940548,133.2594377,6.089822178,22.422626
42.19378812,0.315659003,33.29193195,126.9627719,7.954750566,35.93857948
21.0146428,2.09062097,58.02813508,132.3454822,4.458471317,44.77313502
42.84318735,0.243211974,56.90426298,115.8835807,2.678274134,46.44385074
40.82485346,0.506557902,55.14548691,125.8329941,7.206674209,34.45898383
27.43926791,2.009998381,55.49254874,124.9711463,4.858910711,42.54413097
39.73226637,0.102750282,54.91593967,139.4557808,7.92181673,32.60945298
20.78033901,0.777770389,50.99446918,138.2563806,5.305357162,24.75513594
44.17163876,1.501692779,44.74894793,146.3543474,2.176865622,30.49652249
33.16487356,1.529079836,11.22040893,135.2822237,4.950361782,16.81154396
27.58202565,1.96516698,16.61267961,122.5818852,6.308372776,31.35737462
29.06458031,1.314223011,16.71160273,141.3289865,2.156180169,31.91268793
21.66013384,1.322564487,11.17701421,129.8799057,4.480692286,22.88014479
44.73373785,1.840745381,15.83508842,117.7397284,2.933361203,25.39911092
20.98229863,1.296698712,55.98732168,139.8964587,5.858580926,31.49838107
36.37267808,1.560378608,43.19021435,115.3012558,7.744075093,41.50910245
31.06839819,2.254657764,25.60365091,117.1261332,5.747509427,36.00433627
43.72290545,1.063482418,49.66800061,140.3502371,6.169266238,17.88810856
26.14999351,1.02430017,34.41847435,140.8057878,4.379377403,23.3183443
33.3021706,0.10851758,17.10635185,141.6312508,5.378845214,15.4205088
32.05890521,1.572223028,54.22510406,121.733005,5.263146258,36.19976922
37.5716611,0.171452578,26.93309731,144.6634983,6.557638072,19.49764396
21.7002558,1.309956375,44.94296153,138.9067254,7.141469882,27.25210963
24.84472825,2.030161094,24.52970802,143.3586964,5.977315666,34.31811286
25.3641205,1.419810569,35.00356253,138.3442194,7.878852812,31.33343919
38.45376887,0.747126797,50.81263558,133.1838583,6.969730355,21.664126
24.72846741,1.986804211,17.83886732,114.3757909,2.747880494,56.21042633
34.3372941,0.74732081,58.86256976,138.4374485,5.04485239,17.88732439
25.38109551,1.859276274,13.51079614,137.618431,7.419416472,25.5124209
41.54062375,1.564620292,36.70044549,122.4996453,7.663609212,29.56964562
43.55463636,0.507991112,55.80127597,139.4327908,4.281235631,19.37160476
32.96232437,2.2723213,57.28469424,132.0181821,6.354224369,29.21416761
28.80772211,0.581544839,21.60544814,132.3762495,4.463272902,18.14693393
25.85144438,2.475008978,17.19924906,124.7041872,2.741958333,55.8440131
21.24452504,0.117545173,46.22015002,114.6714017,7.30766783,55.90040358
26.7125019,0.732360105,12.09867841,118.6771383,7.591718736,39.75382846
36.3558945,0.579664713,34.26194845,140.7532661,5.028503188,14.72261596
33.34042328,0.133584184,49.81776134,120.857662,2.109844585,44.34396416
43.60103196,1.85768296,38.01273623,110.0901222,6.896217504,38.65770003
29.90693156,1.764221925,19.40066329,149.8806968,4.861762197,28.45456334
37.34658356,2.001642314,34.35221497,118.4272894,2.450170145,39.44925808
32.23306869,0.716076512,56.06373582,136.215326,3.136348897,21.78011604
32.8144054,1.166404401,40.8606489,147.0768802,2.912716041,29.99499256
26.69435787,1.681872452,46.07453138,133.9885094,6.117673198,25.20157051
31.37376942,1.155444409,26.81319398,141.9612246,3.796456957,19.78776294
31.76962493,1.773581849,19.42418876,149.0548685,2.766143104,40.66503826
37.66606304,1.62153618,22.78211149,144.414537,7.505892957,25.91288566
43.51599998,0.375154727,36.65887969,132.3161635,7.739186354,32.39889598
28.23303194,1.974503491,24.01100768,124.5481172,2.831455237,39.7844361
21.05501171,1.829623262,37.09823937,129.298578,3.38141512,42.27947304
32.40737814,1.67400253,45.38959637,143.6730467,5.552724318,24.97134173
33.6115333,0.472224655,46.71979381,144.1341844,2.903047097,25.21209156
24.21101378,0.743191477,18.23424698,143.8341969,2.951550157,23.70846471
39.01161516,1.043624876,47.52154244,133.8889761,4.01945625,23.55508344
44.62322771,0.771831092,43.63440698,129.0782367,7.695021997,30.07866061
43.64436793,0.646744698,10.60025667,122.4535222,7.774653178,31.07867545
24.92765097,2.032858408,12.94360875,110.1344342,7.050729499,53.24782236
41.884081,1.631757391,42.31247509,140.5794108,6.174277508,15.87078326
37.61234091,1.457133116,29.18519498,121.0799312,6.324040195,22.18457552
31.3461641,0.642286506,17.30519998,123.1871158,4.817437059,26.01150348
33.51527486,2.303383749,12.21982796,143.739249,5.180927769,26.54009957
41.24000437,0.558839294,17.96991703,112.0900463,5.80671596,44.49838499
32.00337349,2.007882239,57.87569822,147.1048133,6.387719825,31.13699554
29.33018423,2.4200144,46.37828208,110.0544769,2.581077035,69.86105169
32.33118733,1.84502255,36.38527105,147.5667646,3.349322058,38.07897765
34.4782451,2.48286106,57.077025,128.1903396,7.777659148,31.34890882
24.72694134,1.662522681,40.95552188,114.084905,4.010853593,55.89722911
42.52269326,0.621904825,46.28225941,136.9664547,3.610845265,16.09485506
36.85467372,0.589166785,24.13259093,145.834257,4.531467873,17.09293019
35.83172293,0.878954282,39.44909218,127.5229127,3.745524503,25.19502369
22.48740565,0.117112049,17.17386221,137.6543162,2.547081155,21.59108331
35.10434845,1.736076328,30.22415726,149.1745088,3.247766791,33.33061152
23.02401656,0.744802683,11.66201625,119.6280329,5.840958785,32.28110097
21.96744188,2.056439758,20.83140438,142.8179783,3.339095342,42.23746605
33.18277239,0.962014361,13.74343147,121.8094844,5.88600318,24.04330628
30.06963835,1.251895584,29.38894098,127.053504,2.600485369,33.4991258
34.72025675,2.4176534,52.15175823,121.2706347,2.251258098,49.24549898
22.2305542,0.681213095,28.89670532,127.8404699,7.169406096,27.8721595
30.77457657,1.831009834,51.5819813,110.2035613,6.560157173,51.51199334
24.36966788,1.912282694,42.82491563,122.1375539,5.996166097,36.41655989
44.67750215,0.630395578,35.47647233,127.8117626,2.185395398,23.50616798
34.02875531,1.302392408,21.84458466,135.2896073,3.436123611,21.00131125
37.18592152,0.940484621,56.10780464,135.4944556,6.873885963,23.96607032
28.13545702,1.952574984,12.71004044,133.3514247,2.86800599,36.90929602
22.36847287,1.593959966,44.44565088,121.7212732,6.877120639,39.65853411
44.39677157,1.242359332,41.06199464,147.8961726,5.505401298,19.90498438
27.15647588,1.970471836,32.05207611,125.6787929,6.442210207,29.98043327
30.59520463,0.664373368,22.01604776,118.6757576,5.867042471,36.01359529
36.24659804,1.908692513,31.53479684,132.1805176,4.501937481,24.79144759
20.61743244,2.176898349,53.63863628,139.9571468,3.751864093,47.27230378
40.25647826,2.208691832,51.83830551,110.4893429,6.036375072,38.17639818
33.41445475,1.980816623,57.0690625,121.0537603,6.841477291,30.69208647
26.95542968,1.079234001,25.38966033,142.9991141,2.268395817,31.78927922
21.54019963,2.456339255,29.35520792,130.2808437,4.279453602,41.65983274
24.06246039,1.011024745,10.93630763,126.3395322,4.104378705,27.00006703
42.37584647,1.632700958,57.14749974,147.2360512,5.356825043,27.80780617
37.1506056,0.486578027,26.46950459,113.5814039,2.683550338,41.22374705
26.24754304,2.453077357,30.20819108,134.622808,7.600516461,30.71145509
21.64001912,1.789566212,55.39023057,123.6875486,5.291061611,40.4333299
37.26538281,1.908106109,36.32992151,112.8329359,7.542516826,36.83625012
34.31019315,0.257864088,38.30872709,118.5497803,6.901645541,42.77259948
30.11298811,1.932202754,18.81164191,135.1173285,3.149833174,33.14865662
29.09028623,1.95933623,34.93300104,111.1310774,2.794034074,64.86518346
25.4203569,1.712254543,55.91043005,133.6899526,7.16750144,30.17320368
36.74028141,0.800583073,37.93590441,148.2740168,5.216601336,16.85190683
44.26670069,1.275256101,22.75581823,141.8038425,2.118456487,25.1752606
24.39288115,0.365042491,11.55904321,123.8238832,7.605360491,32.90066612
34.9279155,1.23180896,26.81508867,115.5283059,4.838170396,34.56651741
30.60462639,0.685177246,38.6295457,128.6025774,3.805617811,28.06010026
31.16721804,0.937832768,12.13066442,125.7180174,5.099587227,22.42784493
26.353682,0.49024098,40.48962886,148.8693184,6.937510343,25.30609885
40.62837189,0.652130483,36.17069136,149.5947222,2.66175641,22.82872809
32.1313901,0.28376474,49.17177346,126.4233863,4.153597419,24.97218111
33.5851463,2.307763279,11.44440861,115.9513593,3.913200039,37.31881683
27.61902282,1.372985651,49.04236724,146.424382,7.03789712,31.18600351
24.54521164,1.052180731,36.04385229,141.741691,6.670803656,23.72867199
22.14775971,1.384070111,28.52646664,130.4509683,4.400624207,31.79663634
37.85297852,1.607903748,58.26914882,124.6141857,5.986929858,21.38636012
24.90585704,2.312509104,18.00597736,127.9266331,4.366672894,33.59333347
37.25188385,0.528863085,37.06625595,146.075247,5.42788303,13.54483358
29.75941115,0.809325997,26.04907368,117.3857379,7.947291768,44.03049371
30.39437002,2.441894407,36.37431894,142.2713408,5.213446803,30.73042082
31.7294374,0.990863168,37.61377263,110.7276253,7.931448397,60.42712682
29.1927127,0.154147962,14.47241242,146.8228797,6.483194638,15.21920119
22.51549943,0.454344382,43.05675735,130.0118912,2.724333742,32.16861785
27.74079525,0.163212884,41.7240748,119.0699131,6.775797012,39.75595145
36.59335902,2.475815542,48.47336373,110.1142601,2.967713849,52.29928029
36.64461004,0.769290038,14.53292468,132.3818587,5.19397165,17.84379133
27.15560768,2.316502617,24.86292735,119.7795148,5.679471407,41.22925629
31.50256566,2.490127062,42.50552999,135.2505734,7.353382731,30.46091813
24.8361807,1.539618931,16.8365413,121.2467713,3.262545262,38.05805862
25.25930204,0.179671156,43.87991054,113.5209612,7.255652434,55.58775907
20.57617721,0.295819913,12.95133554,130.2020652,7.606962656,27.06368579
42.41866375,1.255813732,26.74657765,132.5794295,2.536924108,20.94126703
25.26766663,1.074812831,52.33555612,128.103601,7.311710708,29.00218421
25.68834692,1.554825534,48.71456452,128.3214222,3.555080292,41.52877106
26.99003582,1.153234743,42.23803576,133.5860051,2.486005696,33.33952999
23.18520179,2.341784438,53.52292083,131.0541404,7.751446136,36.38353781
35.98157208,1.383375317,45.46347721,115.3027016,4.353220923,38.50399898
21.87857383,1.764942548,35.96875526,117.8834259,5.737901031,47.63689356
23.35506066,2.251564654,58.98587502,115.6716417,5.317238719,54.81009643
36.11891816,0.452492502,44.74280399,137.7318233,3.279091548,16.56585341
28.49151551,0.65136317,40.06835884,131.1439365,6.017394369,20.18354007
37.69869567,0.357564785,30.44352805,127.1942049,2.276689934,21.72375803
33.93561862,0.435132158,55.12062493,141.9335598,3.218569558,20.73885089
26.40052933,1.330201521,24.78545478,123.0317864,7.667982506,34.04138527
36.27069876,0.870830222,10.46097971,132.7242665,7.721045148,23.44899094
22.90684201,1.115614815,19.83702612,112.9763041,4.895931151,48.09085562
33.41025958,2.457975596,15.4758746,139.7761634,3.014430433,39.15099083
30.92870263,0.476090435,25.94968871,137.8076978,4.529720366,16.64342123
26.69683957,1.39794897,51.29393387,142.0951852,7.262425,27.93340836
35.10012494,0.337290772,42.57648427,145.3790383,2.421644327,22.93757888
41.78333981,0.864391152,18.44902946,140.3211307,2.767211463,19.77915844
44.97261749,1.366062217,49.44108605,143.7795956,7.373917075,23.44348137
35.19406922,2.37191619,35.2109933,123.826184,4.492300404,29.28053978
30.11764686,1.038947731,35.63573121,123.7334945,2.500751631,37.46897198
25.63017751,0.255776071,28.10560905,147.7720328,2.835254463,18.9720839
26.42740223,1.031587475,53.23081824,146.5829815,7.294689068,30.94104044
31.98637445,0.449778822,25.91636519,131.9398936,4.94062023,19.40151885
29.18194253,0.651975072,14.70698803,124.6623514,2.977965847,30.01661842
42.84536307,1.583417496,25.1364497,144.6400612,7.36435853,23.15273194
29.20738669,0.261817279,45.76767731,122.9364453,7.071673335,35.89661677
29.33611478,1.215337015,42.87909434,116.1454033,2.138140105,54.89641622
29.58836281,1.562707806,19.40085768,135.579707,5.485940646,18.53662379
40.91550526,1.112460142,15.58921496,111.7048724,3.466019902,43.45136455
36.26970802,0.145903241,43.04328792,125.1640762,5.198814872,28.96045756
35.35422126,2.465246457,43.81884178,142.3065526,3.675609993,38.74461073
28.35357556,0.981077842,28.30748186,121.8086478,3.895257685,34.32081221
40.44760442,1.968585249,52.14006918,147.2526192,5.611115195,28.60833038
20.95909653,0.881551581,58.91026019,148.2329867,5.233155067,24.10846558
41.76992931,1.240040217,20.28226117,142.632652,4.371154387,12.92128592
32.81874749,1.032312742,38.85343579,149.5057328,2.645407831,29.20025968
29.95625587,0.922094151,10.26731645,131.2305645,7.816543391,25.03939697
32.42918202,0.152443305,45.6527198,132.7679821,3.047633303,21.31654202
36.68538826,0.964050251,30.71410568,143.4466726,5.79870347,19.63584021
20.31913566,2.234775977,19.66346135,129.7122102,2.496468576,53.3269465
41.78879641,1.756944013,47.61109609,126.2688003,6.129876995,22.80824965
31.16848813,0.449014862,50.53243988,134.5901436,2.5690387,24.3012964
28.57416299,1.518772011,15.55832506,136.3063804,3.377050049,26.54287611
23.45613914,2.241354064,12.04978809,140.0358329,5.881911196,32.80064588
30.98663436,1.780081698,26.70392208,136.7280279,3.697611152,29.21404918
32.40806928,0.456842542,41.29952329,139.8288718,5.197104891,14.60576774
30.09116736,2.182797992,49.67097636,136.9823868,2.74703236,45.96311294
36.96650235,0.823705632,37.30312483,129.2178095,3.214403236,23.51282813
30.52241322,1.189782746,39.03743882,115.3973834,6.40265545,37.6306025
44.03543945,1.362742623,49.99291109,141.4177292,2.210833162,26.01489746
34.98193795,2.141215851,36.44216871,111.2311661,2.670801259,53.60501489
40.18694839,2.335857988,40.55772451,149.7000037,3.289736112,37.75756923
22.73389758,2.331166907,35.810867,143.1383396,2.121143355,63.71041111
29.93228232,0.119090035,54.02291167,136.8364243,2.572272191,22.46107459
28.42119254,2.312532365,21.77583093,148.6642709,3.688348866,44.87325328
34.2370597,0.230528718,23.19967923,134.4988113,2.557504709,19.37000752
41.527838,0.737856776,16.39807308,112.2573152,7.19671658,45.37083652
21.95845544,1.335970851,50.97333757,132.375287,2.396442743,47.69314897
21.81436995,1.251821654,30.58886453,121.0881674,7.165902195,40.77271034
41.2579427,1.551303505,27.39469704,124.7791011,6.937160516,24.99009041
25.32125215,1.250670949,59.06743585,128.3834062,2.604569567,43.99553561
36.71883136,2.342501631,56.34016832,140.9840299,2.151147886,46.44971047
33.57195331,0.677317236,58.59938411,130.1171686,2.299952089,32.47597772
40.82233987,0.757659266,17.11494984,128.9872116,5.542268387,10.90345256
23.12722275,2.309771046,54.56259066,122.0788855,6.022121747,43.31823521
23.24457414,0.284174833,26.43547997,131.5948897,5.723920347,19.9467309
33.92045901,1.562945973,10.63283851,119.9356342,5.248861112,27.74382179
43.65946633,1.736166285,29.5649168,120.4397526,3.048104544,26.5771567
30.37494396,1.313300136,35.45981766,140.290351,7.045723368,24.68959503
28.17355251,1.766156509,15.41102118,123.7018906,3.965329618,30.85155587
35.16723308,0.51461115,36.88388084,112.0559869,7.917069177,53.84662063
43.26121501,2.146317359,50.97317921,123.7470914,4.309146787,20.50367481
40.92319582,0.436061655,28.88254754,135.5428883,3.578029064,18.12827356
44.88709027,1.061949866,27.63224033,142.5594235,7.365504883,19.21514594
20.56421458,0.280618243,26.94052101,148.4774673,5.404484979,13.76449723
22.82145362,1.408506589,56.15472229,139.8488169,6.331102641,29.85400162
35.23669408,1.707389938,12.43790494,127.1540644,4.4503927,18.02621436
40.51441098,2.358931924,32.2538071,121.9647712,7.321493036,21.19953946
27.13110856,1.87440687,23.22997271,115.1851996,7.506351278,45.12674176
25.9802772,1.398646999,54.69035127,135.1074574,4.620613587,28.63102233
39.67439498,2.338280841,14.80261318,130.3953326,3.444343012,26.87818334
21.40954635,1.248248411,30.57213833,137.1080607,5.886028307,21.48061814
29.23456619,1.446893567,30.3408076,119.4853263,7.727506003,37.96802434
32.64523056,1.530636466,54.41972088,122.9457667,5.734678757,30.49838411
34.00871686,1.083951342,20.77467225,121.683814,7.72533463,33.07163117
38.21537892,2.112358457,42.24477052,141.9060737,4.06284779,25.33765365
28.87114309,0.544422253,16.72030634,116.8491926,7.490474425,42.26204872
35.31710862,1.431621257,57.6987857,134.3388847,2.675400994,33.58603453
34.63438557,1.833359815,39.65074796,112.0542006,4.153006514,44.41401575
33.69040252,2.269542813,41.31283652,131.981103,4.966827407,25.01103515
36.01208233,2.221404151,31.68867008,112.556559,5.91866203,41.23208092
26.48622928,1.320976695,27.11413563,117.0350636,3.76483547,44.13349852
22.11621884,1.643587483,20.63382147,114.5210121,7.545435803,50.58112474
22.9817918,1.046170567,40.19938769,123.8690142,7.420977255,38.77413091
25.61455957,1.223626631,57.72808727,123.7492567,6.796019678,36.82379379
32.50494839,2.275037902,27.9895477,143.0567712,2.68617515,40.7034237
41.01106876,2.333689584,54.15784443,119.0274981,2.469745707,41.01353575
37.53233355,2.248993739,17.43881564,113.4554697,4.988788731,31.48026393
39.72601511,0.432090068,56.80630104,134.1404716,6.592062534,25.02932555
28.7743906,2.140201651,27.52431419,137.498028,2.739415357,41.03123054
30.11634354,2.376072954,28.98636058,121.7929446,5.848624802,34.80530319
29.84204715,0.966999267,33.14211285,134.1125647,5.167132347,17.98056161
24.79682961,1.344751095,45.9122135,141.0422627,6.355936518,28.13041416
21.53041645,1.969828614,45.98267168,123.9021176,4.612251357,45.55502009
34.77290232,1.44898753,33.97942924,131.0141536,6.159779583,20.64100895
44.73041709,2.484360452,36.15764497,115.8653309,2.957652029,33.80140174
24.17074262,1.193712076,11.50052439,110.945872,3.287565639,58.08627429
21.1671205,1.813462507,25.21483508,149.254719,7.420004383,37.05301713
39.48829205,2.002218736,27.30085371,121.989234,3.976250452,26.75551163
26.31465017,1.285840998,37.93636344,121.156082,7.913034889,40.73929004
40.74109513,2.156761134,37.91498837,148.9298053,2.277227586,41.77380236
37.59841668,1.410771019,45.49498989,139.129341,4.97525489,19.05856252
43.64183843,1.087961912,45.85136481,133.4119155,3.949922987,17.10447162
30.22318089,0.358776817,21.76053621,137.9729358,7.975790222,26.89175988
36.54924599,1.044192583,48.50935756,138.3970627,7.940208538,29.57293835
31.62136952,1.861447491,10.9801784,140.5334352,3.411459751,30.46313164
35.76471743,2.311087388,45.80809423,112.6875693,3.603541278,48.93020462
31.23997265,0.704030569,15.10305518,126.5132568,6.498033312,23.22426429
24.71580616,0.952565242,46.48241042,121.8052127,7.338046588,43.74517063
32.6974354,0.469506386,36.35590453,112.8227855,5.982181927,47.06228068
33.21460504,1.757734946,31.86272503,126.5039599,7.18825373,25.6331844
40.26509621,2.404452232,44.53331949,134.6469394,2.379754732,36.60615747
38.38801764,1.638285328,11.81854169,117.1399072,5.843170888,27.4396634
36.5947906,1.580983672,21.17351628,122.2010698,6.201025335,22.57579191
22.83467739,1.428375833,40.82200712,135.5668329,3.141914378,36.33429949
38.01540727,0.312293778,52.36077033,133.1729863,6.667821256,23.95587364
32.50762891,1.850809183,29.05538185,144.7514185,7.665591018,29.10101548
42.3524884,1.544918905,22.93807363,141.6492388,7.387798954,21.96454698
42.99677335,1.687544245,35.93682179,148.6244421,3.469804507,27.35287224
21.37891477,2.257146623,41.11576262,133.8877324,3.943955828,46.18480466
40.51603901,1.981505889,31.00515157,137.9386947,4.997668214,15.61632471
20.94243476,1.974196605,53.83553413,144.4202504,2.950167106,53.83609873
29.17924064,2.325241045,36.17193544,143.5996978,7.723718979,33.18202036
33.55749939,2.475843884,11.79117938,138.7488657,2.969579778,35.5514052
23.70251997,1.495078557,21.15269774,130.0102484,6.568537748,27.9750711
38.65784531,0.361315878,32.53235155,120.9282755,4.048568907,29.29824822
20.2088676,1.201911779,44.88627595,145.0886302,5.442324786,27.81850514
24.21497621,1.990242752,20.98761219,141.0662177,2.283042946,46.10247311
34.51992075,0.166540779,58.81287199,143.5162781,3.230071145,18.97063931
37.85968905,0.236529852,25.92791291,115.6315727,4.66634743,37.09055233
42.91607757,0.261178678,36.62401034,122.5925151,6.063147303,30.19672866
37.6374163,1.85448582,10.94831924,126.9954015,6.665371557,16.7319148
36.79448176,1.302799909,54.24453607,143.5340789,2.180843107,32.72192758
29.85852866,0.985355064,49.44173268,145.7154669,2.914941296,30.49977152
20.03211064,0.353480909,19.77290021,121.3957086,6.378750432,34.60693349
23.00398147,1.8573766,56.66183456,137.4571667,6.878332555,34.18753906
33.36386362,0.870447545,25.79198819,113.1125682,3.419429164,39.55811332
36.87824715,0.736777768,44.60931442,126.3829309,3.377918282,25.47078744
30.4362071,1.665566084,50.9488159,129.4667643,2.528176637,42.09242099
38.26697529,1.441626142,47.04572306,140.6253126,2.901763854,26.21290987
33.04655738,0.96978554,55.8791392,145.6788895,2.048095351,35.49658972
21.85440489,1.63956993,53.21373802,123.4913294,5.538987439,37.97147328
24.80040627,0.750931649,59.7305757,131.1095556,7.423348065,28.99972937
40.99995558,2.007592628,19.13057063,135.8979289,2.897456597,24.86283788
38.12281867,0.650365481,25.23809006,123.1474892,6.508661981,26.92854652
42.36904968,0.481210469,41.81129337,149.4215285,5.441952118,20.11131007
22.93893123,1.977854583,46.65235929,145.0309752,7.639531356,39.07131129
44.75556337,1.798940874,36.73025273,121.8561132,6.788735135,20.52282287
25.23516785,0.538333542,13.69641824,130.3178492,7.116374137,22.43587889
20.29449691,0.378989806,52.07976134,119.2336245,5.834852914,41.13428145
44.93557348,2.112157812,58.0437178,130.5801568,6.868016717,17.44741799
27.02684714,1.963836357,30.27584219,137.3332938,4.105217021,33.43745418
36.70048631,0.885417697,21.24062408,113.4208437,3.254105569,40.59972078
24.41705785,1.67967378,10.96568775,144.8046882,7.475119827,29.9506737
34.5057133,0.397984448,21.8649518,133.7498347,6.406015268,12.54700553
42.60087466,1.316914382,44.99593874,149.5841159,2.544217382,33.51120846
28.00452919,0.144952701,55.57946938,111.0236603,7.201457167,64.03996721
36.7563494,1.039844514,14.67565332,143.259934,4.09342364,16.09524372
24.69758972,0.279622772,37.66295936,141.6785219,3.789666743,14.98930741
35.61988497,1.240353232,44.77656243,115.3141005,5.739881404,34.73081359
28.4112588,1.112035952,23.81904106,123.4122254,5.411591817,29.94857274
25.28020646,1.166524064,38.49485196,145.3918481,5.229540327,25.33139869
27.82955127,0.208795125,45.7624213,130.7381718,3.5292631,24.29849837
24.47102671,0.967879219,51.88596216,126.0512595,7.758642508,37.18559564
42.5479027,1.915561238,32.62499254,146.2198573,7.700725543,28.65418319
29.92967216,0.985394496,47.39286095,113.733781,2.02497314,57.14494474
26.13198262,1.816412686,25.08914859,128.9249113,4.026965775,32.63183573
31.21019603,0.986748937,20.65233734,136.0949639,2.273291984,26.89198876
28.01340417,1.11577466,19.3656873,134.3416576,7.101492598,21.89115894
38.61048135,1.453341071,27.94363659,120.5710582,7.31910943,31.82466579
44.2804978,2.381636648,11.79398409,132.5325162,5.109789702,9.3446614
30.95084142,0.361265072,24.14959188,138.3424706,7.038068207,15.97927412
41.525835,0.178993045,42.61114122,133.3954163,6.220161895,18.7590156
34.14657684,1.559097241,42.39595236,137.378489,4.997443658,23.6844396
23.93089163,2.377833013,13.67769032,120.2431496,4.182868394,45.51674287
37.26556855,2.475335518,24.37078085,143.313958,3.597350152,29.9078493
32.83586243,1.261994194,38.47788323,127.9875815,3.556574825,28.10784437
36.26516308,1.223395891,25.92760688,149.4889538,5.372386305,21.78466597
42.24218531,1.64791305,30.89940121,110.9314128,3.000852959,42.77104012
31.01086427,1.433523417,45.64053786,125.2126148,3.048751257,38.12912602
42.52944058,1.621811338,10.46334147,117.2190021,2.062360042,39.56484844
38.76672536,2.197598621,23.8196772,132.2243811,5.679968357,15.40962247
32.21512315,1.891134807,17.11861219,119.7282038,7.966065114,30.08624071
35.08055339,1.29250574,16.38045914,139.4991179,7.335316253,21.56166822
28.13952831,1.208474702,57.95201082,145.2746345,6.234138827,29.47714637
44.58993249,1.635044196,28.82801658,118.4353741,6.713151787,21.67788492
36.68377908,1.193695083,36.35442925,116.4271047,4.501116298,32.10621018
21.09617131,1.198670443,46.69109435,145.0142874,3.788477329,33.19213854
28.16554764,0.139134164,12.37237374,124.4508766,4.211769691,27.5421886
35.58286084,0.51775393,22.05113193,127.3833454,2.48853249,23.47589078
21.40833194,1.272432736,51.60738937,118.8387801,5.802771188,44.90032652
20.59710478,2.074368302,53.09953066,127.0125947,3.049190133,50.83738729
31.25060599,0.768944816,28.64754603,119.2520029,6.577269267,34.90408417
28.31725449,1.35434424,28.74307998,136.6370976,3.139858774,28.92651405
30.9574652,0.927909003,47.84484386,129.9550565,3.368744152,31.08975664
26.56733275,0.351529575,24.75351134,141.5224178,7.743833836,21.61768626
24.11794367,2.399916359,15.85470406,122.5091246,2.632375472,56.6528557
37.22858392,2.151217289,22.87677251,130.2238006,4.993055235,18.62164371
32.86427791,0.288381819,29.36723658,120.3809329,2.376119044,36.89034068
25.00385528,1.82748943,12.61023548,147.3789572,2.542345952,48.34802721
27.98973566,0.93419177,33.93401271,130.8774267,5.801002173,26.5997211
34.79519769,2.487639537,47.00037564,116.9384999,5.784363578,39.02327921
21.80573371,0.825756448,35.68725722,120.9106264,3.158721688,44.25525032
23.68632523,0.672972269,13.59476703,113.3160786,7.234919092,49.86103828
21.8311401,1.462937316,32.00748157,111.1126398,6.213121974,56.34323032
40.30793332,2.104302792,45.4452304,131.036873,3.803663497,25.30085096
38.81023083,0.562045292,12.9048327,123.4849169,3.490319348,23.27943507
38.8328233,1.802566647,12.99235949,148.5509382,6.525711519,22.04167086
37.90813359,0.2473758,28.53007016,116.8532559,6.401743545,37.83254544
36.73463559,2.305443383,19.74819821,141.7565061,2.892991469,33.12181423
31.92479788,0.294579799,56.73903957,122.6388577,4.095127092,34.84003545
36.05695409,2.294155303,39.06718019,118.9414954,3.30006348,41.48336083
20.95903887,1.277937399,24.36626997,148.7854728,3.764865177,38.69819219
35.53661057,1.175418671,45.23883646,142.1030639,3.725383775,24.22242721
39.44694264,2.435936991,28.74645257,135.2248357,7.8561422,20.54617621
32.50895901,2.476922026,16.60578222,137.8848415,6.501268239,23.52015
28.93783321,1.660427502,21.86161149,149.655259,6.680312294,28.91401987
26.93566837,0.4050863,42.13736422,133.7282964,3.664538992,25.14633553
36.07005125,1.314808206,12.5938053,114.076018,2.00316251,48.22801562
37.32002997,1.369991442,23.634452,112.5946451,2.34894203,44.636804
41.77419,1.334671428,20.41557388,136.6642711,5.3179986,13.29155299
28.55835206,1.466780412,20.05675553,136.3040458,3.712886833,22.91637367
39.24430768,0.144939313,44.1381206,139.9269517,3.157727604,18.164026
34.0338956,1.806945476,51.29084584,114.3511492,2.29784553,53.21450942
42.07091227,1.809746325,45.7933304,147.796091,7.255290437,27.55794418
33.19530271,0.37712746,42.28639079,132.0463366,5.600764082,16.81311995
32.94074571,1.468574662,55.82258859,135.9822208,2.644239287,35.59965296
34.44692704,1.464066838,12.91961902,111.3940953,6.598424097,43.58247611
38.73288388,1.737881008,18.3741543,148.4389686,6.534953546,22.53068494
44.11726197,0.304954461,30.72034278,132.5036739,3.736421846,15.05537298
21.83908386,1.603607937,28.62258218,132.5345245,3.130561349,38.13565626
21.33586506,0.773804682,30.90258015,147.7422126,6.883891257,22.9237163
43.43875844,1.316807177,20.32274525,147.1740071,3.977388396,17.48483229
33.24689064,1.955976526,17.47516578,118.8119437,7.084568486,28.71930916
35.37257536,1.793550247,35.45966237,147.2439529,2.261909678,43.22764787
32.06059004,0.385367242,56.4026262,139.4648516,4.995733693,13.88797494
22.34143632,1.518843489,29.59847312,110.7560291,3.077571688,66.72854024
39.20223446,2.425879674,12.16766071,119.5937259,6.032268879,21.84110699
38.68061613,0.47624665,45.30836714,126.5192058,7.983282569,39.43205916
27.79258304,2.146977011,24.55524528,133.3128982,4.475066192,30.72026202
27.65598113,1.786115393,22.25475037,138.0531892,2.601863281,37.08808732
40.94603452,1.957607951,26.21290003,118.4084158,3.906038717,25.79336224
21.80893144,0.776699985,46.1907762,143.4680206,7.349038997,26.97617417
42.02762871,0.790933431,50.94096934,143.828613,6.594566145,21.40180762
26.41654225,2.274446694,39.40280337,135.3999528,3.393269971,40.41449283
34.82461869,0.963596877,26.12393769,146.8437564,7.721592316,24.89925079
43.39985448,0.251236938,25.52391166,142.5192971,5.733127608,13.63694422
36.95306254,1.541432089,16.2154175,118.8649464,3.008296402,31.34890439
30.36074531,0.399562406,56.66505241,141.9470747,5.433932855,19.86525003
37.23835522,2.011830979,41.90696995,148.1280832,4.707661206,30.41808945
28.59949091,1.640191462,11.34873099,115.5042579,6.918186049,40.01093751
26.93146041,2.199343613,43.11835476,149.1479154,4.064960178,45.48558587
44.91708195,1.983609399,32.35767121,110.9997119,7.249869919,31.16517011
38.76975578,0.369072756,58.62789815,130.8866898,6.871822319,23.82567684
36.11799943,1.014569623,50.95344124,140.9557256,6.047620707,19.1215766
28.88224108,1.9589446,18.56578769,141.6175241,3.551643334,34.55261233
21.22902073,1.101619536,46.00555594,139.3869028,7.821977458,31.82511951
20.7764219,2.433677163,34.27830019,131.1740549,5.292000682,42.9142888
33.85453139,1.86577708,19.35225818,136.0385729,7.44508387,24.01694581
39.05081803,0.1371998,44.93699537,137.9972874,3.294379396,19.25778066
33.43447976,2.21196566,37.36937893,129.781569,7.900269813,29.01876482
41.0196268,0.341931484,11.51869394,133.827399,6.896355374,22.72569521
20.83566333,0.437256938,42.32939753,143.8547221,7.695361301,25.8196554
29.16880191,1.862781761,41.74935449,122.5151608,3.274194394,46.23228018
25.92675978,2.175924543,17.20425805,130.9282531,4.583948471,31.11962559
31.1818242,1.387239107,27.44938635,110.3391888,2.585803531,56.62635566
21.80940983,0.793719359,39.29494854,137.497456,2.821817639,29.68677723
43.85329104,0.943157309,16.93915071,117.8154186,3.703751982,26.04739995
25.58138503,0.922934391,52.63616889,129.2400501,7.709753963,33.16531991
43.05769439,0.884027449,11.37430231,118.4082087,6.003150087,26.86405569
30.64732888,0.682983212,15.14187075,110.9413486,3.887793842,48.26558161
44.63810333,1.561281027,15.80534599,129.3288221,7.727439913,17.66536946
33.85145959,2.260972765,36.4053563,126.9933443,6.43838844,24.96837417
43.2708216,0.836997791,41.00570061,127.0059805,7.441874079,30.33670682
20.13372472,0.548066314,30.18703983,118.3522464,7.563324763,46.84004329
38.70597015,2.112586399,24.43334138,147.8881836,6.504618499,23.0576295
42.57626633,1.880279994,50.46586878,110.1402861,3.458800579,46.00666978
23.49301417,2.334008876,13.41429919,145.661818,7.979533731,37.45840152
22.40314629,0.497247365,24.01459306,139.4760769,3.95054504,19.52418346
30.61431518,0.446203154,11.95577894,116.8828813,6.030234497,38.36218046
43.34197265,1.399430546,10.69450675,128.8876795,7.06887017,18.42833607
33.559664,1.574640772,27.66899435,149.5540033,3.050905967,32.48002779
33.18641159,1.25241626,19.74118312,135.7479295,5.65425008,15.26844434
23.52815296,1.537519927,23.41829274,115.095069,4.251036662,53.62453499
20.01973778,0.532911445,51.04735787,128.3056896,3.465734418,31.97453356
40.25350227,1.25107301,18.14900481,128.7281239,2.070630877,26.93493596
22.18936407,1.679422146,49.01166836,142.0905333,7.231844383,36.26786347
35.84624547,1.138495478,43.75253116,146.6465173,2.815289283,28.09604542
42.86541136,1.730673606,26.32227626,113.2896617,7.268702964,32.55860193
25.21629783,1.182859073,37.32780726,122.5614915,5.604143593,35.84979284
36.63182091,0.900638994,32.22178049,121.9375251,5.726333327,27.44206781
21.96746442,0.828652113,16.41976577,149.841925,6.971910766,23.89071649
35.0938786,1.086164942,55.35926609,132.3690847,5.05664688,22.33168222
24.09829302,0.155415094,38.48089838,145.1932598,4.143707409,14.65088541
38.39883901,1.704460332,54.01200229,127.041314,2.832840104,31.46618811
27.53078237,2.128253538,51.19132559,138.908926,5.422492287,35.3402991
31.58477522,0.951105027,13.98879627,121.4634257,5.319002326,26.52333725
34.98576355,0.210479527,20.3635333,146.4714409,3.763378914,14.47854181
24.28183527,2.468261434,17.26305572,128.2058496,5.600341554,32.65553113
38.54094547,0.732875813,51.53897664,142.1490199,4.636201316,22.91274018
27.56600852,0.403890692,53.12233132,120.2326753,6.833180923,41.81278713
36.5592965,0.987406019,36.39857549,137.7441737,5.356917546,18.11322201
23.95707627,1.872536898,15.20890363,126.2063362,7.602071518,34.28382458
37.20294148,0.805399833,16.78083093,111.2575769,5.10789781,40.53981839
23.20470182,1.479287689,50.67744062,126.5203302,7.324971819,38.79319429
30.63391241,1.097343987,56.45950683,132.0008657,5.123150828,22.15143005
26.18015184,0.382633581,19.97378426,116.0704646,5.348208822,39.09309098
38.70938124,0.89268883,10.55687882,117.3565242,4.200847973,27.03813621
26.55087511,1.839689214,26.54764526,128.5945119,4.401014741,28.11546311
42.04293266,1.568809354,11.52496948,123.7091885,7.598608924,20.99642256
42.29550529,0.387468112,51.3987458,127.6296215,3.339694412,23.11811295
24.91103288,0.491973783,34.57561286,128.4330796,2.72874633,28.74016598
35.34614863,1.637760062,42.09303894,115.6030417,6.981265471,35.65001713
22.19294104,2.052196994,30.57424381,117.247783,5.461464798,47.01046423
29.78842749,0.93873879,27.27537735,143.9266157,3.707883887,21.48200219
37.83304324,1.528745804,21.11002065,116.5087476,4.594401322,29.87577235
36.48558117,0.509544613,48.52662735,136.6365733,5.149431361,15.7511666
35.61751674,0.847303209,44.77737922,126.7411219,5.552841541,23.45824827
27.06352159,0.148648494,28.03644922,148.7294674,6.926306138,18.2120954
29.45062374,1.943862275,26.05580671,112.6441745,4.366113965,47.72145436
22.57365362,1.062423567,10.06214393,143.2155546,6.059018679,18.31103354
37.97557051,2.058701377,13.1776065,129.6579692,7.008601843,17.9790209
32.59721992,1.80009519,41.16277624,110.2140948,7.062640736,46.40046798
37.71914081,2.088986238,35.73036551,120.5464088,3.52547123,29.85635618
26.22358812,0.785580807,31.74016022,126.3078741,4.101038266,29.59800384
28.11095572,0.544260953,51.37511204,122.5677901,5.569436206,35.06075796
28.35538343,2.432573638,35.19491022,124.4979786,7.314634347,33.08853865
20.64356024,1.821586689,29.22467907,146.6668764,6.74267652,33.74306856
28.52619682,2.101701443,18.06281738,124.4373613,5.503777408,29.03128948
40.08261434,0.131520097,51.03440041,126.7531752,7.902401784,41.32135004
42.43246239,0.950707889,38.81241251,140.4452621,4.633923377,15.6021573
32.95545789,1.882760057,14.6229983,141.7533426,7.054703427,21.72242114
31.38754238,0.287158799,42.4449199,113.3635861,6.91052228,54.24102389
20.77061547,1.461615831,31.25353727,138.1628014,7.44822987,27.64509094
41.98010844,1.129774642,50.56931118,129.3028781,7.92607013,29.59365745
20.32525534,0.142279617,55.94572985,115.3541557,4.974180185,48.11532999
43.61875201,0.666341385,40.02329066,120.5884226,3.173777892,29.75387613
32.23040622,0.783500774,46.58064097,111.8014199,4.765372141,50.43062249
28.54836234,0.368463871,12.82954238,124.4094876,7.123309262,27.12946219
43.10546087,1.615688583,38.01277275,120.2162576,7.016639806,23.10748519
20.60977483,0.681754903,47.76699892,125.2841359,4.015819446,35.90588248
34.53562237,0.766286799,34.83810747,133.2136219,2.283840842,30.19757641
33.72331311,2.255772636,39.67750448,139.2935821,5.059052587,29.57425743
25.48301003,1.221095422,54.94740928,134.2140795,4.844605574,27.6696669
30.72218578,1.041107553,19.9049786,137.1350921,2.514583867,24.5630501
36.30660015,1.837290492,14.91232538,144.6255648,6.769339734,19.54520232
38.17827992,2.283073113,44.53218066,144.9529777,3.701541644,35.54803153
20.01792147,0.160087207,51.14244528,144.4287739,5.874512553,19.81411154
43.42133575,1.175773232,52.52450943,116.1267566,2.608927176,36.9520834
24.11313431,1.565875255,42.08222485,120.0427653,7.164219037,40.94526392
25.83951086,0.864551436,51.66067091,130.0930122,6.435647019,28.22361472
26.58683614,1.953778533,45.03321029,124.3495718,4.330536254,42.73578772
20.94550341,2.431544969,14.3688458,115.2667587,5.776933696,50.35712229
23.07630309,2.364225679,48.10217539,121.5100094,3.124723356,56.30641088
44.65874807,0.738358095,18.96798448,149.0171505,7.912534946,26.86167495
27.88041843,0.643211868,21.83046713,123.8770702,6.776648253,28.13265918
22.88252726,2.397977274,29.73253135,126.7565627,6.733640018,39.3228991
22.67478153,1.20070837,25.72835332,110.2560569,2.920281305,65.96822713
37.98649919,0.599914535,26.08258692,138.7765952,2.106401149,20.8118564
41.3642166,1.796792713,18.46297621,126.5420026,5.512228207,9.974915165
26.42380749,0.782608777,24.69355236,114.1256025,2.864723671,49.40759889
20.52273781,0.74139274,10.9831295,148.7422695,6.682600739,20.4989486
25.57725046,2.210197703,33.64554733,141.0973285,4.496456841,37.53667563
21.41289227,0.489949968,48.42954794,139.0460036,4.031565494,22.98197858
22.58487342,0.254543072,53.11236846,148.3148934,2.441895575,23.81402782
30.787703,0.746047456,51.02142795,126.2992034,7.97639048,37.08706476
25.74795927,1.556668991,30.82288595,138.7413416,7.736064682,26.51028557
32.89864696,0.395410848,46.52132406,118.2483159,2.789581447,41.25728357
26.33734383,1.231827213,24.3945387,137.8848219,3.996869625,22.80088649
43.51343253,1.605609065,12.77812364,110.5631637,4.344725228,35.20242445
42.6485992,2.136968782,43.79857627,115.0522152,3.780806469,33.31993567
34.17015263,0.651687019,42.43980824,127.0103567,7.606811358,31.77560186
28.8605998,2.061631176,50.08146977,110.4837078,6.328050974,55.00729704
29.52867205,0.663775027,40.80531034,128.4786342,7.735498434,31.24489062
30.29630708,1.724239699,17.84458125,130.91167,7.247032415,21.30731287
38.18948305,1.133616572,52.6581196,134.8642639,6.527249117,24.20773554
31.29097489,0.375234982,41.3626394,114.0154671,6.181802642,47.80873056
41.41824866,1.814232311,50.38048495,117.2404765,7.196974946,31.32055906
43.60236965,0.622630285,48.70535602,134.5313348,6.104899381,18.58033864
28.39865383,0.523896222,24.89322436,136.3275085,3.132318794,21.30899331
34.01736203,0.959975029,13.72764874,111.0360091,5.888759099,45.27470745
22.37641342,1.667896587,18.82522045,131.6146945,5.09000984,27.58096005
25.01172619,0.661591549,14.64311672,141.3992693,7.891368063,24.20277811
30.33664417,0.540787693,22.1706216,112.7640351,5.059793282,45.25545284
25.1550679,0.123888702,32.97661365,126.5269146,2.230729899,30.90664547
41.91401227,1.231943433,55.34053025,123.0604509,3.585137065,27.33945593
23.9571564,1.128749366,53.6009378,146.546625,7.504290563,30.16959629
31.39152054,0.661282585,45.92999075,117.4320957,7.774137983,49.64165108
35.14248101,0.228765194,11.20561798,122.7344165,6.37099146,26.42100477
37.2965977,1.130214099,27.06946007,145.9377898,2.341183393,30.75750638
29.57673424,1.991692267,44.11742132,123.2261322,2.141248326,51.50098835
41.72747672,1.816677115,16.45144484,131.2538976,4.877570017,10.59113345
34.20797878,2.165907736,50.0543925,111.3214135,7.998033839,43.66334786
30.98769451,0.122998451,55.728684,149.3960974,7.215780425,26.43300577
21.68101585,2.41940636,27.70522233,142.9978683,7.598645725,41.0320291
31.61723671,0.919389406,45.29215309,135.3760378,5.74124903,23.54747886
40.51839602,2.476954711,17.41020663,112.4302109,7.15474837,29.9768971
35.36352546,0.706286705,44.54082246,112.9947985,3.918190246,43.68609143
40.80406134,1.23168733,11.07277061,131.7989452,2.164184021,21.66500057
32.35029176,0.949426424,17.53857534,121.4025774,7.509503769,33.55385145
22.96154263,0.953825716,45.49407233,134.9115779,3.310583748,32.80510335
20.34099615,2.121477037,45.59251114,133.9276993,6.37091813,37.95290584
27.58048867,1.891405455,42.05813529,143.5460559,5.953803889,32.25413012
37.44976179,2.481163445,33.86820122,121.2550824,2.948981291,38.97680886
39.7564976,1.572435239,43.74540456,133.114541,3.174673979,26.30100697
27.39382087,1.211815851,48.69003991,141.0945328,3.974434889,23.05489261
32.39134802,0.316177271,58.32408295,129.6309195,6.541583918,26.30549831
30.52797261,2.491747407,54.43205158,143.2257466,2.235465468,54.19286335
30.26306961,1.423673567,49.72671013,115.2510481,4.442412442,42.27082118
25.78371783,1.781145927,44.73787584,139.3559106,5.990679238,29.30299961
23.40927763,1.076181729,38.70777727,147.7192837,3.028825676,30.3649755
24.91721396,1.4145177,16.03044117,123.2753328,2.716503635,40.06601544
21.38330968,2.362186557,18.2778421,124.6534577,4.341273446,44.51722193
24.95326855,0.499406651,51.01397803,113.3419871,3.719355307,50.46137259
20.23002244,0.801694202,50.16564561,135.6597112,5.894573985,24.33121887
35.68146002,0.464943347,40.7229463,132.098029,7.817411219,31.11858393
27.90938518,2.001318169,31.94200664,111.6138303,2.026813616,65.97452692
44.32861779,0.248908625,11.30163249,140.0884811,7.414279475,23.68750581
24.84292627,0.29591596,26.35884713,143.1713798,4.599338218,12.80287739
28.64571426,0.816385871,31.03198288,146.2847842,5.984046376,20.73636773
28.94602897,1.334051634,34.29081431,131.8293634,7.106162197,23.67886238
20.2112874,1.075059521,56.46622993,128.1032014,5.440751967,34.69515878
40.98019883,0.207559146,15.43546999,145.0454862,2.583870963,14.35340806
20.7998615,2.397979739,35.94334599,125.9478728,2.843571054,59.64005102
43.50449587,2.386886849,28.39611485,136.217725,6.735680254,15.04973256
42.30185878,0.770455176,59.50490596,134.6144903,3.374589389,22.00928353
33.3880479,1.855661477,53.09320081,124.886444,5.414225697,31.21697214
33.58988937,1.488580987,31.93929271,113.4755975,4.568483075,41.43804771
36.34444807,0.669944068,59.98478047,110.8566215,3.821833897,50.66240221
29.6762503,0.729211724,35.70316232,127.1295096,6.721805385,27.09908407
36.18055708,1.278767618,18.35588983,129.248063,6.387299913,16.53873416
21.11920972,1.10616866,37.79373459,142.9071307,5.876653307,25.07461069
21.35119068,0.798950388,21.31028829,126.576466,4.236028211,30.50944257
31.43076049,2.038027831,41.815642,121.246395,3.358821944,44.61086846
33.74055753,1.255511002,56.87200874,128.4838587,5.095369706,28.65558663
42.19544101,1.67163535,49.30992884,119.5196192,6.902624602,26.48430018
22.61651585,0.5542564,23.65818452,113.6544244,5.453989822,48.26659625
40.56619818,1.38041839,24.84293125,114.5217213,7.820837859,38.4348658
25.25118343,0.863142519,13.46441015,122.7661784,2.092624928,43.77039498
29.85209121,1.363392665,24.29339178,110.5070567,7.990080688,52.74494041
27.91506087,1.973982,14.63123998,118.8081315,6.148454278,36.43264302
30.00388182,1.945391704,34.97243597,141.5009256,6.996044103,25.80815066
23.76238745,0.950129627,45.41735397,119.3846877,4.009714207,42.68731682
32.58925186,1.766265081,47.55905807,114.4291804,5.050047969,40.3430184
40.04106475,2.359095881,12.97646161,147.9632224,6.781935487,21.82668757
31.03835026,1.601606392,26.99779491,134.8988047,6.563896834,20.37849839
32.2653394,0.456184296,24.40858833,112.401038,4.004206573,45.20116215
41.21918963,1.73130071,15.21501615,112.4897587,3.94646141,36.26006359
37.65145287,0.351770527,28.12356555,134.484885,5.976867217,15.22840935
32.26136021,2.193064981,24.96600546,131.6051521,7.601955089,24.49723108
26.4423912,1.33998519,41.72496147,112.7349909,4.632715944,48.21536917
42.12316867,1.024337767,54.16513319,118.972619,4.117650796,32.95644682
34.42551004,0.236815827,32.74208604,147.1617166,7.368122217,23.40960954
25.52869025,1.013880963,47.33325864,132.8804324,6.098336369,25.00403969
26.72799382,2.267696003,17.30051836,127.6130159,4.329655878,34.23358965
40.07832722,0.150359191,54.74831893,120.0062165,2.343657385,33.52719437
21.10363905,1.239155579,17.62973691,115.3479217,6.328935632,42.67981207
44.80230468,2.334779419,19.60505903,126.1052674,4.117318944,14.03276283
23.25879199,1.047618399,15.32319018,146.8946624,2.423397187,33.88465711
39.90171313,1.12762165,25.48397508,111.9484558,5.673734523,33.12441746
29.86938292,1.488544132,37.62052234,149.6391526,3.938041223,33.71846403
32.30540458,1.211049601,59.39970557,118.3125088,4.03073905,41.05546648
42.01626444,0.504644059,49.66840173,126.3506944,4.875020784,19.33059434
30.32277974,0.144533294,29.02179014,111.8020523,6.304848604,51.7366298
33.43734384,1.563547979,38.7923029,133.3912881,3.657982866,28.83681944
21.23249156,2.309935809,41.16540155,129.3422106,2.485675495,56.78162342
20.05868685,0.355273919,51.13636106,136.6682814,4.546554329,20.59489653
26.11999683,0.606286526,46.82258927,131.7071251,2.329552539,38.12559662
37.01457732,0.988550766,38.46455635,125.9271114,6.183611059,24.93660307
23.03162233,2.04098135,43.45915135,139.5102679,7.755460808,34.75107128
22.84404897,0.74622476,47.29588055,111.0008451,5.952552846,56.71878978
30.2740152,2.21693057,16.65720296,131.6411608,3.652342699,33.13651518
36.19592597,0.231898899,20.02277307,114.5550482,3.090214325,42.19415104
37.80179981,2.358295891,44.42921445,127.4403333,3.396701428,27.30509259
24.46126685,1.445792987,52.5212781,141.6450127,3.329660019,31.81205614
21.98970368,1.681066428,30.46311413,115.6984299,3.882983036,51.27373862
43.50992585,0.982454854,58.99451612,147.432414,2.584080069,27.89368186
26.51665956,1.976786285,20.80358663,145.5401877,7.374314346,31.10989433
41.33366244,0.499759,30.8349641,126.5962028,7.310722972,25.27463171
41.58728626,0.217388381,28.92615217,110.2389936,5.691417521,48.79208379
39.31306479,1.049240663,56.51479704,141.5897931,2.371522201,28.06152796
24.22084017,2.148869714,24.26892588,145.2358321,6.824004444,31.88116614
40.54503648,1.911824408,33.5395389,116.9895237,2.370731502,38.3151614
39.23126398,1.341174329,19.36169198,146.6476884,2.638527343,24.95914053
34.91807475,1.473130593,36.06331193,146.5638911,3.951778356,27.65079338
28.43005088,0.411742783,52.87020847,128.851634,4.588821906,25.64690764
26.56271511,2.117635621,25.20197309,141.9213924,4.12333374,33.15627236
23.0472303,1.988703239,50.53960361,127.7979191,2.991378686,51.83258926
32.74392667,1.675528945,55.56557911,132.5618506,2.672778306,33.90442237
34.63152189,1.218858487,13.64789449,122.7935604,7.15649136,23.64258422
28.98347476,2.414702244,47.82122682,116.3787738,4.179087356,48.42590903
31.88397669,2.209676733,22.76717181,139.8614634,3.311596269,34.24292115
29.08786143,1.646633184,18.76638313,110.0557138,4.92194814,49.6192992
36.02515143,0.992322395,40.0561196,133.1821076,2.220940403,25.9082774
42.53148019,1.583253469,45.28013081,144.5874411,5.601687094,22.99401824
24.09800655,1.481058224,29.73804929,118.8510915,3.490937521,49.90692319
29.53522025,1.046180771,11.95868535,123.3159783,5.589178485,25.80630042
23.5217151,0.836017532,55.43522621,133.4994341,5.684750987,26.7789879
35.62359426,1.076825901,46.53734584,119.8748099,6.855345148,30.57310496
38.22176274,1.477387374,23.58334033,143.8994743,3.379428534,22.3882702
43.29781831,1.127523627,34.84319279,124.6641267,4.780787832,18.20377626
26.97179816,0.732578772,11.3896395,133.2645488,7.771324029,22.55744419
43.75528015,1.926311963,26.96413909,119.0448459,6.362749065,19.97206234
21.5815668,1.37552199,36.12676178,111.6554535,7.852062848,58.12514864
35.07534658,0.262420392,35.86118076,116.9480106,7.564194278,44.36625634
21.42831798,0.983959614,20.4092439,111.8479575,5.664491581,51.31028182
42.34435469,2.223792297,48.83736831,128.744156,3.583582135,22.64364802
33.24522643,1.912567675,24.94310793,133.4654956,6.54154494,23.26138269
36.73370877,0.875792281,39.02050116,111.7870083,6.188715475,46.20793249
40.78934815,2.351639565,23.57611128,113.6192889,5.533340722,29.01289941
23.75776556,0.28384698,31.25839365,129.4210011,6.186975371,25.95459045
20.96478905,2.406963289,20.37573126,141.9671973,5.681518487,36.43733988
41.97202865,0.689692222,41.65038963,135.1203672,5.116274138,16.97345237
27.87333069,0.121826033,31.27921801,114.1884088,4.49573289,47.60453075
23.2244727,1.141139288,10.80586522,145.501691,2.268250247,32.29283506
31.71153093,0.961529031,11.4082497,146.6980094,7.194127515,17.32212938
34.95765189,1.393813612,33.55671592,122.9982731,7.193243496,28.01893998
20.77426509,2.012254865,19.16129335,134.6407117,5.56428392,33.97618085
26.87239146,2.121833925,39.25210241,129.693086,3.607305831,37.91085372
20.81999686,1.062951999,30.40958909,147.6809507,2.168786264,38.2073907
30.50838473,1.131629785,42.72099178,130.3499413,2.008572825,35.53550667
42.37750073,0.455626553,57.6197587,148.3986325,2.437444338,25.19459959
44.56631029,0.214114261,36.43680674,117.973702,4.159317958,29.71284666
35.92618884,1.638915977,49.36893018,123.8214703,3.130375676,31.20871646
24.04094234,0.254650301,47.65204982,141.2538096,3.590348514,18.79693351
42.64623475,1.861192287,56.08955522,141.3444294,6.197962264,21.5393007
32.90619558,1.393816348,20.70089336,139.287331,7.754898646,25.99964704
23.8437328,0.576599148,51.36634854,144.3844586,3.240655058,25.58072144
43.04316674,1.394855064,55.27601893,138.1018469,4.793863605,16.46497078
38.93672627,0.53919452,29.63814905,135.4434058,7.948876409,25.76793432
38.29263182,1.152969298,25.69080973,128.3570005,7.590046389,26.29024125
37.72951759,2.018944759,57.60179548,128.6835097,4.113897818,26.94166766
25.00849553,1.208606304,41.38164111,126.2464597,3.918134281,32.15829219
25.27516729,0.456878364,29.03382426,134.808472,3.453023842,21.3017705
37.20732496,1.837188836,49.59138605,126.2665572,2.932417099,31.70731967
25.49306875,0.548244199,25.22369508,115.8997726,4.760312475,42.81924308
30.96679242,1.872519698,18.8203793,114.2611846,4.04672308,43.69946432
39.55004564,1.250445494,37.19848179,146.978891,6.469025563,20.80439049
39.59881295,1.188980222,38.31060225,110.9895563,3.421199023,48.25665229
31.33154431,2.143444091,51.28732411,114.2186905,6.417993434,43.03035565
39.80474846,1.800648458,32.85136775,127.812195,3.728879516,17.41897442
40.9655449,0.178985913,50.72932698,120.5170507,5.556372708,34.31473604
36.36939378,0.810818355,25.56613397,126.233956,5.830580578,16.62420015
25.71064631,2.190209586,38.76841011,114.6978953,6.030688553,49.42479232
26.85029451,0.143982805,20.42363895,115.2362775,3.052033916,45.20933144
27.87102889,1.408608271,29.27229755,142.0263163,3.696268218,27.55118354
22.92010269,1.846781606,52.87698489,140.3643498,3.476694112,42.25388502
26.82899051,1.592454605,20.79940967,114.1701146,5.456962466,44.58752384
25.23798061,1.925277285,50.51197314,136.7116166,2.454478414,46.91620079
31.38321875,1.841660437,24.14358289,134.3724529,5.1095387,22.87289194
42.7109387,1.760873668,11.72448598,138.5345089,2.524802334,22.53797211
22.61200792,2.071695666,15.4967285,128.9779562,4.02233594,32.36504156
38.0066981,1.649657604,47.29397727,120.7994731,6.120236558,29.33634628
37.18207511,1.065804386,23.10354633,136.5471668,4.47538433,17.09397205
22.39385497,1.232581864,42.70727961,124.8542971,3.682051036,40.2278972
43.06431012,1.820139478,44.95994514,118.758116,5.695143055,25.45496799
34.21180505,2.203134471,27.25592322,126.3451605,6.441614675,27.17480765
29.09313803,0.753325122,33.74594936,140.5307934,3.527509609,20.90833708
38.91346459,0.92098431,30.18835452,129.0317279,3.796399407,19.42559041
26.43413646,2.333774551,57.36744982,121.9945705,5.841763502,39.80665367
37.33774593,1.488428302,25.99744312,143.2747446,7.791339561,21.14050057
20.99278019,0.529508361,19.16615211,145.2657502,3.28322922,21.30062806
40.98520094,1.692868333,28.27964214,127.330017,5.925485814,16.29604814
31.20427118,2.477829173,43.47578538,124.9875208,7.439539046,28.23661622
35.91732286,2.076288555,44.86813452,134.5079579,4.77180059,24.47391645
25.5309455,1.889778728,56.20286577,112.3189778,3.901065359,59.58360619
36.92684282,0.59931197,54.08772424,137.6529264,6.001226391,20.00619299
39.3060069,2.202735483,24.41602602,141.2915042,2.188590839,36.34874498
31.83032967,1.361893224,32.75816245,125.8976771,4.160963303,24.4468252
35.4431731,2.234296053,47.36344941,116.984634,3.547844161,43.51834368
31.4081481,0.891586791,55.82686403,111.152735,3.347730217,56.30229665
42.35228423,0.248922526,26.85825064,135.489824,3.078555581,17.38267308
32.44672951,1.242342325,32.22207171,120.7597363,6.42237981,30.11938929
41.04521773,0.747610252,54.97391352,128.5555835,7.730598772,32.58354189
40.03380146,1.816550295,27.92419366,125.4542209,4.308623872,17.08760042
30.26262053,2.397055727,34.02564931,116.9953918,2.294619841,55.86009967
25.7521123,1.758337963,55.22520706,130.3347467,6.313470882,29.28657323
30.15205331,2.228641431,50.1121609,128.3837409,5.229226007,32.60264743
40.65543439,1.187257633,22.17154625,134.9659049,6.341867683,13.37714544
25.6908134,1.951937769,26.23975327,120.0753998,5.887424985,36.341371
33.11090865,2.123304248,27.64793637,118.5855632,7.432615886,33.31307223
40.1524187,1.806101506,55.63692367,142.5738024,2.842641156,31.15393282
28.83693688,1.318665487,59.94668686,138.0876898,3.014971072,31.18230992
36.05524093,1.602078663,48.70021511,140.8882581,4.049415344,28.69338537
26.14078935,1.78121679,34.21631512,114.9315925,4.948332896,46.64432805
22.73198613,0.707402568,10.5086909,118.9615857,7.554282686,43.79935431
39.85960563,2.042990226,44.87440283,133.0212606,7.441785376,20.41339956
22.47421559,2.380778894,29.46805822,144.2880539,7.231232716,37.03903558
26.78453488,1.216574356,41.64932351,145.6845857,3.335161604,31.2236609
41.37773555,1.782561239,40.33469817,143.2763985,6.378058263,24.48447276
28.66173218,1.868862174,34.04160283,111.7359178,4.300950465,54.61340113
44.32613374,1.689394114,57.21936989,142.8351674,7.587097565,25.77604448
44.49335837,1.41307626,11.15731727,145.9636471,3.287215018,17.35997847
26.70690051,2.215955091,45.60662422,112.2699636,2.847547719,65.533054
21.02445556,1.177424102,30.49199341,126.6512358,7.054311048,34.85776475
37.62658211,0.246647096,45.68952252,131.4644129,6.301445571,23.52068264
31.27466257,2.126935302,43.76098238,119.3100149,6.928530069,36.4154686
22.5188211,1.717555054,10.51190013,130.6674262,2.947660326,41.4272693
37.68807047,2.138220704,24.26692476,145.4382315,7.308756126,28.14132271
20.77937273,0.432513862,19.45457603,144.6777003,6.06572214,17.63786832
41.75491726,0.173807057,18.34931765,147.5934913,5.909364817,17.93163832
23.46631323,2.342498897,46.42383421,129.3643919,5.495503179,41.52152622
23.18279697,0.454547934,21.97756745,126.4226778,6.589258914,25.11752406
24.39180745,2.043165597,33.73688075,136.6315128,4.493649883,39.22061093
44.00665896,2.075703861,22.34944976,126.6704231,2.796927476,25.24134328
37.32923401,1.800892481,39.01169117,111.6777838,5.235589199,39.46444542
40.03428839,0.415029307,46.0286884,138.7968581,6.488611747,23.2324337
29.94087464,1.701756699,26.55373693,121.2393577,2.921884717,40.65490931
28.40781819,2.2338078,40.15104241,111.9634125,3.344124006,60.11183396
25.86210017,1.121275948,51.24273872,110.8248431,6.179273732,57.2689074
32.01620071,1.092440451,14.71121426,147.2544507,3.617905605,24.06601028
33.79571834,1.162859943,45.53352995,120.0830403,3.019645164,37.46593776
35.79437109,0.297452538,26.15724722,127.9159677,7.336352464,30.28048551
26.4279626,2.240861366,16.13249783,148.0230581,2.965372136,47.32090255
43.71635202,2.186038874,37.28271038,128.7006792,4.064891474,20.55610805
24.24396246,2.494982372,21.31311596,113.1443729,4.570581754,54.72063091
44.14132937,1.50443954,51.06808963,132.0774419,4.856839914,13.74848995
20.37140306,1.902859927,12.14479548,113.5279461,4.167859555,54.74420634
32.0281423,0.586412575,14.93264481,113.8035151,7.475230996,49.20720455
28.33419595,1.702069164,36.0498063,144.059083,5.951751327,26.74251535
31.22808535,1.659358837,39.4470892,121.5768617,4.156967895,37.35437728
34.26661447,2.262900966,46.49433323,137.146808,4.146318317,28.52146358
30.88972895,2.093902535,22.96303641,130.3569734,5.017714995,27.45930355
30.37117126,2.35231951,52.08802041,118.8930676,2.201979225,58.57887854
38.31808539,2.185200334,57.65711699,130.7128119,7.559857033,25.76387763
37.14690688,2.184865348,34.95196518,112.7597414,3.339856266,41.81420295
40.83178205,0.252935984,48.02656825,123.888494,6.185555394,30.71775761
26.24897453,2.130308686,36.24241773,130.913449,6.666336482,28.81805814
35.23821274,1.557948147,13.47335147,119.1357735,6.964298091,27.77618113
34.62986963,1.013066684,26.30557564,136.4075252,2.993853859,21.69220017
29.24344527,0.235635099,14.37433448,112.0724769,5.220158419,46.02728071
32.15143855,1.726417059,59.44395596,129.3923959,2.502046173,42.80816909
27.84455358,0.887684201,21.4512956,138.5998313,6.828754072,14.82634321
23.54610994,1.222663036,41.79502097,127.1978424,4.918709204,31.39688476
25.34503027,1.736148249,24.2172551,144.9834566,2.950934354,38.63972653
22.63784116,2.288258913,42.66231077,135.2877112,6.312073674,35.78147977
37.07673938,2.081048597,20.52008454,148.3397166,3.987019093,29.94238742
36.51818483,1.18143311,49.2635033,121.3648725,2.687039623,38.78800317
43.76515929,1.030679578,15.54058014,147.5515732,4.76644295,15.54298067
38.24196034,0.675471373,54.75752,134.2729036,3.411479592,21.85954898
21.30114597,0.993824203,52.02108463,139.807156,7.701331014,31.87113297
42.10612935,0.36651133,43.94036718,146.0864447,4.168169947,17.53029603
41.56687907,2.43065322,13.37073136,132.0478875,5.434717431,11.83993039
31.08300802,1.477401866,20.42845142,144.4872317,7.690165991,25.26092843
34.64657626,0.406734023,52.96807978,131.6678776,4.362327119,21.17718445
44.40195831,0.946734422,16.09872172,133.9679571,4.148761243,8.526558986
33.3076091,1.412893945,17.79660482,127.8039429,2.974433842,26.73912808
42.63304571,1.378925528,37.20016619,115.8255421,7.629821387,36.24802002
22.07596895,0.185208085,23.70887198,132.1401293,6.80446867,26.17899323
24.77629672,2.382018482,21.103785,149.0979292,3.326065934,52.42792619
31.01887359,0.760901636,38.79067159,141.4874398,3.996046566,20.22910595
34.61892021,0.138843205,28.62883382,139.8999394,7.489470668,26.96305702
40.4056963,0.283465621,17.02799484,135.7323521,5.223677575,14.25890532
44.70655288,1.492467768,36.74268838,123.9163469,5.33800572,19.94708947
29.72128741,0.43068525,29.35062016,116.7846078,5.888866892,38.74120737
21.1853909,0.200139503,46.72583871,118.9820641,6.572982907,41.08775133
40.02928758,1.011103519,15.13777212,110.2528836,7.635713274,48.42492642
35.10951798,1.594626862,41.0306622,136.9392168,6.813350441,26.34845138
24.96357147,0.368415532,31.82466635,142.4751023,7.607295191,26.17368187
32.37071142,0.851986797,30.30309375,120.756454,6.923658549,35.11262752
38.55775614,1.102625612,21.6143844,113.674016,2.278604364,42.57682372
39.26029468,0.482704235,11.52130141,123.4290827,2.705207723,21.58236803
32.4904603,1.314577356,52.38445972,121.6820492,7.309357554,34.36821398
27.63036325,0.304513809,26.3205043,128.0350544,2.166178694,30.60003055
44.34356455,0.211644391,44.05455199,120.5640822,6.765047893,35.99830164
36.58406527,1.347604881,57.37936999,123.5893082,7.099062391,33.4934043
30.20593798,0.694952735,38.2495149,146.3021912,4.492787372,16.87324556
27.01158061,0.328897139,29.85734513,123.3934141,4.129128517,29.21014853
38.27757458,1.11739021,23.41367832,141.4207219,3.166425315,18.38715705
26.05458614,2.296337775,56.70218963,135.033348,2.29351323,57.29124821
24.29274972,1.838061872,44.1038409,123.5015178,6.472297738,38.31188901
33.24584722,2.057478197,43.26406966,142.7115308,2.442362507,40.84340353
27.24968482,2.192593573,31.30791626,133.8030428,7.668017768,32.27208348
35.72262862,2.434306579,52.25243564,110.3447491,3.780460777,47.4796348
22.94846687,1.931791776,45.68360935,112.7491281,6.765465906,50.76039842
36.37352761,1.560179013,24.15916359,140.1055824,2.358095906,27.89560185
27.0824132,0.977022113,39.978933,127.8611116,5.217672108,22.8986016
20.00607336,0.535943768,31.50969773,126.2203117,4.094597223,30.3332882
23.17340144,1.747983698,10.32950814,115.8330874,2.180006631,60.85377414
43.34038445,2.487879967,50.38117158,116.2927438,5.934796126,24.76207898
41.68386598,1.221660843,16.14151745,141.910098,7.658976325,22.38747607
25.8402258,1.836830483,35.4977253,143.1606854,2.064516603,47.2439042
39.45929761,1.28822188,26.81130965,132.4001016,3.622621557,16.17318784
35.21428983,1.136640216,27.10445206,121.8051124,6.221634456,25.80687652
44.27261779,1.084733473,33.86824417,147.3080327,7.227522344,22.71812311
29.34014149,1.311099239,59.8511552,134.9584956,3.144675041,31.91611784
37.03651531,0.980549588,30.41898403,141.8656848,2.424300707,25.63748504
21.58839306,1.897055972,19.11646149,110.1313168,2.051848402,74.27861241
29.90618367,2.198252864,40.6803169,128.012784,3.29123853,39.3078364
44.09544153,2.218924736,21.8143854,144.8379635,2.427903752,34.0733906
33.47452186,0.646476912,15.27745684,123.5293313,4.156292535,26.46199962
27.19698758,2.250181933,12.5087086,139.0620471,4.64075465,29.59051014
23.00677408,0.919722956,11.1440637,136.306993,4.879542835,23.46005636
37.5882085,0.842338397,31.55823242,116.0887347,2.853975861,37.00811271
36.12140109,1.844214538,31.33628899,140.9961531,4.783928293,22.15471005
29.34846784,0.831271216,19.27727,114.5010716,2.054309851,49.69881181
43.7735338,0.227119373,49.20095269,139.1165639,3.436526529,17.7902902
20.55507032,0.996682654,16.4635314,149.6387335,4.214516296,31.00525409
27.59309629,1.831517441,55.76585963,148.3192573,2.710109456,52.08112056
43.02673716,0.884700209,39.37879888,142.0096697,6.884027584,23.07504668
28.02338596,1.610941734,11.38081881,131.380697,3.207274354,29.20676881
26.30632085,1.684286666,58.14863129,136.992983,6.52933827,29.94525519
33.35551025,1.860966428,25.39706298,139.1243356,4.843358237,25.19995783
40.59504375,2.253113119,32.49874798,110.336061,4.878458559,37.82889377
22.57866902,1.138154798,24.21343465,114.0946488,5.871166017,47.62680137
43.57551774,0.499436984,46.4210649,133.8823653,2.26566627,22.20364996
39.87682203,0.865421717,34.28401104,110.2613816,2.47255604,52.38512735
24.53125639,1.137201412,16.61864797,146.356226,3.961060939,27.43217779
37.80019903,1.813339526,15.21019762,129.5865085,4.500935003,15.44535752
29.62396807,0.131493101,46.26877067,120.310683,4.579644783,35.67303939
30.05736695,0.85788492,21.85407025,125.7528468,6.061322785,25.97283135
39.58225231,1.971622194,16.88966873,144.0310564,2.004230071,34.4035942
44.0696202,1.710058488,34.97137985,147.087715,7.754630552,30.3950948
23.16639682,1.856175937,50.13826438,114.6493992,3.046924466,62.66351328
30.51575592,2.048345847,23.93913729,141.1184254,3.491790058,36.27683919
32.0235402,1.979765725,23.82158059,133.1290847,7.433763107,23.75820328
29.40779542,1.737239599,51.69406301,133.4201103,2.032948405,45.51778352
29.07972809,1.155187678,17.39168973,141.1780849,7.947836489,25.44124157
21.30671669,2.460635989,40.83637959,118.9137875,2.215744014,75.68633799
37.13846551,1.465775669,57.75067415,131.2417987,2.723273117,32.68013667
30.90536043,0.586646102,52.06515748,122.7741046,3.440640275,33.44275824
24.86984507,0.802750852,13.09076169,113.7804938,4.632329841,44.46766176
40.40083756,1.764549894,25.99554383,114.2031778,5.110709202,30.10560011
40.0640187,2.319374956,17.11872328,115.4588588,2.628310827,38.66599729
32.1597907,0.52892831,57.46203188,134.595994,2.442043392,25.98971846
27.46126653,0.29763159,59.29707831,114.2332079,2.191154218,57.47522588
35.95231814,2.215674515,21.74965103,132.8041537,3.540504204,30.01488332
27.20380339,2.296667149,43.48495224,133.5318823,7.529197842,35.40400081
25.90019826,0.763310429,52.0815866,146.1558604,4.339055113,20.9194997
38.26286635,1.005485738,21.68401422,135.0550639,6.584044353,13.9068796
21.00813099,1.684451194,19.38403172,149.4235136,3.141129167,41.82863742
22.36921178,0.89183205,10.56055116,111.2397032,2.388075354,58.93408297
20.16970435,2.2051809,30.59812285,138.1658455,5.325678731,34.94105902
23.82357966,0.358188887,54.97187312,111.0592031,6.932554402,62.70399019
21.72475022,0.19115733,55.14898245,139.1751031,7.3907595,25.32135198
44.89505919,0.600366896,16.38715638,125.4340084,5.277227621,14.2775681
27.22024925,0.786610668,20.21762403,134.4523106,3.764193704,23.08722263
23.73170032,0.371023819,30.40236655,122.3815229,2.657070471,37.46171615
26.02490645,0.25765703,49.03122726,116.3642016,6.006937125,44.72172375
43.40313929,1.913458512,40.59257418,138.9405007,3.682620903,23.54482029
33.00400558,0.494263758,35.69248718,146.1848152,7.063774547,23.66018256
29.12045241,2.293413278,39.59659421,117.3432977,5.630726711,40.38307375
41.83478645,0.983199187,14.80998469,146.82812,7.15327138,20.43226462
29.87475676,1.709453943,33.88318211,115.6072844,5.39991806,41.52178878
28.37521425,0.640965075,59.60316448,139.4264753,6.630454176,23.46865299
25.18206306,0.676774644,14.42230735,148.3778063,3.765830905,19.28161443
29.4449206,1.479302087,35.96233388,115.8948353,5.018352742,38.65565536
27.9171089,1.44554302,24.78246308,127.4036019,2.116438237,43.4027676
36.93259898,1.944950147,36.99566484,123.4982993,5.64699046,27.7544148
27.23956762,1.918751934,38.690938,125.53911,5.202436085,33.72084408
34.42999366,1.709650635,38.87364491,140.1255896,6.531693935,22.22609543
21.64730413,1.177913358,52.61043927,136.4475573,6.373735793,30.02482433
24.78222892,2.237536927,29.48737073,148.7474786,5.765702011,40.00353158
30.18513179,1.594188377,35.81770813,117.4191801,2.340112482,50.05392281
43.42373135,2.476476377,10.54641995,131.7304348,7.418058244,16.11509703
29.43129964,2.066487563,49.47753008,127.9650458,2.108115145,49.2051889
36.60185303,0.206343547,22.97438537,146.7542444,6.819605963,17.3911436
26.37718056,0.869425377,50.8277512,110.4247693,4.876078108,56.62174955
23.1758394,1.47250172,23.28193332,149.566816,6.907961377,32.12942407
21.463415,1.831526891,10.53942481,129.1893726,4.790419242,32.68126346
27.63533746,1.420807595,17.74156591,135.0215859,5.88162683,18.78397422
23.94152567,1.986713014,59.28414513,124.4021022,4.179593035,44.53776528
24.3502612,0.778373567,25.9900623,144.1010668,6.462072417,22.35526384
39.01898271,0.541388923,15.4411951,132.4795178,3.525057051,15.59282827
20.39595177,0.229400041,15.93794018,136.5124374,6.316135471,16.22606568
33.94525314,1.475952987,25.5171357,135.9561883,3.160295906,25.12297551
29.48653451,1.75263885,11.88225206,124.5592856,6.333006102,28.36444627
32.66375,0.882759321,35.57442941,113.0396398,3.762027831,47.94709194
34.07075593,1.572602044,20.68704577,142.308249,3.671790632,21.49367557
27.83419236,0.225177354,35.96553207,121.5886368,6.868963625,38.77767269
27.3777215,0.338304031,17.03821093,143.9572091,6.88215582,18.33514132
38.33504623,1.784211453,31.49286145,134.3457204,6.148414217,21.5562238
41.7819247,0.983367293,39.89584292,124.1481583,7.543451785,29.95977089
24.81454081,1.711201675,13.09999692,133.769886,2.93716216,38.26114344
22.44046901,2.096130689,29.93746546,135.8197077,3.615927921,42.56513168
42.44489516,2.14629385,25.12619105,138.2673363,3.76408452,18.49033664
28.74738659,0.513202349,22.01799082,142.8935254,3.831718024,18.33422168
33.78293477,1.267085374,40.2267313,116.3901977,3.968191903,40.77812395
28.98857861,1.861424137,39.42709929,147.7657754,6.182055063,30.47857275
23.14505841,1.957553431,41.53499033,126.4336246,3.62454886,45.13580124
34.73329112,1.983222354,17.94413352,144.4180119,3.715532929,33.15052837
33.12852129,0.647601603,24.28546224,118.8191838,5.422487501,31.26743778
25.07483898,0.562083563,20.4839389,111.1611589,3.16015313,57.3104255
31.29672612,1.516029924,37.02518025,132.9337617,4.189325039,23.42283935
39.9236876,1.878605915,33.05328446,122.9866512,2.347642332,32.91468544
34.76065258,0.865934837,26.51468688,149.3784802,7.715282648,29.58873686
22.42293318,0.351292376,49.30074044,114.1781382,3.903846063,52.9604527
33.70053743,1.820191319,14.69868722,111.8921146,7.100252801,40.27237036
37.56845748,0.819274795,58.74483444,111.8007127,5.179673564,50.23096807
39.81758514,0.499270538,15.82720389,118.6749478,3.369272944,27.5389636
35.72793947,0.454536468,48.65354063,133.1676447,3.160565444,21.7307107
23.81645411,0.855782914,28.41150946,130.2225349,6.169764469,25.56015963
37.75433166,1.522427358,53.26311146,124.0030322,7.789212846,30.39918982
36.93354615,0.960165373,13.70849744,113.5517243,3.098418323,41.15726746
20.61067207,0.149588444,28.73608551,119.3494838,2.6925273,45.69873479
30.29369169,0.332580243,26.77217033,117.3658826,4.322596072,36.81919658
28.32375617,0.797207793,59.65785191,139.8266735,4.362863282,22.30352979
36.73530161,1.683290757,59.27744974,141.1978553,6.837517842,25.69330373
25.40339531,0.336436176,19.49019793,141.0805605,4.813335767,8.252216897
34.77179807,1.445576448,41.49734803,148.7616218,2.37476713,39.54528926
42.83014905,0.38772609,36.775971,145.3695179,7.52400615,27.84421405
39.94505931,0.607876786,17.71867456,129.9121899,4.239127361,15.14344422
43.03644341,0.513252466,18.38898531,126.5974408,6.011190383,16.61590213
44.46264917,0.261348725,59.46258642,146.6307407,6.004929629,25.90839803
20.26675318,1.711191562,32.63649968,134.4490101,2.338052471,47.61178469
35.56853191,1.212168514,16.2900646,121.7759467,2.021627955,37.46088435
30.32098494,2.094528258,20.73950194,132.5785611,2.52822217,39.43631019
41.49636226,0.337338016,23.41740336,149.6859769,7.739186798,25.84807199
26.29536755,0.44735904,35.54586317,143.9788024,6.763957694,22.74935778
44.52573723,0.835498555,26.77740648,121.2511886,2.79207366,28.08463809
35.34269924,1.938078369,32.75058929,148.118177,5.689219189,29.81107026
39.83843506,0.833821176,18.32497756,149.2584845,5.671842503,19.12459578
22.13998882,1.080204898,26.33643453,119.2466784,2.003354563,51.91603684
24.58644712,0.823848559,13.51582964,145.8236847,4.574385611,20.09989819
38.96009183,0.2925383,54.48551367,145.3281087,6.270652824,26.80050367
20.54966305,2.354640695,19.93762386,111.5901429,3.120757083,71.7317307
40.42194965,1.416493581,47.84500677,136.7875677,7.105422992,22.6085054
20.34872547,1.990799652,27.47758941,122.2112285,5.961829365,38.67291183
36.42797098,1.680057021,33.71986595,136.9845051,2.041545782,29.97144685
29.12734801,1.33421027,24.56305197,146.5423478,7.129485081,24.87860056
35.28737132,0.315227816,44.82206356,129.9511699,2.116400177,30.69914023
37.40078517,1.642560509,52.22732096,126.5765132,7.327572825,30.40454082
28.56188048,0.472888854,24.31350924,146.8612508,4.002313145,16.73593604
22.6990612,1.094519606,22.11088218,148.9645967,6.191901531,25.09042813
21.74114669,1.609871544,44.07201327,112.4894531,6.724585812,53.06590829
34.72340056,1.977349601,19.75765303,146.9139228,3.68761292,31.66866234
33.01638384,1.744108422,41.99198828,113.3107413,4.138621,44.07197321
38.55502523,1.71168047,14.72140398,123.4914485,5.05725046,20.12671446
32.74338775,0.457701302,41.006858,140.5029649,5.496149191,16.80305272
30.56114475,0.930708496,35.6703367,141.0814793,3.752251436,21.18152958
29.95217946,0.202989454,15.69528578,139.0328756,7.954372213,25.87828476
20.66117256,1.826744544,42.45518174,111.5644995,6.422028039,62.1940099
28.38893004,2.386206355,32.32785785,115.3186419,3.644912059,51.36480537
44.40050394,0.733864936,20.85575254,147.4486599,5.842593148,20.31007224
41.83888941,0.310472102,27.66920779,113.2584555,4.612227207,37.05622419
28.23445168,1.241368184,34.60510528,113.1418367,7.161973349,48.66084778
34.69488513,2.156075736,14.57771136,143.4258375,3.973700425,25.81263802
41.18241864,1.424738069,57.88047416,135.6506301,3.127123929,24.18832679
31.03185842,0.21226516,43.27810781,124.0662422,2.276817553,36.18209384
20.44894659,2.438253377,15.12674906,116.6284195,7.905855391,50.92243052
21.86276155,2.088759784,51.14310922,145.3668168,4.155330042,43.80079073
32.75981803,0.415825785,26.12774655,149.5415103,3.32311081,20.03035153
44.23598439,2.312314616,39.83997684,111.9988691,4.950610841,32.33275114
37.33023856,1.181651893,23.85714208,132.1645353,3.749835932,21.09896141
21.77290479,0.992555177,46.67029725,120.4521434,3.397400206,46.49627038
24.73402189,1.206527993,46.15044875,143.2954733,5.698307001,24.50737357
39.28307858,2.102972696,37.60217284,123.8429237,2.449090444,34.0321532
41.035994,1.682751228,22.04627962,138.5851716,5.053957698,13.77739604
35.44236465,0.242196286,22.68519038,131.5809369,4.324587808,16.12333571
36.11057924,2.398250491,29.14313983,131.6609353,5.195175792,21.22559623
20.70843626,0.45468192,17.25060837,144.3199772,3.922643739,18.14797773
40.71325649,1.889363084,26.88278566,128.816177,5.421925526,17.20684361
39.7068802,1.626727673,44.21773006,143.8239814,2.490911266,32.28562114
26.4758786,0.550067315,51.542264,124.5370731,4.256953737,28.4732074
37.716918,0.509756983,26.62911452,116.9913177,3.424991649,35.00273863
25.37136516,2.188786225,21.67951291,128.2190951,4.62853828,33.87265052
21.00825403,1.107267816,51.63212892,129.9342313,4.390016642,37.53626073
25.02841356,1.670983634,54.53520137,129.1353279,5.78710197,30.34471125
24.46572192,1.309770409,30.50107617,142.3332165,5.772546369,23.62392869
28.44369992,1.845648441,11.34520769,132.5871577,4.480188485,26.44689037
30.46123743,1.2501817,44.74808104,145.5377629,3.089738942,29.31888609
32.71347229,0.789711797,49.20166181,130.5674198,5.491481892,26.90898169
31.91884689,0.97212009,10.90121266,118.9886033,7.79909222,41.00571961
26.76686515,2.161786467,39.75154267,115.1798336,3.112656346,55.87841871
20.72926671,1.223283263,39.41843791,144.7345128,2.414355074,39.21606178
35.12754056,0.612278397,28.93539544,112.246912,3.587367113,49.67538029
29.89362075,2.343052931,47.48836629,114.7043845,4.477522008,50.82959472
27.46680393,2.011841096,31.40895191,112.5463408,3.837130531,53.19113351
41.67352607,0.233598751,43.83879759,126.9493679,7.008258257,31.44372046
38.66858269,2.497463109,35.85586523,131.3046247,4.958166035,19.5457781
41.44413871,1.767824071,22.42323024,110.7949892,3.47676729,43.32644153
32.37456987,0.484639838,40.32504315,130.6234467,7.701194341,30.186889
23.2732813,0.669202435,46.84542474,125.7503789,2.750376918,39.56000941
37.4055359,1.761869155,58.69528367,140.9458073,2.737468651,32.36997026
25.1518445,1.971426533,29.00544734,143.1982649,3.471709155,37.32394685
31.03074173,0.673686264,13.22362723,137.3986975,2.46063273,22.46998113
21.62501972,0.716725249,59.39856106,128.9398214,6.509916108,35.49363777
40.63271006,0.837089668,41.19033297,118.6459438,3.876865005,29.93623331
23.14851603,1.535244076,57.32252291,143.8845947,6.379027951,29.91912944
42.57743768,0.512358828,15.1913543,123.6667656,6.576424806,25.47593663
41.60576506,0.350183677,27.10169199,124.2516755,3.425111304,26.17906178
31.61456911,1.729273814,16.69683494,146.6404619,5.110181832,23.89757057
38.60920511,1.969835056,51.77550773,149.0238902,5.117553057,30.75411712
35.48612685,1.302230571,54.01713707,145.9252383,7.228186474,30.32716255
40.07689106,0.973198505,35.06558499,149.9293889,2.1537851,32.15844583
30.79512752,1.136902512,19.33031088,144.7563538,3.900802062,21.12530044
39.64521211,1.032178801,16.35594845,138.1743007,7.294936282,21.22452532
31.56142043,2.40396378,39.4082055,121.752776,3.420819336,43.72796429
43.5241447,1.943415773,35.31881623,148.118282,2.821279938,32.78069769
32.15930252,0.599409316,44.73945512,145.0650733,5.45683457,21.12969768
31.5654818,1.022053965,25.26036313,119.6298717,3.835260572,35.38070321
39.62679654,1.405629499,30.11839975,129.5664989,4.80376696,15.70566299
40.53944229,1.571166069,11.06805369,112.8022264,6.920076594,36.50882401
33.86222786,1.22364135,40.50715225,148.1323545,5.12418185,25.06313988
24.49494534,2.044303924,31.15717607,132.9107331,5.095338696,35.11626779
31.69395577,1.942254447,55.98823169,119.8080218,3.669096054,42.70469259
44.20181257,1.312379005,42.08931489,121.6959725,6.757193387,26.04626883
38.82465483,2.150630528,29.93472457,149.2262549,6.438887744,29.77628029
40.2790651,1.902614873,23.17945904,134.6245717,3.404723088,22.6094057
20.82063747,1.968596437,55.26424713,126.827325,3.920027118,50.57923848
31.69648657,2.395361871,10.81325371,129.9938185,6.731769158,24.2389489
36.16552834,0.739520659,26.34562336,113.9420029,4.146306811,39.2607492
40.75081709,0.74235559,57.17527919,113.0009104,4.421357695,44.55590391
21.23184134,2.233485414,42.70165035,133.7083097,4.186473628,44.57676643
41.31097214,1.953343296,36.63595356,130.4801615,2.969795159,31.49649987
33.71002342,2.323709299,20.1767359,124.3661277,4.04537921,31.13400412
24.93284926,0.251512385,51.66873871,132.6445581,6.817611819,28.6961448
27.93138041,1.606616985,20.20995313,112.907038,4.946452126,47.22005795
27.04823879,0.447108011,22.41267658,147.7596469,4.7493049,11.73908968
33.27147586,1.309353276,19.59255714,121.7484675,2.938107058,32.2102712
21.292142,0.473792636,17.90747303,112.8711516,3.065419031,53.88696661
23.96340396,0.407388422,57.6656248,116.7801709,2.257700986,51.91901675
40.31732608,0.129204029,40.10157981,113.8189566,2.083733189,46.44302116
23.31509977,1.61257315,41.8918566,117.1441802,4.928084228,43.99177936
25.83490674,0.96165428,57.71627328,126.6701622,4.455394131,30.38215956
31.33426514,0.352451884,21.52875276,139.5220358,3.652265431,15.29613247
32.9280222,0.874810667,10.29587693,120.8939339,7.940279242,39.11515603
39.09026199,0.505465819,39.94418248,127.4370649,4.387977174,18.55364116
31.18331067,2.360067596,35.39224266,147.1502915,6.733081395,31.88645994
39.74661553,0.868011726,33.88251887,121.8328696,3.26327356,26.85611208
35.45865768,0.901488456,13.09401056,141.7887901,3.482247252,16.50529451
22.82749349,2.115659208,32.72174333,116.3126749,5.410348203,45.24621694
23.90828596,1.654613827,24.37797825,117.1328699,2.024169618,59.30510763
30.92584314,1.804411858,23.72823386,128.2461149,2.104552771,39.41592923
29.92223483,1.62640433,21.11907901,119.36409,2.853312327,43.36341553
38.58860674,2.370871081,26.62641799,146.121123,3.338726246,36.02136807
34.51842849,0.596801996,27.65665376,112.0300916,5.167097095,44.20511401
29.70332703,2.47369418,25.43878882,133.8909026,6.117376585,27.11136764
24.26900709,2.094294826,58.93763579,134.1691758,3.871271984,41.36784695
25.67092756,1.513534213,56.63655428,112.6410371,3.434425616,60.05666398
34.38752546,1.689691899,38.72550498,139.3025686,6.936867071,21.78306171
30.58597012,1.657182104,59.05274192,128.7559018,2.976661908,41.81186311
32.87318772,0.240150938,59.55990052,138.9229349,6.06995933,18.35612361
24.26693588,0.623239596,27.7969855,143.0769994,7.587983098,22.09530838
36.57265631,2.407530123,32.25937729,122.9159741,3.393265461,35.67495057
41.31346852,1.382474629,57.95308885,129.3794353,2.521792193,28.26800289
26.44848767,1.008048648,40.43130996,120.4304312,7.878553364,43.7786476
32.28785565,1.928892312,20.64645414,118.0605385,3.624642777,41.92891163
44.38818323,1.358845462,44.46903342,110.0237903,3.653979254,42.90452677
28.33104351,0.131590651,20.2873091,148.5452605,4.902633748,10.58069466
34.87615862,1.866970232,26.96788718,127.6371388,3.386345954,26.60573347
22.25489251,1.857322144,21.37800815,110.5227909,7.957234133,57.62584582
35.15037506,0.496356909,22.2490108,110.3575431,2.257795315,54.89417037
22.24079433,2.395984212,10.23277908,121.5341027,4.708838474,45.97687543
43.98088588,0.637379516,54.03544161,110.5575071,5.29008041,44.5860332
37.8915663,1.198598482,24.79952476,124.9805847,4.801705148,20.10606222
39.7039947,0.375366307,14.31871898,112.5175401,5.123137837,39.45566797
37.60260902,1.547877567,14.34937028,111.5700636,7.925474865,42.51895153
34.7432259,1.001082688,37.80091382,136.7752558,7.261409503,26.27827785
31.24781953,0.947616309,59.64602753,146.2736516,3.850662076,26.65440996
41.45933449,2.084744505,17.25112336,126.3754633,5.308862295,16.03600448
43.92089169,0.122948111,14.98108905,143.4708172,2.001866075,17.76829836
32.47590432,2.01507225,31.91519402,111.1706184,4.457414008,50.12271789
43.28837623,1.471476558,38.16656269,141.1076022,2.983245337,22.50500392
34.58332275,2.466636432,24.71901794,112.5119997,6.268163545,39.73015497
33.45960467,1.514663729,25.12610463,143.5375769,3.326537466,30.73063535
31.36206832,0.232909922,31.22382509,145.2946538,6.493373873,18.04555299
25.23219404,0.221548783,25.70728076,141.4389537,3.878959004,13.67854718
20.09299152,2.219567167,55.76657918,142.829961,7.554971728,46.06450932
26.03765567,2.118913949,12.09772856,132.4593827,4.67249961,32.32393784
32.74307929,0.930136181,21.72850799,120.5953977,7.037106318,32.65663306
29.49899881,1.583277962,50.42763981,135.7292401,5.768996018,27.41005946
31.2121307,1.275019257,51.69790623,127.581666,7.864389289,31.34631151
44.51620549,2.421193732,15.57775395,110.2134624,6.456336504,29.17908815
28.75680927,2.379906162,58.6881725,129.0730283,6.366219934,30.47776469
31.30457348,2.46121362,44.66774249,136.047517,3.589195895,41.04825776
23.33788878,2.179477074,23.6296528,110.5553464,5.029158506,55.89506812
21.19894331,2.282923818,32.80189324,134.8544134,3.740682132,42.21757548
39.38523786,0.621469069,24.85693098,136.1012762,2.115760622,17.08626157
34.26707938,2.094416294,17.50111249,116.3243031,6.263511996,30.70035359
39.01762015,1.801257072,24.55890324,127.2429674,3.415018998,25.34460429
23.74656997,2.410687621,39.00459687,148.573304,4.383944182,45.97772756
34.29571928,1.471028388,51.29848474,145.3675691,3.707832723,27.10408535
26.34106186,0.3044012,28.17645374,126.4328569,3.197815139,26.935952
25.70154542,1.533757339,27.39507703,123.9938507,2.402715946,47.27767472
20.28815035,1.747794227,33.40003505,114.9632272,4.027339453,58.66360842
23.25851809,0.628770469,42.22778,111.4075634,2.490469541,64.49106077
27.73170279,1.04587212,47.58081312,121.8985111,5.241914842,36.482276
22.92196901,1.536408194,26.33997524,147.6113339,2.117744623,47.8091146
44.64646101,0.99785377,39.31762339,148.3445381,7.640119278,28.6042228
27.71581621,0.999874521,29.46804206,142.5007736,7.798850117,27.88299258
23.25809867,0.419407934,45.81999252,124.0329925,3.82792309,31.47259791
24.97705782,2.357792135,18.23374603,115.7450573,3.561167845,55.27902299
34.69258071,1.901186523,22.84624325,133.821339,2.626431198,29.48309048
21.6010881,0.102984253,31.30302099,135.8602003,7.429513559,23.52682203
41.56085325,1.937471882,54.4707395,126.9829428,5.521183552,23.58174779
44.03749198,1.875507982,38.66628947,137.6658718,5.660749538,16.63754024
26.16868552,0.123354304,58.26980595,139.8672754,7.375138776,25.94836329
31.25238171,0.987050314,15.16388426,141.3224665,7.464720763,21.81170997
20.55336128,1.556194457,33.00877068,130.0919245,6.970050018,33.37262909
36.01775562,1.186601564,30.9539265,141.6656311,6.640649367,24.51557478
30.34815145,1.967166685,40.01030882,111.0190571,7.263447334,50.73999344
26.75146165,1.121099998,50.59823044,137.2161747,7.25582364,26.5499577
25.17092777,0.469271127,52.07240128,119.4253583,4.211869138,40.08406237
36.35057694,2.443397498,43.50973044,120.8208117,7.84034732,29.30296032
30.40542578,0.680895983,42.07681821,113.6520683,6.254793279,44.77906126
24.49148223,1.822461545,57.4514771,117.6956905,4.221256604,45.91096961
37.22772704,0.443575148,29.18437008,149.6803293,4.652297104,16.6877407
34.12680708,0.889630273,51.63916571,126.6156052,6.12278635,24.25393357
41.46680137,1.16086626,56.07518635,147.1106159,4.166593458,24.34104063
22.93689747,0.561356811,34.57696221,116.5159811,6.959346272,45.63685314
39.64166505,1.179902983,46.45512893,118.1623537,2.888381727,34.28722602
36.83791967,0.477190775,28.85099283,132.3125342,7.445565792,21.08398741
22.87527342,1.441615694,17.94395071,123.9813016,3.807185071,36.57114826
37.37051825,1.692911806,39.32519407,135.7566083,2.916276712,24.47756505
31.03868222,0.249842282,19.82358254,126.881863,7.148145689,29.36854457
43.62461964,2.190717091,32.87995654,142.4638895,3.436779434,26.01527833
23.54028377,0.544338124,53.64396567,127.2623628,7.060374428,32.86957484
36.07083477,0.640869821,14.30090938,132.8939673,3.777586421,18.43389881
29.54950114,1.687239616,11.52142678,122.842928,7.603185726,30.52253729
43.92036676,1.225002545,40.32389237,138.1616395,3.314465839,19.47485791
28.24937238,1.298549438,26.55306633,136.1893684,2.417899946,34.30740293
44.05464774,0.407571963,30.89688535,125.8800413,7.61918698,31.07970188
42.53714628,2.033765973,30.28552943,121.0412841,2.993754453,27.27350356
26.75958088,1.580930191,14.33101145,134.564175,7.66479525,25.56462721
40.08854442,0.424916904,10.17832163,147.726066,6.943864101,17.27460145
44.89010505,0.997598481,54.92116214,115.305721,2.491552338,42.97859336
26.31657505,2.044983839,20.88992805,141.9646647,4.670811194,31.90984035
30.91942923,1.46405211,31.30394959,131.7196709,2.440397949,33.913316
33.00451841,0.36075707,58.59628983,131.0223878,3.978719388,27.79401759
27.3732784,0.99466491,51.3381291,148.4673659,4.109018469,25.80054303
20.38162099,0.682466556,15.39654276,134.2349919,5.597799982,22.48821637
25.5032311,1.341917329,35.42595158,143.2207131,7.855373407,31.16826814
27.04842211,2.124066709,46.50395132,130.57909,3.018580641,46.74057491
31.08999253,1.147041124,44.91963925,119.9941347,3.974905788,36.38442594
24.27756196,1.140020873,48.04209262,137.7796109,5.522614965,25.36636602
41.83135892,2.272842166,32.87273274,146.9270762,3.028525132,34.07604066
37.62277832,1.48284499,18.79614647,143.6492038,6.264257974,20.75352725
22.13001194,1.45885861,33.2436222,117.9345442,4.421958295,46.88821723
36.25231128,0.728583741,42.39436246,122.6755648,7.697433774,35.37008419
36.34141191,1.558534595,40.42960433,130.675227,5.779225671,20.08791266
43.90552934,1.482185122,13.52610269,132.8641318,4.178484267,12.40981825
20.07552178,1.052443529,13.2476217,117.7525646,6.316838726,40.34916252
26.19831125,2.477669358,58.26289156,119.2004936,7.032527468,47.38325599
43.19478698,2.216538316,17.59027275,140.3532428,6.802878584,18.37295923
43.30334788,1.899007096,24.7231232,139.2126967,3.576586365,21.16308774
38.01466048,1.389629412,48.38172411,143.5683526,4.501900113,23.30401577
39.14408303,1.208943525,30.48385379,147.3171923,4.713065966,18.8974972
22.28707395,0.543753749,19.07324266,122.3304448,4.330300353,33.59177461
32.84689587,0.833769938,33.36161912,144.3837983,3.865181497,15.88622913
25.78957478,1.95750592,38.44749854,136.6404717,6.516486796,29.8231905
24.53045109,1.188997489,32.63833046,148.310817,2.073345461,38.98649985
40.25758248,2.21744684,55.94730377,120.8829662,3.761265373,29.84093018
23.37595342,0.454986727,24.23496475,120.7868601,2.849703542,38.73112403
31.71629092,1.32003303,43.06660803,138.1717379,2.772615895,30.44783088
43.46445599,1.652717642,15.61473607,147.136431,3.661752001,21.66431049
24.64580139,1.340436295,29.61427288,142.982233,6.572918547,26.447113
44.44983559,2.23414454,47.04966258,139.0815823,7.816531214,22.90454134
44.85719964,2.474951876,21.24084703,125.4923679,5.087710799,13.43819783
33.89042887,0.37800318,39.48855228,138.7106934,4.033830905,13.87969251
24.2535685,0.41189177,17.67185146,142.0438231,6.975022798,15.36627574
27.9026222,0.412777873,15.13508457,140.1314272,2.402620552,20.95098359
30.61232082,1.734825031,36.16163745,137.0724319,2.559007651,37.97092729
27.73310561,0.994422629,43.7505498,111.8852501,4.072197888,52.44862191
27.0158895,1.859955187,15.66835331,136.3885973,4.690450997,28.44661413
44.30574273,1.073131535,55.88881262,129.1317862,6.787027216,20.83819392
23.83412069,1.606256131,21.28861313,148.4627709,7.551583636,32.36119623
38.33319772,1.947659214,15.99876541,134.2875953,5.18765921,14.83008124
20.01025724,1.415718186,20.13494542,134.3290902,4.973868017,25.86782763
34.90456674,1.394808617,18.47862283,149.7622075,3.278066114,27.14725511
42.8985751,0.311762381,14.53373253,113.7435116,4.707089262,35.92158409
27.19835235,1.085876183,49.89196174,121.0526514,7.541865388,41.75003159
24.63814938,1.409865168,34.77688874,136.2431776,4.357397218,28.67891137
36.29199487,1.208753982,29.42597202,122.6094502,3.264094927,28.92883104
37.81503518,2.2618768,57.53139635,123.8460059,4.023770175,32.84320925
37.20076297,2.275673517,28.55041935,145.7057976,5.087567676,31.15286765
27.982922,2.072601713,18.3486363,133.1741562,5.591510184,25.83210855
26.30506005,1.000715381,23.7021446,114.1146233,4.594579278,45.40557375
43.89797,1.821517964,21.94832668,122.4345034,6.551217077,16.98068009
43.08248771,1.048692307,34.93706398,113.0423351,5.506720293,34.93124419
31.43291525,0.658224638,24.5752562,132.2451973,5.990288804,21.54286589
41.15484665,0.922966345,35.80305861,116.9307279,7.177513548,39.6576111
31.30808694,0.27031512,43.46467125,144.284606,7.194131422,23.08429919
30.60972545,0.896266022,48.86493929,133.0925611,3.221049874,28.06726526
23.91907369,1.205781321,45.50788906,112.3750257,5.740068469,55.04859186
30.66015141,2.393154147,20.27953582,122.0350265,6.299845166,29.26091358
33.43542346,0.852185407,15.79498596,134.6535067,2.87511772,18.15563039
20.56260819,2.265888494,37.12250796,123.4199327,7.056619022,43.66144832
31.10282513,0.649259862,19.94558956,130.5270667,3.082819172,24.42958388
39.53390546,0.558325355,14.24668609,146.3744918,6.79567654,20.51482822
37.00115141,1.345589095,36.35471715,124.0014388,2.96879454,29.73588161
35.87892472,1.714027286,26.33970926,123.4349145,6.450671221,27.50636884
42.73888571,0.206397402,47.8074506,142.7902737,2.888887873,18.85769746
20.45080025,0.630558076,25.70958153,122.7502609,4.272975865,32.04114033
33.92618965,1.1936408,58.93585685,113.1183338,2.861096801,49.17274527
39.68372121,0.894410406,47.92615956,117.2377982,3.624290578,34.75372866
33.53338457,1.81029059,12.88466107,147.95201,7.907088664,29.76010325
28.09738881,1.32678543,35.44363702,147.3317117,2.646053936,35.56726539
23.40626413,0.484861853,38.13102506,118.9924836,4.438788959,43.67235416
42.1890768,2.24671691,44.76513553,132.1400749,6.061516045,18.92339891
31.76905981,0.802973621,34.88983985,115.494724,2.567591422,45.12428228
41.95287992,1.854714662,34.17217992,136.9871051,2.654197925,21.60348078
34.64630306,1.97179787,28.39693058,117.4122318,2.859577235,42.9246848
36.85480292,2.411578481,23.57306919,111.9916169,5.869918268,37.16578993
40.10652886,1.29641792,57.3100106,142.9958723,7.456021508,31.26678512
36.47888862,1.578005237,25.87983348,123.0160153,6.955936724,25.39745218
29.95137102,0.903703104,13.17106623,114.3408961,7.898331436,50.69804743
32.8408346,1.727630304,18.36423696,143.356158,5.468827308,19.24875925
40.07613812,1.212120366,52.8638318,140.4958991,7.768863828,26.87050779
29.34125741,1.150365675,39.33167296,137.350338,3.829604991,22.69776065
29.70303642,2.15312207,48.93902747,146.4499484,4.529027563,39.82650927
22.3922529,0.220405224,50.43907731,129.5690435,4.376248208,23.27204384
42.86461088,2.216709827,51.16182196,115.1222599,2.284144882,43.58669434
22.27590787,2.144967611,37.53068539,112.4538564,6.978231611,52.26529606
36.20522944,1.315279009,18.85602978,122.7376407,2.148309132,38.1848744
30.32986197,1.27648685,17.41163761,113.4732332,6.379257507,40.9788682
30.14048476,0.968337683,38.69922102,131.4203776,4.442388696,23.93620074
36.98879591,2.4860171,28.32571768,110.5799607,2.037486296,54.25490085
21.67734332,0.366806399,37.90241206,127.7505321,3.739681417,25.65824517
34.84264457,1.516516566,34.92389221,117.1384116,4.076766176,34.49390674
39.30079465,1.736035816,40.10990398,124.7307218,7.788214826,29.21667695
40.70531895,2.34239202,11.60558954,137.001363,5.966474586,16.7222996
24.26325973,1.972488392,11.64183403,124.0385508,5.261429549,35.70684636
42.43547625,1.645233287,46.07975854,123.6535955,2.762303385,26.15032679
36.4036523,0.38034956,19.65636219,149.6300293,4.346626037,16.71310963
42.04637002,0.99696044,42.60992311,138.7525889,2.214586122,23.14574564
32.13201793,0.433219942,37.32879554,130.5544685,6.570112511,22.29235323
33.55083363,2.214910558,59.08972357,133.175026,2.976660213,38.5633724
42.97595693,1.899090773,51.77029394,134.8073053,5.566614206,18.10297314
42.49773858,1.918088288,30.65672607,110.983016,6.19634923,34.95256581
31.20402183,1.665415643,40.820641,113.2105836,4.199054766,49.10970236
26.86031579,1.316904489,15.86447286,135.9675741,5.795558913,21.43307929
29.82926086,0.459930543,29.31930215,124.5787544,6.58539717,30.54474154
29.69410821,0.891267728,46.69438705,112.2177616,3.104742771,58.23586073
27.17167187,0.428597902,41.13357921,121.9005298,5.605161973,34.68838138
26.71449011,1.839791543,34.22356622,115.2113368,6.403298813,43.60694116
41.52657341,0.484549062,18.8264552,146.6525537,4.142288536,15.3860629
21.74654802,1.78507252,50.15729631,118.1170157,2.974946949,62.98439891
36.94027955,1.761412935,23.65833022,115.7476479,3.716696127,33.87961742
24.32050129,1.20233075,51.02395408,135.0467527,7.598448001,29.77192267
28.61264733,0.42454877,40.58045314,130.8764772,4.144687729,25.26513187
21.53857585,0.855521983,28.6365714,133.0372982,2.646203527,31.98622594
26.74934092,0.868223462,12.0302611,127.4379259,2.496359046,33.22053364
39.21052678,1.78092432,21.62094222,128.6867724,3.082970394,26.83478095
42.12538311,0.372983247,54.45354627,141.1519022,2.765074014,17.80275882
25.5381788,2.089764751,50.89871719,118.7968874,4.97026196,44.84125757
31.58869598,1.926417496,38.74266565,125.8611721,4.085308665,34.72185819
31.7581012,0.547136604,33.3161232,148.3130154,7.048433928,23.1874768
41.83938264,1.825994516,42.35713397,117.599428,7.286471195,26.11684919
39.06997632,1.704431636,33.31240639,121.7509438,4.839676327,23.36988727
32.82693046,1.89548992,42.21524204,117.662677,7.331162627,39.08063837
36.76868001,0.553428533,25.37020498,110.8198199,4.702769832,47.96833934
41.18387635,0.478216773,51.9248609,120.793197,5.851772744,32.22706753
20.23847385,0.667561566,45.09589467,111.8586978,2.975208996,64.72740835
30.07225078,0.978092088,26.49878142,116.1874051,2.315495371,47.53131932
42.68107918,2.004795954,51.53330574,124.5072828,2.960511058,30.92194951
38.50782577,1.87101745,34.36712654,110.8288487,3.511071415,47.03155816
33.57103436,2.321083821,18.73194324,140.1182626,6.505891358,25.4374013
33.24111318,0.240710942,13.8856231,141.8235606,3.041031455,13.73259927
28.69425244,0.127735074,44.98028738,126.4565521,2.783928173,31.07308951
33.01301334,1.777933191,53.25604021,149.3866392,7.565656275,37.70174526
36.38457999,0.77028999,50.37209943,137.1597566,6.132814534,20.71863117
30.45907596,0.901789349,42.78255151,139.7488699,4.839833514,21.89205956
37.85382866,1.412324862,17.06875278,117.6920169,2.569810359,37.06649291
41.53080568,0.345791496,14.7022038,143.4975049,7.110745469,23.00372949
23.8671212,1.6424666,27.25148115,147.8018559,2.649550585,44.95908502
31.28867557,0.880353871,52.74554452,119.4524067,5.66627919,35.60087816
30.20050228,1.618516298,58.08681352,137.4585718,6.006058956,29.91687026
37.1866201,2.101616591,22.06804274,139.8776419,4.400832831,23.80104741
26.24668663,0.5106672,48.10478353,122.2067669,7.46730035,40.04349183
36.00627287,2.334095423,38.69346085,129.0003601,2.30420367,37.76182099
41.93723104,1.373651539,11.59036835,113.9015637,6.908701435,32.82822551
30.45328999,2.315026636,37.1458175,116.9237922,5.32276639,43.324236
42.7753925,0.598552197,50.29702015,112.4628209,5.667222346,38.11786841
44.82909347,1.550950395,23.80613917,132.4066196,7.920953375,15.15670254
22.65230125,1.069329082,54.8680812,135.0105159,5.495886819,28.88825387
25.8263297,1.958133259,21.81302034,146.6447833,6.782167913,31.62483938
43.75949379,1.554181464,13.82365663,131.6873924,2.921184594,19.02818352
43.95819216,1.286837097,17.99696547,120.4244548,6.855737553,22.69983757
22.44268188,2.291164975,51.85014344,112.3789419,6.566437443,52.87817
20.37496251,1.005080954,30.86529595,145.3981221,7.80866044,26.3948771
24.02750058,0.627952492,49.84727818,129.1543231,7.61426381,36.35205194
44.90031958,1.559442848,36.56165305,139.4928796,3.283919273,18.72975671
24.49999042,1.597668249,34.02795624,110.5859739,4.789598776,55.4619078
32.56369017,1.153827092,50.34565757,129.5255569,7.468899069,24.2804787
41.21044316,1.267864105,31.17438059,123.0289049,5.844590418,18.40317644
20.51004027,2.402928194,50.10163655,111.2132509,4.782202366,68.87420741
35.11222456,1.858445659,15.03310825,141.0269123,2.65363257,30.48506732
26.92563622,0.365444204,41.81554078,130.5160661,4.110545403,25.23761808
41.55837291,0.60911217,45.12935283,123.3272097,5.991439695,25.82338731
27.08652873,2.441383923,54.95486981,142.2319394,6.661486892,34.38238004
37.16889301,1.843517329,21.21619594,127.8769381,4.683001484,19.81324631
36.85549081,2.296108303,40.210994,110.1399183,2.335066958,56.07392292
25.53733872,0.829267514,31.66282818,147.7779053,5.799033094,19.70097611
20.86998,1.880480464,29.13858278,120.2273096,7.529518353,41.71506645
30.23123934,1.8136065,15.33567776,143.2230209,4.978464493,24.38988099
27.2298288,0.807255965,16.71166653,142.6566154,7.570548208,21.21220244
40.22444374,1.421959181,51.84942307,116.4949573,4.124604342,32.44693431
40.00910471,1.605796267,47.48767162,128.9601072,7.31819462,27.84410058
31.4255988,1.254716346,29.11705651,111.6079591,6.718038516,48.06973021
35.16280563,2.085228896,51.42432907,124.1820669,7.7704493,31.77310917
35.1064879,2.0988857,14.03830924,139.2391537,6.746127411,20.44530928
40.67895371,2.141441316,41.23869585,119.4827788,3.928878498,30.42559825
30.62506035,2.028216566,53.40880264,114.6851172,7.403405164,46.45059246
26.88616699,1.271400345,51.94321155,130.284942,6.018386459,26.27756773
26.62587295,1.015451916,28.639138,131.4794554,2.972415954,26.64676974
33.40480698,2.095303081,47.26169265,137.0331573,2.275790478,37.87350388
31.22870507,1.276483501,31.37340728,140.3655099,4.195073625,25.97494057
31.00301927,0.691291357,52.00690822,137.8323813,6.721184898,22.60738222
22.27843348,1.317624478,36.53809751,143.8164883,5.709287573,27.71702604
37.96509352,0.440439573,48.24285246,118.9162586,5.162762958,34.56922383
25.3434172,1.759910777,13.92857911,132.7906698,2.022365808,45.82785211
24.92384076,0.906211076,39.50129858,124.4038143,4.613004213,32.06555578
30.31895801,0.725581116,37.51420887,148.4844943,2.946340332,23.26155824
25.69445854,2.395620991,40.49883609,127.6111809,4.727404383,37.20628392
34.59645668,1.96451439,44.7820804,148.3885573,7.950621932,34.73580412
29.28658348,1.988966807,55.9054485,140.7626262,7.277232939,28.95536931
31.22279306,1.596932726,49.28410409,138.7385545,3.863783625,27.51398797
33.42923304,2.114014745,20.98189957,129.6625485,5.561044358,20.1237756
25.08838806,1.921989955,51.29481346,127.7351254,5.0125714,35.75959614
23.89379057,1.53705689,16.10398388,131.0619275,2.780282031,36.37051158
42.01054757,2.406698564,41.10992928,121.7453225,7.938839095,25.29087128
30.84309257,0.559827879,54.13769041,146.1803976,4.55105094,22.69922388
30.30234024,2.364111326,15.05610271,141.7732262,5.033954222,29.05867595
20.89030376,1.063451589,52.48463267,142.0558342,5.885595874,23.54526419
32.44940756,1.36815756,49.93103671,127.3261438,3.149267199,29.05043372
33.85424304,0.394574367,35.18877169,112.8435579,3.333359614,47.50493892
33.97102177,1.396257853,25.44488011,137.3230927,3.155350551,23.32716596
37.67577923,1.566896204,30.2719114,124.9765434,4.306793261,23.06586553
24.43704587,2.4944837,58.43290679,144.8172125,3.198061739,57.76200414
26.30557836,2.440461787,20.08487781,141.2135375,7.558375808,35.51115787
40.26826163,2.4193535,38.98021439,115.8131257,6.285884278,24.71804392
43.67926542,0.936131344,14.16203739,134.0686292,7.387013415,17.10567603
23.39831868,2.479039597,20.89465321,137.688557,7.090904782,33.4556732
32.44123886,1.193147564,48.1658194,132.7255032,6.218911709,21.2938051
25.35440632,2.144407021,25.12995202,130.561687,3.456477134,37.28060352
21.50182921,0.619167926,59.28830353,119.114523,5.691913186,46.27369299
28.13758345,1.313999631,35.04085215,119.4362738,3.117793164,41.13369789
23.59219063,2.418429031,35.82696627,140.7203255,2.794856291,51.30888364
37.74832684,2.372875353,11.81573697,110.7475914,5.795451452,31.93523948
33.34313534,1.740963707,57.82633748,141.1564025,5.747753561,29.00496736
23.59586177,2.014754374,18.71167204,131.0719495,2.939732852,41.81073736
20.23103971,0.523424072,36.91702994,147.4489061,4.114566185,18.26412814
40.20392623,1.831980519,29.7837305,149.8928619,2.397687043,36.37313901
24.40486015,1.58332194,30.77923504,136.5393826,6.294398682,26.09168439
35.15541606,0.319724166,42.1650083,126.4902878,7.924973908,38.23959823
28.42304783,0.371581616,43.10443385,129.0034363,6.439436933,27.97223775
34.63714846,0.360264683,17.71443074,118.1686171,7.064913017,36.90992141
27.89134067,1.838456644,34.97933266,113.969373,4.858059454,45.62961075
22.17348902,0.4401165,49.52387246,133.1505357,2.573504487,35.15717082
25.57375021,1.222557451,32.16432418,142.2198039,6.359639135,25.42942268
24.70146416,0.956756334,18.29022354,120.4706607,3.539121201,37.48383988
30.70048381,1.421209938,25.66084716,126.7861124,4.32976372,21.98079258
36.45709459,1.795543569,20.61897821,132.1909465,6.2185955,17.28150418
26.59515187,1.743334089,16.2908734,146.3159128,7.428707157,26.27220773
20.30174838,1.337247798,28.87905637,115.5452491,4.917494294,47.4084901
32.97343411,1.214403697,37.04681216,119.4753267,7.769633439,36.70914773
35.14398723,1.054757428,13.63757626,146.7412181,5.11942117,16.91588012
44.07176235,2.168583876,40.19116861,111.5814237,2.735062691,40.92118091
34.73677008,0.894044332,59.65122201,136.2446254,5.110602475,20.11255954
31.77931398,0.722477971,58.2062466,135.5810353,7.163766236,24.31160341
34.33504065,1.883957185,51.4586741,125.3301773,5.228270799,28.01639741
43.19751575,0.963432308,23.31705564,128.7265872,6.486532087,17.39634888
40.70945364,2.132796639,11.12037982,144.1967181,5.287745671,15.61842013
28.07446833,0.886932925,51.67708514,116.5992825,5.276327362,44.15831233
25.93135909,1.784667579,12.7860116,119.2626991,3.708565408,40.61251619
26.56584031,0.208261615,20.28140407,130.4940165,3.207562907,20.9419279
32.61052599,1.025350912,37.22266077,126.3898169,3.673512775,27.12437419
38.60123628,0.92375242,18.91890196,132.9748999,4.645027346,14.58097037
32.58048018,2.060028974,51.68941656,146.8335674,6.857540664,33.56786364
21.6949099,2.420932968,48.85798481,146.6840807,6.973946644,41.28604243
38.08951751,1.206115064,47.78847529,119.2007336,2.980266896,36.90129808
40.14925322,2.079607065,50.80638079,122.0857845,5.317129485,24.39208414
27.23744663,1.779267282,20.98508901,116.4827473,4.496166338,44.35774261
36.60314348,2.42172637,46.44461881,147.1116149,5.425614354,34.93480791
30.66479753,2.046660434,27.76407513,125.9145652,5.885740322,30.15326264
42.22798389,0.285947358,43.34223798,127.9882058,3.677671956,19.27107962
41.13063895,1.811876134,16.10108643,142.1056312,7.515454292,23.15273917
33.13579996,1.385199317,45.279329,130.5189389,7.61268893,28.51772626
37.28763865,0.139446539,58.6053864,114.7902193,2.632146455,49.03938614
42.08374253,0.703151101,12.18001827,127.5139484,6.218110887,19.44949058
32.39292525,2.312212588,14.69144506,135.2209617,2.19939237,42.54856971
27.83126851,2.322547295,16.18183837,138.7683635,2.279382787,45.66296539
38.84165345,2.017241104,31.52819525,135.8140741,7.746799484,24.54492232
25.50165637,2.456271048,24.53900925,114.7672288,6.169118809,46.52881654
29.7132787,2.035708539,50.34600768,122.173781,3.947249779,37.76239758
41.64318093,0.124490049,33.68936196,139.3425858,6.019266006,16.77659757
38.11055851,0.790802417,34.22686713,145.2076078,7.075010304,20.61516693
30.09527513,0.173498037,45.85190507,111.8874566,7.225420858,56.21214672
25.36861256,0.325859125,28.09844913,111.6891643,2.123118674,62.20616881
28.89920977,0.625217961,27.66036237,135.7361812,6.909368044,18.15350429
27.10260373,1.308540511,47.84631938,131.9218462,7.11921629,26.23597515
24.4022322,2.134076808,49.00208729,116.213562,5.573421229,52.8056223
38.58332284,2.168720215,10.71993863,131.9316633,4.879423061,16.11779904
26.30174717,1.578884461,17.18952379,148.9794937,2.665993503,41.06802637
31.35418675,2.327622254,20.65490906,135.2360088,3.437683038,36.5048733
29.64648617,1.300149584,27.58002344,127.9656462,4.942910718,26.36847524
44.55193447,2.233686506,24.57240417,143.1012995,7.190478267,20.50192806
29.7773061,1.189756615,43.42600242,118.5128994,6.818806141,39.0551003
21.99956207,0.765340018,51.40676169,126.5730572,4.975577486,33.07969906
22.24564381,2.299391003,19.60434912,131.1107157,6.713762137,32.62637161
34.76884303,1.031044182,38.14900303,130.1815957,6.59440025,24.46057462
34.98408879,1.308169861,28.39081255,146.8388988,5.474092108,21.12455278
30.46897476,0.889265518,35.28889375,121.7067243,3.321952721,34.64706201
30.79609231,1.690810241,41.03789209,112.2601488,4.088022613,53.2818877
21.34831457,2.48807494,54.67999093,146.6550882,2.984387301,62.36173627
32.91366276,0.161232517,19.61463339,118.6827063,2.042903039,39.45604997
32.61848688,2.259635214,14.35032935,125.161119,2.483152588,41.43671854
23.73873296,0.109422537,41.36059595,131.235665,6.557753806,25.61520664
22.59598465,0.974146915,29.70654244,149.0352188,2.200916905,37.44253742
23.08931226,0.504656335,18.14513466,131.4107377,4.399115833,18.00985236
22.52570616,1.917620274,15.85435837,127.9097323,7.91468199,33.83033772
35.24270489,0.221466018,37.94548934,133.3455392,6.771435307,23.68662542
24.91206631,1.428363889,25.02352973,148.8323264,6.50370563,30.20983815
26.2857538,0.807822721,59.87131898,142.717784,3.648252608,28.29014033
24.3393036,0.420808597,30.29504097,116.7587255,5.850381294,44.47835551
43.94588261,1.952363709,20.61433044,142.1304006,4.992271086,14.38012909
41.36543658,0.621800402,41.44245226,143.6439624,5.742946408,16.3031429
25.76237093,0.636820509,22.21274448,137.6277642,4.614896714,17.910749
28.18915735,0.760184284,34.70430216,136.2893384,5.185778242,21.54467867
25.24732106,1.508240233,34.12880919,127.63508,7.930377494,33.44115491
32.29689899,1.683198236,32.67788149,135.6678155,3.97587713,24.3398156
20.49026331,0.142246057,49.80428481,139.5029989,3.298716641,17.89533263
36.78420022,0.680487127,20.83065007,114.9128099,4.690966657,36.62711071
33.07895375,1.134330022,55.21536525,120.2931984,5.145923064,34.04413396
42.46597321,0.896744685,49.56702516,117.7632752,2.513773017,36.08487527
24.10981711,2.22200958,26.65611821,143.6484735,6.835832133,35.59653
40.10273115,1.990500954,19.03012531,137.2001037,4.532316726,17.46419818
39.79902536,1.602136517,23.97675123,128.0311416,4.479121003,18.27059604
23.17952973,0.911301798,26.63181235,143.04223,5.953039068,22.17746724
29.9639806,1.781613628,37.84665844,138.6712536,6.639466,30.09015081
24.25381603,2.124731231,12.31840844,146.5437233,7.915641619,33.55649778
26.36801251,1.527592906,55.71795649,113.0722798,3.041118191,58.8390856
26.58115437,1.982707521,14.93374283,130.3662953,4.073334101,29.92042233
33.90590985,1.897851907,23.96366971,138.2699161,3.009543612,31.52358466
30.28527329,1.472169547,15.4643719,118.2997275,7.285130169,33.21827201
43.6933201,0.84923972,22.83364133,123.0850493,5.290959432,19.541479
23.15925355,1.889877179,51.88369093,126.7590501,7.114640574,36.90766371
44.34230337,0.596311279,40.75879057,141.7730247,7.911351746,32.07618449
25.76596601,1.970772032,21.36616125,129.743048,5.301240085,31.86172783
39.32184841,2.030912061,53.58792649,129.7148013,2.708910915,29.76294786
28.47424815,2.073147711,50.03560296,127.2355047,4.167606325,40.54926622
23.57703489,1.23499833,47.68246412,119.1435636,2.217135784,53.63746819
41.44722963,0.561953843,52.38163492,146.9228614,7.095805682,27.60000308
27.72152248,0.33933664,40.98248408,122.7120448,2.10732165,38.24050698
36.47138511,1.884067001,35.07186801,132.6986264,5.553109941,19.75145539
34.16109213,2.227027323,28.69675131,115.9511894,2.636799715,46.0855725
31.79390773,1.662012061,21.18820102,127.3697357,2.045347048,42.53032461
32.39548682,0.445984145,37.87058288,146.1521406,3.536902654,18.71287891
38.30594785,2.343751476,54.47461729,149.8186095,5.311113158,36.50419006
22.19432285,2.473844835,39.69908945,124.4700743,2.450527473,60.96902374
36.70451655,1.140108664,55.98034309,116.1596219,5.689327298,35.18889535
42.39530253,1.527580694,27.84586848,122.5780611,6.031953327,19.51690236
21.44470493,1.965348448,44.75689863,123.0896707,7.818188601,44.04474367
23.51633348,1.867335496,42.43327362,135.7803518,7.397222482,32.07705813
37.91579842,2.422689261,43.5216922,129.846269,5.400746615,25.0467131
30.93204121,0.375719419,42.25210061,140.7383891,6.760188852,21.35909662
30.08871552,1.493739679,21.08273375,138.0521314,4.18184649,23.23431436
23.42416586,1.760635407,17.17954491,120.052349,5.514273296,39.02421579
32.66925102,2.236236218,58.93141281,141.3702276,4.42012502,35.10603151
23.16363278,2.197863107,12.26475644,143.8984747,4.02225057,41.4117371
31.91551141,2.447199505,33.38682435,133.9356076,6.365836915,27.70853333
39.09038247,1.328988289,31.25401586,147.1067084,3.780023266,25.25941567
26.45660895,2.09382608,28.00094791,141.3179249,4.28331362,36.02454575
32.0196542,1.1254761,49.09919268,133.8158363,4.203029426,26.80750123
44.80039923,1.113553307,47.26751442,146.2466399,7.222420563,28.0242808
37.16626058,0.708036075,55.26124618,134.0143392,3.02242682,27.25675009
41.03391928,2.063769489,29.77437631,130.8476451,4.288854752,17.96422733
30.37119016,2.465956254,38.2089764,124.2503336,7.32721875,34.17924473
39.19652308,0.715220148,54.61535237,145.3145332,2.091826555,25.37718372
21.01272932,0.234715811,59.69240314,114.9090868,7.687201972,61.04485332
23.07277956,2.05730185,58.46471812,128.9401086,7.393402519,38.61337811
25.07676482,1.588552126,45.89219356,131.4965333,4.507088878,34.05704291
30.04879812,2.403277121,17.16137789,132.1899643,5.918151683,29.30684862
41.14362196,0.705374126,11.15930059,136.0755932,7.946399964,24.9472536
28.65665127,0.270466379,51.26091782,130.231825,5.329690262,22.95171859
36.36552984,1.281861426,52.04710122,120.2727259,2.581392149,37.44566917
37.73285737,0.305118455,47.31804541,144.2777758,7.121846081,26.0346964
34.65455885,0.728296003,23.9961743,136.3010131,2.804909687,19.8007652
28.9310492,0.402346866,41.99089298,144.3275125,3.543629934,20.70958239
34.42633354,0.637917231,25.81242209,121.0417396,7.241092118,33.42547406
28.55663982,0.354747167,32.53241231,135.4822758,3.536175271,17.17447819
22.09684346,2.389374399,29.12175425,138.5669498,6.470515584,35.02830669
44.82009945,0.768550512,55.68200434,125.3362064,4.686042073,23.70060906
23.17956134,1.165354206,21.70786654,142.4897647,6.558493674,22.75769917
21.8087096,2.256668338,38.88054523,110.100351,3.39411347,70.64484292
41.96326873,1.725571811,28.04907645,133.79679,4.51739315,19.567046
27.54586652,1.583289953,43.1535556,134.5427388,3.908968032,30.6591259
36.25742435,1.793351657,38.22815706,131.3537237,3.494264252,22.28755151
28.22514324,2.089173417,56.19888407,135.2019395,3.886579194,39.78675962
29.78635677,2.206406243,15.08060759,116.6890743,3.937953193,42.26789203
26.5528243,1.64233521,21.03204199,137.3912593,7.732269162,26.52517771
28.57610014,2.236017459,48.31739819,123.4315585,5.199381996,36.56812146
30.26751001,1.384954066,28.43934199,128.0821497,4.77231313,24.7360063
38.01040173,0.765498055,18.28918931,123.3243746,5.019911419,25.41981569
32.78840486,2.212184101,35.16606296,128.9574481,7.976785856,29.84396346
43.58913043,1.399534786,42.60710308,134.8627691,5.921534629,17.18157966
21.04700985,2.27473021,12.24133571,143.5337388,6.220919849,34.15745307
32.57670807,0.196402753,24.58109447,129.3374023,3.881730977,22.91832823
34.60561972,1.054037804,50.47112688,122.9289531,4.82922626,31.09020962
43.00492465,2.374732044,36.01222833,129.5176752,3.104392337,27.26347498
21.22896309,0.699160223,11.76896076,137.5521466,6.111136734,18.08960779
34.33748962,2.35968699,24.09755026,123.8680287,4.066967155,32.81921626
41.34074821,2.389365907,41.9570328,126.571283,6.489730195,20.40179969
26.0481932,2.217141554,19.96797348,132.5135927,3.278967861,39.4849789
41.90730871,1.452803308,51.36957031,121.7603706,4.421018169,26.42199544
20.47608523,1.652654678,43.82879535,118.3633864,4.82710604,52.90926442
38.31136573,2.187080796,33.56895305,115.6156914,2.999152123,40.91663577
43.32783053,1.962152998,55.78118905,124.1043993,2.417546567,35.23956654
36.42994154,1.612225239,29.59003855,111.9337163,3.902406184,44.80343147
30.9757311,2.457422579,21.75367053,133.3393011,5.269352861,28.53977652
21.12202541,1.745623927,43.07014963,117.0363746,5.916073691,51.51736612
43.00284533,2.441156782,38.66475937,125.0957917,4.551628059,15.77452318
31.75740557,0.237732339,26.76239505,120.7689126,5.001665679,26.93347306
20.72491861,0.43350489,27.18322807,135.2155987,5.259157846,22.13058886
37.24552678,1.18350123,29.91051543,144.0138265,5.071464926,17.23966135
32.04593134,1.023710706,24.55692837,135.3320417,2.541971333,26.35250366
23.10863294,1.978563619,45.51207032,131.7001971,4.430006196,41.69457782
25.35679523,0.485473664,42.56792025,136.7633496,3.22598854,23.85520296
21.61226701,2.44262843,32.03888263,111.1996255,5.202415846,63.98339823
34.35733849,0.856158101,29.89273379,114.9137864,6.548457514,39.95046652
35.55073698,1.129416899,28.25256347,113.7970894,5.476917796,39.51759422
32.64355746,0.759388078,24.17341607,113.9278866,3.330931109,43.99226718
40.42755333,1.490472682,14.28483316,120.4193486,3.246541314,29.29806815
41.52522053,0.240708881,23.41023428,131.2820904,2.221988782,19.34571156
35.39060992,0.459226013,26.06006743,114.5872631,4.558285293,37.13157239
20.31891199,1.889914488,37.38420031,147.4046496,4.597169217,39.48243256
37.38074139,0.5476014,48.68942545,144.1702721,3.418618072,19.28966567
30.44998042,0.665234684,29.78510724,148.8657742,6.585550806,20.49780973
34.13893708,2.003157366,57.23784529,111.7000018,4.31892018,47.06594235
36.22701505,0.323922828,51.36749817,144.0560979,6.016408388,22.50320922
28.75591536,1.149937175,59.24009239,142.149363,5.840421993,28.31344462
42.92746263,0.155352129,53.81015205,146.0842346,5.628442738,21.6448624
23.34937167,0.932337758,40.83629747,131.1177667,7.448396963,28.67219372
36.78779518,1.777555366,39.92396439,141.5155628,2.095340695,35.77615538
20.1089895,0.316247871,16.47630634,112.0514752,2.408223865,56.10565844
43.11627764,2.232003104,46.11996244,113.0351116,6.332843902,31.24538572
22.81260333,2.282797703,40.01034288,114.7412896,4.121155514,56.95760209
22.37210575,0.3519769,35.34660517,146.5915545,7.919134372,28.4736987
28.32519083,2.477757847,44.66434363,112.446774,3.298476335,58.28701752
29.33915715,0.814070928,32.20239214,114.0059811,3.100514229,47.67072371
25.35750181,0.301844011,36.19298312,147.2164161,5.529330948,16.65893202
34.62804152,0.112161075,29.91761524,114.2957033,3.676551673,43.62388123
31.07285245,1.08045495,45.86854467,144.7902519,4.04295791,28.3941595
20.85438973,1.611543966,53.83054853,141.5708315,7.526145944,31.70549401
27.99130156,0.8972302,52.04224696,111.6112795,2.157456012,63.4525539
40.26082284,2.108121677,49.3012636,110.8738959,5.18755652,35.57352223
37.24253837,1.819855061,10.68938523,131.3755353,4.009396568,20.9302614
38.12177134,0.940387677,55.59402319,149.8870162,4.075951856,24.72044091
37.4529231,1.8623432,23.74378604,145.1532064,3.486852859,27.85548449
27.77432553,2.357170569,54.39869715,122.4010173,2.809100521,53.75597826
22.49159805,0.323430397,19.84840515,125.4523694,2.20688997,35.42774404
26.8116796,0.834649504,31.98228757,125.5162398,7.926173037,34.71063617
40.7946325,1.211982254,47.46993972,139.3671526,5.962196151,17.21043047
44.51176994,1.295176307,42.01394726,123.6453101,6.66323184,23.48744812
32.34617537,1.401269548,30.7960969,115.9118825,2.390013796,46.83011288
20.24250887,0.821504576,43.93119284,139.8842963,2.089024481,38.29095242
23.5011203,1.70142315,37.4474755,128.3206247,5.601732124,32.49008827
28.05201438,1.648202808,23.78681533,113.0711489,6.342988335,42.57779737
34.46463371,1.486771615,42.31647227,141.6020907,4.369197597,28.73573874
21.87734115,0.373028132,20.21235432,133.4124506,4.326530652,22.14610918
43.58393247,1.244722939,44.69941421,129.574773,4.306877128,22.98707096
29.12709183,0.95494453,10.15554388,136.9337267,2.916535088,21.8280188
42.81460545,1.278492328,37.43862569,130.2147073,6.523481067,17.20004606
39.51304507,2.312479445,30.05338138,135.9368059,3.291156394,29.03542601
38.88593181,1.253275224,25.15518869,144.6995418,3.946462976,21.91275141
35.16798949,0.1335539,35.78539836,134.5405747,6.027558425,19.51425266
35.66959543,1.153208171,42.26558163,136.3840199,2.000628265,26.83239202
35.95008088,2.069555632,58.26561331,134.5542428,6.597543116,23.61335525
35.71803468,1.972146216,51.65322449,131.2471911,7.39456849,27.42456499
33.84320578,1.332136176,45.85749415,116.8788964,2.309704252,46.59290529
44.66035046,0.699445631,33.94834558,123.4271057,5.549742839,19.88158397
38.30726419,1.216212791,29.60720598,137.7243587,4.450753819,16.39509079
39.42365971,1.452885327,11.62648273,127.0190443,2.470780348,18.80772172
41.81157038,2.499691452,27.95484515,126.2451605,6.093385924,15.57941931
25.39099407,1.646027416,52.41885693,140.3707714,5.673911736,29.05674594
22.09510398,1.766235832,29.2012291,110.2227544,5.855961963,58.00433869
32.07236091,1.279489945,33.07924995,137.1597792,6.88097219,23.270004
32.85201739,0.950774922,23.5917212,129.5690604,3.721513854,22.90279034
40.7295445,2.051087161,23.70663794,125.0705032,6.062408429,19.73459317
31.09458948,1.287837578,13.09358804,123.6214645,6.459906167,25.54158299
34.27132564,2.487256312,40.69019628,116.9150198,3.012889788,44.3178467
33.17677346,1.197089378,32.40347015,123.3700833,7.74240125,33.04228874
20.95506959,0.263200681,40.29804037,125.6567389,4.039886268,28.77117006
35.38037241,1.738187529,37.344345,127.4979568,6.282249359,20.70841069
40.70108214,0.211939482,49.94222936,136.8920255,6.524120758,23.87851851
23.9375137,0.701203833,47.55059562,128.1428408,5.024185516,25.47178903
34.85829335,0.948971807,48.57269266,141.8513722,2.772303837,27.63139729
34.84026361,1.874760605,34.96195035,135.5895199,3.653977595,24.48884889
24.1046241,1.286166223,27.69406757,117.5838832,3.405481714,46.65958575
23.08658934,0.168750235,56.67182953,121.0869269,5.11185398,36.85593061
44.50129857,1.580439643,12.71348869,113.1699675,3.567613226,32.33778564
29.84297924,1.08744697,17.63106539,147.8288702,5.280622862,21.64857954
25.68554322,2.312402824,30.97995461,145.4620192,3.729240526,43.16209805
24.28311361,1.298949547,40.69788263,113.391849,2.005874802,66.05222129
36.69004284,1.80154035,10.41001874,132.9630406,4.179540403,21.45468638
35.23613243,0.625284382,45.96614097,148.4160728,5.641105119,24.41882883
36.08880307,1.926336555,37.93632714,139.8857116,6.642180659,20.38559391
22.20015069,1.830292745,34.23513793,129.6724878,2.170186766,54.60666287
42.33836459,2.2697961,31.17475194,119.6441196,3.549878004,29.7505018
29.73165992,0.18117194,35.97435159,121.161483,7.91277272,44.07471646
27.83423516,1.174001674,18.08928672,139.4495182,3.570892331,23.29581613
31.55903618,1.729972967,15.43558696,141.2230109,6.663185939,20.61526758
29.75165164,0.32839336,24.48187394,131.147733,5.05624171,15.83077904
41.58942508,1.085449761,45.4752396,114.8379481,2.733043904,40.97345415
43.23152438,2.361151847,39.41439419,147.3547349,5.860400774,26.15600427
27.58633041,1.146242778,34.00615088,143.7905094,7.798045114,28.64247758
41.59839519,2.46497148,38.57604829,115.6215512,7.320974196,29.14895278
39.53807824,0.236413747,37.96290065,112.2691033,6.141756727,53.39653375
43.27019181,1.822791463,25.35209627,131.4347073,5.072889602,16.41135206
26.1437578,1.494438967,14.87279736,121.3657047,3.915998033,37.60272167
34.42397875,1.301295225,54.83911843,121.3299884,4.141799759,29.35870555
26.86361462,2.430033764,39.99556313,113.4888637,4.077240445,56.29633752
40.60236226,0.411160961,44.88739998,148.1354334,7.532491885,32.71865047
20.13310476,2.250397484,33.19986122,143.2066584,3.267874754,50.83685386
34.12047907,1.758976987,47.824029,114.5533837,4.26817905,46.70531833
28.48008578,0.721590576,39.2248632,145.0639507,4.591779414,21.13473685
28.06709268,2.26400595,12.6900561,137.3182422,4.453405972,31.17975267
36.1226581,1.130307803,54.50485177,123.0176453,2.025189487,38.09256067
41.28711123,2.054145587,25.27680734,144.8500222,3.625841461,29.24341513
35.22988478,1.033207641,16.89453887,133.9208875,4.991411315,13.91990424
41.32932447,2.142233986,14.40205039,143.9467938,6.562959891,18.41861124
26.6149278,1.627909884,46.02201569,128.770717,5.416843912,26.82994385
32.98754637,0.438511921,45.19841834,130.0260416,4.309172028,23.85628234
31.26341348,1.659191592,45.00810624,121.6404012,5.990845261,33.72796901
20.29112249,0.55922743,55.78763863,125.5077077,5.995359247,34.01887208
33.92030358,1.088614307,27.4471511,132.7100828,3.487548096,23.44251134
36.5381081,0.508709402,38.05665282,147.8823689,2.622644883,24.25701084
34.79786011,0.152838678,40.97477915,134.0047104,6.81910105,22.96527404
38.40699747,0.608527695,58.97409143,115.8951277,5.178694276,38.29766331
34.28348821,1.387292857,25.61730719,110.2798474,3.059148572,47.77745847
21.66875637,1.255746323,57.81656,144.0395142,3.572426395,35.18951538
22.9111381,1.303593029,17.43671665,124.5730169,6.598546956,28.4614386
34.91186444,0.694448508,48.2000728,122.5986376,5.919634308,30.85754312
26.8744798,1.744386881,41.644295,142.0292449,7.670999384,30.95556292
21.99112823,1.790231888,50.84480186,147.814572,4.789684489,38.51179354
30.74006859,0.959122781,11.43427868,139.9218035,2.313119779,27.26515083
33.85806495,2.214808212,13.90655215,116.9538925,6.202537205,28.63367721
28.21864971,1.64565572,13.48478898,125.6551317,3.52946453,28.98459473
38.01084256,1.811294261,39.64797277,140.3759421,3.943127321,24.12733246
36.0942652,0.765615803,40.14680338,146.2770326,3.179889523,21.12447744
28.32045903,0.101467924,55.30524447,149.9440026,3.853612397,19.88037315
38.87181322,2.176901469,33.38017573,130.4624363,6.976882854,18.49702902
36.21737606,2.073818523,13.40245275,142.9009927,5.46027983,22.21903869
35.93613447,0.395660531,20.47647008,111.8652657,2.65492246,46.01142732
33.83569252,0.997852324,10.40365474,121.43299,5.51962204,23.30367551
20.2847417,1.68721434,48.83572626,124.8605361,5.801380133,40.88380158
37.41267959,1.665066057,50.77997184,149.0209538,7.308942148,31.97126687
29.40104478,2.164840804,59.89702081,110.1357459,7.157872662,52.05515698
43.56524275,0.436643588,30.60972245,122.3208295,2.377250697,26.15459729
40.44961928,1.131855395,10.96491877,147.2164904,7.20018857,20.75908283
34.69236174,0.333338603,21.73649407,122.2671294,2.305308404,29.76449582
26.30454955,1.035028596,39.38844338,119.0026706,2.924731905,45.2214002
25.09293483,0.136257869,58.09714835,139.2035405,2.669300012,23.4641304
28.50962094,2.255855356,15.17892757,139.8135557,3.090183444,37.52967325
31.91419859,1.364905592,16.07865101,128.8871153,6.819571965,23.56724158
27.40163775,2.139525426,45.08794926,147.8766988,6.116716068,34.81680387
32.87323738,0.243771282,43.36035275,118.1082832,6.121774624,42.2074978
24.13426064,0.645899465,22.52531777,146.5366334,7.532765712,22.71100213
44.44282032,0.722511989,50.65723955,140.2203231,4.351106195,15.64436828
22.69811387,1.028059587,16.43893777,124.7283336,2.019724659,44.9399413
43.29860349,2.026879294,56.28709224,142.2763448,5.838610712,22.59459968
42.83945029,1.027738897,20.05159652,115.3280871,7.208446319,37.00881277
33.13401205,0.591168471,14.06761864,115.2392997,7.857561083,42.50358278
38.1227568,0.255976625,26.97610432,147.1974881,4.183356382,15.8221786
30.90120745,0.290780196,19.39206443,113.7912203,6.932913131,46.90423349
35.75086444,1.924113294,36.34706125,110.1631843,7.095366286,44.69004568
28.51439844,1.167527178,44.34232687,125.5612197,2.866627047,37.26732078
27.52897549,1.842834693,34.54607892,114.154039,5.788991332,47.73302342
34.45574465,1.737489092,43.03036659,144.5214597,3.038840595,30.3441344
32.45324185,0.424869908,28.24602572,146.9077405,4.679784909,19.09619631
34.48840923,0.442931042,11.39612986,129.2970546,7.275601515,25.32671253
27.16651453,1.912820837,58.70320621,127.0188613,6.736802673,34.89305684
29.1739458,1.831043904,50.97067523,131.5615711,5.422036742,26.30068272
22.09744902,1.00727384,13.6709412,119.047785,6.852254986,35.19222229
21.30690931,0.285813432,32.45881981,121.9186345,2.916965053,37.83909796
26.33642824,0.129035252,41.7509535,114.0390868,3.169516206,52.22024951
21.85617148,0.791576679,19.52971353,127.8580036,3.253188749,31.03530943
22.59436772,0.122133457,38.89943057,134.4676649,6.656081332,23.04764176
40.32321013,0.652174291,36.68243091,147.2089494,7.345793027,23.26689646
20.97184243,1.106801777,20.41325943,139.5629268,5.377017923,22.07482664
36.47356985,0.391397837,17.06051546,138.9225493,7.747829748,25.5707578
26.81394372,0.350266619,47.94811448,122.3199585,6.368181507,38.5654668
41.78864202,2.251449846,26.12932231,145.5317319,5.382103003,20.47193827
32.12480711,1.50512807,22.20202669,147.8782279,5.669543161,23.45551183
27.63941148,2.342693648,46.89391764,147.2905175,7.097204919,38.25819765
32.94097339,0.929982793,46.8034346,111.5521211,2.541084245,54.66514372
29.54895048,1.72514785,23.82008282,134.1740255,3.008104922,34.42478382
34.10752662,0.591260019,53.62842306,135.7290042,3.597769903,27.40860016
22.86332171,1.584016761,44.41250825,121.8026064,7.368655136,38.82989085
44.92476257,0.411005752,27.28821089,149.6964873,7.669669827,31.04527839
30.63889694,0.104993534,31.37448251,121.6474984,4.137023291,31.11775007
28.70576599,2.335676323,46.3354843,118.6644663,7.543143356,41.55552104
37.75524621,1.431746503,20.57919164,129.365826,5.281086806,19.99542073
29.09748516,2.324657591,33.43803962,122.9258952,4.839642465,36.78890388
40.83185763,0.901195657,42.67791711,146.9611784,6.996588068,20.90198776
31.35676811,0.886686566,36.9749274,127.6030693,5.276500621,21.18449823
37.98896033,1.061572004,40.4164173,126.4059822,4.726893793,20.21065527
22.68633041,1.794498361,37.31062497,135.0344852,2.095781026,48.51984863
41.15297964,1.457940722,19.96137219,113.2445869,2.077385974,42.85764222
38.39294967,2.320851777,30.51026725,140.2693179,5.765548401,21.62416786
25.29291946,0.161058163,36.59927477,140.7359529,2.440501585,17.8299051
23.63215024,1.799670251,49.00313712,128.9610334,6.421671852,30.72125086
27.90730872,0.892786454,42.69521186,148.2279176,5.73404878,19.276257
44.40176465,0.532560764,31.32954726,133.1735644,4.746377196,11.55029107
26.42078936,1.324949494,58.71999161,137.8094582,6.258821859,29.55651926
31.40318022,1.312153082,15.38977608,146.9737982,7.958428067,26.859269
20.75050564,0.428826469,20.34024343,136.6538137,3.478140642,18.28349142
29.93068824,0.584550535,27.0656305,127.2730403,5.342334201,19.12390761
34.28300039,1.079595196,21.42860385,110.990847,7.057135437,45.30717066
43.82811531,1.08114739,41.27209984,139.1319726,2.101249427,25.5152111
32.91840112,0.862139535,11.97753647,148.5946405,3.221049972,22.3852714
40.47768315,0.456508364,18.87183921,128.8094049,5.125751937,16.27370502
33.67819106,0.11049683,24.66736188,123.5907455,5.31347615,25.68372201
21.01962534,2.42856415,44.16728875,130.7703771,2.517999584,57.22419631
27.87520688,2.364398151,53.79324413,139.1374882,4.444577154,37.63443483
34.3887377,1.26076091,49.92458853,110.027619,5.118708548,50.57678206
43.76484915,2.488124208,19.10404666,145.4884689,4.537854193,22.49641057
41.47825899,1.716770394,38.27028792,145.4545144,6.203577535,25.65921581
25.70889035,0.26525809,11.50113227,131.6519173,6.628183332,22.23694597
25.50274575,0.382523678,25.52683877,114.8951506,4.761569716,42.98154334
25.02932418,2.298666025,50.29918974,136.8722318,4.553958367,39.16210088
43.06247241,1.612125285,32.83328569,115.5138265,6.232182025,33.14548644
41.31665383,2.123640704,17.49706611,130.3018861,5.331814153,16.4299783
39.37208581,2.255847159,31.92766907,113.7451989,7.22263668,32.99978744
29.81837786,1.175060827,19.90164627,133.5626135,4.886876908,20.11350538
32.60951761,0.216462284,29.65957289,122.722773,5.445964854,28.77866359
31.60829362,0.551872837,34.39167364,143.2396566,2.772831219,21.69971086
26.33495269,0.259772674,27.47790563,141.997845,7.015983451,17.01053574
32.62570115,0.55297563,56.84844752,149.938955,4.53375279,22.43349681
20.7624137,1.085279023,38.12651488,120.300127,6.314379757,37.55377403
23.29525934,0.383672345,52.1446337,112.4720437,4.576896494,56.38088854
42.1647399,0.500159795,48.03642735,127.7201306,2.006073378,27.59992395
38.79199418,1.169972277,43.05831546,113.3361334,4.402461502,40.82881564
30.57171023,0.916410281,34.84443742,117.1399886,2.88501317,41.31027365
32.92875906,1.222379498,10.10868919,133.8920057,4.391690476,20.23207853
29.24997215,1.130012867,40.67338003,133.6852341,3.928063641,27.97112557
38.51949668,1.646747262,27.79787265,111.7330991,3.215284272,39.96439473
39.60467948,2.349254917,15.88810834,127.7161901,2.742632583,28.03535324
39.08212976,0.358874412,32.23131318,131.2087477,6.371367333,20.45991669
38.06529312,0.338224358,46.77766611,120.7209695,6.529161814,32.89530953
25.11260847,2.146734667,58.08388973,144.8817273,3.589985031,46.88635557
28.44924948,1.315352091,28.70524456,116.4439459,4.971141348,40.8656135
31.74613587,1.939372057,37.13616494,120.1560722,4.784425685,33.62510475
28.26982479,0.617012569,52.56221917,116.2797766,4.131485426,41.30345582
38.873505,2.089270176,26.699971,114.6618654,3.665823091,37.37881479
28.23383811,2.317231898,17.11286225,145.1591674,3.116190456,42.47892173
23.45580217,1.625159237,24.09409156,121.1143666,7.23735572,36.5632597
29.9760113,0.354109652,54.95614149,138.9009608,6.999874926,27.80917896
44.49786082,2.248707554,17.96965542,127.1192944,4.503076461,15.0262952
25.64703532,2.001970546,26.46105305,135.4349392,6.327207539,26.36354967
35.30396647,1.902106664,33.23201553,147.1270478,4.989992494,25.56382666
30.82432625,0.188147653,52.35566117,143.7843147,2.512299592,24.32673061
21.77561419,2.017510061,56.88566418,112.7594557,6.934343051,59.44850544
32.19691515,0.431082425,31.29051548,143.8081014,3.315629264,16.82684396
37.55410822,0.633726823,56.59770242,128.0729406,6.240905064,23.78540052
32.8304994,1.485123604,18.07295474,124.0058291,5.164387789,25.34598939
41.80265159,0.735953855,17.84261459,136.895517,6.143239819,15.78630968
27.22342542,1.687235695,57.46254098,148.0083149,4.827218334,34.81503591
22.15622928,1.559369074,35.48400668,113.7654199,6.215366891,48.69016978
43.41414029,0.359559035,19.29539177,140.7230812,2.196875318,16.61158574
29.45490874,1.674434991,34.39951853,118.1403212,2.245117635,52.85149782
34.41013879,2.317491784,49.16055777,125.2054449,7.378039791,28.64431077
39.80007815,0.486663772,51.34601829,144.9529207,6.498164096,23.42434952
28.1078416,1.53294885,53.19846283,131.8319674,6.970805119,30.23212122
37.90411345,0.920476893,38.47854515,112.6982659,4.739512322,43.33877943
23.38547125,1.203068012,53.34730072,130.321942,4.757881171,30.51487453
27.28234368,0.78880043,35.50151044,141.5856761,5.204024213,16.92477935
23.6177659,0.949913527,40.35299512,131.1552235,3.461972281,30.6428678
40.28076396,0.169388376,47.93599011,116.6755696,6.401014991,46.30096721
25.56623088,2.455724171,31.27176464,127.801643,6.97672642,30.48855388
37.93508889,1.599519813,13.67907436,146.9738147,7.443344556,19.66432653
43.58245993,1.301693417,27.50831784,136.3281596,5.10220309,13.33866222
33.19430523,1.020916839,41.19721084,139.1954603,4.487459034,19.4086085
33.50072981,1.394498941,19.61661848,141.4374603,6.985599466,20.42040296
31.5258392,1.012254397,17.41926817,113.627737,6.51599468,41.40167205
28.14725358,0.963779026,24.65402723,133.2614624,7.203639318,25.64945209
31.89137577,1.2134717,11.60557311,125.0366077,5.934386345,22.79658688
35.07018831,0.762359281,47.1711449,115.5663665,7.299879821,47.45881875
44.6497893,0.53211976,22.93578011,118.1083823,2.534249996,26.18168628
43.44411398,1.435854156,16.21191983,141.2464189,6.077369466,13.2907038
41.55382396,2.122637047,44.9564708,116.4595642,2.532770531,38.26186971
42.22826339,0.466787627,52.14640063,122.4967443,6.49344586,27.6362983
31.69622958,0.178562417,10.99377979,121.3949335,5.770663221,28.7709555
36.43610818,0.692348188,21.67998854,111.9452146,2.095952129,50.07224893
42.37666807,2.451329544,57.26161624,128.486338,5.595565916,19.63044608
29.82376912,2.089019377,29.2627068,140.6371937,2.877678851,39.45380582
44.04406196,1.530078528,56.92960317,110.8861053,2.854468519,44.99471268
30.39465155,2.330197397,23.71062692,114.502058,2.90277807,55.43377518
35.02706663,1.16866988,20.90338178,138.8074672,4.902941613,17.69642117
37.74511783,2.459873446,20.70542059,133.7432396,2.693121524,33.78345772
43.76480033,0.811124908,14.26143302,138.6099046,2.753934491,19.68915283
26.11540685,0.676733799,54.82161443,119.2041582,3.537007917,41.93176508
38.65327446,1.631315683,58.99175113,142.1507513,2.005149343,34.9507669
33.02038965,1.007569523,57.72544036,129.1948424,3.654738602,30.61822675
26.71392852,1.603277301,52.60140699,134.412079,5.710446601,32.4202641
39.41517099,0.831989244,52.34439538,113.6861367,5.609423364,40.16823182
33.805557,1.583003816,43.05427336,118.2012633,7.817201889,41.97918308
36.52434552,0.761791025,51.3106856,140.9343153,2.717780474,23.27474934
28.07252671,0.222332965,20.41711822,118.9563376,7.193427989,41.63125154
32.0318488,2.289126165,29.39563152,113.7011931,4.347138559,45.29720592
35.43385627,2.219692484,42.04181466,133.8881313,4.322217728,26.04602558
30.12277036,2.429915558,53.73856663,131.9174606,4.092865302,41.83859303
24.9593135,1.819665223,43.02347312,134.3157572,2.748419189,47.31057737
44.04101231,1.738530827,51.95109792,134.7322199,4.871030223,15.71000874
32.7866885,1.441607368,33.69747579,130.0078938,6.724267816,24.16600634
38.34800926,0.402261799,45.86518689,129.7509568,7.252594443,30.70816789
30.27617984,0.554164746,58.99904032,146.9666226,7.777155549,26.94438947
28.8782941,0.794727253,17.67442786,131.355269,6.711754914,21.42732857
30.17910746,2.23637527,56.34603462,134.6920081,5.738550234,27.76423771
30.22991609,0.515126859,36.11819739,120.6787757,4.985202678,33.90074336
33.6045029,2.314895619,42.16090154,144.843728,7.24938351,32.04808989
33.58674675,1.354685759,53.89345035,110.9747237,6.437081641,48.71979565
32.4288454,1.817367125,30.48270863,132.2890705,2.967549056,29.26977179
23.36964462,0.364586768,30.93462874,125.3540118,6.095302957,27.64412768
32.40188696,0.745680517,36.35909182,134.1561678,4.586231588,20.0828712
24.22759751,2.40044466,10.95510422,124.406882,5.574798065,35.38357182
23.15339466,0.738759873,34.83330905,138.7075165,7.390118503,26.88384933
43.31614293,0.811652129,24.55436325,110.8132577,5.915423292,43.28398118
35.12375033,0.574233724,56.39770912,126.2355776,7.632345711,37.62476345
36.48725145,0.409776797,14.38676494,143.250544,7.198218052,18.53588004
30.04484176,0.659818339,32.9660231,120.0080287,2.773407507,39.57789059
42.7245223,1.641584541,57.37340852,112.1100351,2.069911483,47.27434994
35.94826224,1.19288256,55.05176252,129.860963,4.306468452,21.89896322
39.22924674,1.429014007,45.06742212,149.0613384,7.19197993,31.76637681
29.21406173,0.393675589,39.4680526,112.5663425,3.380755956,49.09942104
44.00029702,2.025079473,24.03654686,112.8022597,6.148399531,24.8216103
40.51153225,1.981827281,28.34785564,133.8046626,4.855972215,17.56999399
41.34871158,0.151815787,14.50674324,120.0027085,6.476466563,31.84856673
24.30485669,1.020436227,49.30541489,126.4092493,2.989861274,38.63698683
26.7740802,0.265049445,26.1934884,143.2202861,3.434546234,20.73683688
27.14066499,2.001053871,43.38909495,117.9539474,3.455146817,48.22750384
26.77273058,1.86944724,27.87973886,138.7719975,5.290794881,28.44932396
41.38520405,2.264771426,33.21652207,130.1794205,3.737746747,22.66640096
20.79711988,0.667369501,37.75012362,146.1983077,6.870334237,24.97002876
21.90249972,1.19511012,50.09262042,148.91848,4.080765315,31.75264306
26.84787177,0.542770905,20.55781888,129.3984314,5.965106893,21.1842815
24.99682437,0.990963843,29.93826934,133.3858824,7.691011317,27.75945138
25.79649035,1.353383804,16.50407859,139.8337016,5.641542306,18.2898335
39.94857973,0.227993896,13.78802525,122.7469657,3.452921133,19.86639279
34.07816485,1.815688986,40.23371781,119.069614,6.982740039,33.54694829
20.14426653,1.403904065,19.45455222,148.5874069,2.075255124,48.58999743
30.73306914,2.089501641,12.9899671,127.3046156,3.539222969,31.61313628
30.19712317,0.752273203,54.85489656,110.0636331,4.324942931,55.65433009
22.84863174,2.267970653,36.71572099,143.5087319,3.175873168,52.79547167
36.90354472,2.496866207,16.73141037,133.9865665,5.624108555,19.61311681
37.55242971,2.306316252,12.67130637,116.7423425,5.348003702,28.59105097
38.02233048,1.966941942,15.99300267,111.2055877,4.438979411,42.71929213
38.21177364,2.049685127,33.56686202,121.6592972,3.76627668,28.1960435
20.00132067,1.476986182,43.42326276,147.1154838,4.60344346,34.29797441
43.8480201,0.556369271,42.06400375,147.3396468,3.74721354,19.69904699
40.35521918,1.724897644,17.22115431,122.4401395,3.32755105,27.87106533
42.59954241,1.810607205,41.67444759,143.4372397,4.107620794,22.5836169
20.39108238,2.464924337,30.24328121,127.6738129,5.614013492,42.9953909
43.34646989,1.399123159,33.23718921,136.17379,5.89034514,15.97902582
40.24471322,0.751285636,50.07152031,123.377755,3.784082966,26.83808991
40.93047857,1.740814052,26.62496863,130.6389039,7.684388218,20.17577053
22.33218462,2.450501967,17.34995236,121.7511779,3.57175538,50.53819734
38.46945072,0.52531338,53.67265668,112.4445745,6.272792661,54.8460554
43.99791724,0.882395004,20.60652879,115.5751274,2.488880341,31.45292035
36.96368354,1.400514289,24.70149353,121.6269798,5.989067277,22.14451608
34.26403512,0.508515124,45.32950295,149.0501514,4.759692492,20.74652828
43.64074194,0.153329535,44.17751585,148.626886,5.414647068,20.58778116
31.07342804,0.908759494,50.02000106,143.1065337,3.104435957,27.48470727
34.98233916,2.176889924,19.19333207,119.300242,4.601383811,28.39420606
31.90845734,0.204324158,27.61399467,127.6640856,6.597667139,23.62715796
43.32115553,1.129429742,16.29416195,127.5913135,6.602508997,16.96370815
21.90211817,1.929281855,37.05195736,125.4789298,3.425335767,48.87802289
32.52799252,2.387638233,24.62852963,111.7952122,4.115595651,44.82033999
37.17381103,2.465140958,44.44678205,131.381095,2.022881332,43.70489598
39.79766346,1.112726513,10.0172184,112.9124797,2.539773046,39.62142481
34.57546619,2.380922307,12.98414992,142.0767472,2.760382116,34.77807756
42.7229436,0.185005536,31.62801503,137.6522857,3.761907955,11.38100496
43.54978617,1.890200651,57.9092078,124.1094803,6.55409292,24.54083576
21.60798058,1.642590483,54.54256937,135.8854553,5.061500793,32.65837132
30.05926349,0.698852458,59.7004514,119.3214803,6.755648819,44.03436375
20.58647554,1.317564402,30.84151124,120.6100026,6.529434246,39.79079498
28.23541643,0.410928971,12.32842431,122.5653407,5.522829257,24.44744738
33.42170545,2.191833162,25.2978071,141.880464,4.999161207,27.68424115
42.76987326,0.958955405,43.78854261,118.4276539,7.587925169,35.95724385
41.16385806,1.602506729,16.75819049,132.5112491,5.415621336,12.87865946
23.18749317,0.481063087,24.99860894,118.0186846,4.896943908,41.20632597
22.32575937,0.594795627,12.80830823,121.401497,7.214724857,33.18704801
34.73168347,2.48069529,33.74835192,119.4192517,2.428632289,46.62570929
33.30294931,1.907407347,20.44603388,135.8001868,5.936157917,18.35166256
26.65944104,2.408732487,14.56240134,131.0691578,2.678163501,43.92042542
42.48632711,0.810042797,30.56079047,138.8519658,6.918929767,18.66015616
43.18416024,0.494950904,27.56127022,118.7977375,6.75599711,32.43168892
30.06528596,1.307364312,36.87588685,110.3659414,5.021600206,50.18773404
42.25756393,1.287203877,47.45193277,137.2203827,5.966264901,19.56048276
29.59872236,0.519871633,15.62843682,114.5941583,6.635730148,41.99799343
38.4204208,1.859726967,49.55627951,119.852209,4.89982322,26.4707247
31.89855544,0.968266083,11.31449899,122.2274461,7.435747483,32.1056142
23.06457891,0.547276554,32.15509512,139.8720837,4.622180056,16.81942815
43.19835503,0.896760147,39.37151434,135.0356724,7.352135091,26.70825667
31.35241483,1.452780879,57.84993366,117.3706175,5.496464293,39.15165201
38.36217601,1.843530237,38.69615134,133.9155124,4.557459584,20.64011187
29.17934536,1.256538127,17.93745966,138.3259198,2.024585206,28.46270391
20.47202196,1.361427976,35.87709027,125.5558881,3.773335523,37.8273819
22.51325897,0.433470246,29.78919736,119.8381166,7.207528954,36.61755124
32.40548699,2.295258219,33.96777838,137.1593109,4.572276734,29.92623994
37.24910893,2.328938075,19.85485073,134.435648,4.528811163,21.77225785
28.36838316,1.740223817,35.04135212,113.1164863,4.936464086,48.45784296
37.38721148,0.142315381,17.50198821,136.6671856,3.717824189,14.20017388
37.46588974,1.388978118,47.20215403,129.5407173,4.949307619,23.75470449
37.59839768,1.610125533,39.69531301,140.1347583,4.254578699,21.75354678
32.31304635,2.487170135,13.92638458,117.6287017,7.456655183,32.83686771
42.87215375,2.490560692,54.4807234,120.3286567,5.383800627,24.78145424
32.22991295,2.158266965,40.81898023,131.7325096,7.004905815,25.15647828
31.25662984,0.253194381,25.80535276,129.2693411,6.121244573,20.02985904
24.98452048,2.387863338,12.28211998,125.4546148,3.275617904,48.65763527
27.69137718,1.570386993,41.61133479,139.8413326,7.205993658,24.12955542
21.05836231,2.022128249,28.67201307,132.5900625,2.523624784,51.91778748
35.83838234,1.077262839,55.38090524,138.4108742,4.691827163,21.95549585
26.2133936,0.867206731,11.74389164,116.1301985,3.434932553,40.6700819
27.60388136,1.211785949,11.95512177,139.1595318,5.225332536,17.21457299
39.27036304,0.452498831,57.46496435,128.4611243,3.800297477,23.01997518
28.18052958,0.956958733,58.24369728,111.3507174,6.336957555,55.49750067
26.0548973,2.158281999,11.38711134,119.3796622,7.621512207,38.03934052
24.22644373,0.191081167,45.80166175,111.0302557,6.254539869,58.6815616
39.37146005,0.462107312,21.07474262,128.2749809,4.131862201,17.99535022
23.24265645,0.400278783,45.06963831,123.0351904,5.60041977,35.00595862
31.34384401,1.067381302,53.43663983,149.4979824,7.331156551,32.40337422
32.6732529,2.492768562,15.04157394,144.7401647,3.620170339,40.91951189
37.18474782,0.516059033,21.93832084,143.0268344,2.709228582,19.96002812
35.83208706,0.449158359,11.20388342,130.044662,2.784583932,19.46506111
40.26801682,2.296133751,12.19149227,142.2835,4.969118062,21.31233112
21.11878585,2.216921241,11.48089291,120.6747859,6.392817567,41.02402739
27.41101812,0.177376888,50.03411782,132.4259787,5.943546453,23.18595811
27.00335297,1.904094304,24.91463392,125.7167225,4.723337003,30.70630551
23.65042264,1.673117684,34.66057198,116.8536765,6.375788241,44.63373769
27.22945635,1.942577944,49.39221318,112.9045373,5.803819737,45.8224856
27.74413285,1.286805892,34.74718314,132.3287353,5.769384534,26.07731378
33.04711155,2.479310124,31.45980313,113.9055654,3.214258384,50.62917315
36.59261197,0.205232845,10.57866032,138.7201239,3.875500598,10.71580661
29.52751284,0.662491807,38.40197513,146.8587391,4.066545952,19.886696
37.98675578,1.051710369,16.23715391,116.4842444,6.84914455,35.05425126
28.40413346,1.17946706,48.23241204,128.8375431,6.650662946,32.30807915
27.25709193,2.311281766,22.88688619,139.5509837,3.516036544,40.42431534
33.5297014,1.444010474,43.70937054,121.4735864,2.330913646,46.02971777
20.59290901,0.208266389,42.31117639,146.8305808,6.606702855,20.69135999
21.99472809,1.078871112,40.83378015,145.5386224,4.459197073,25.46036475
30.44923859,1.09957699,23.34760038,114.1501742,3.318819014,46.73798619
43.57281778,2.417178252,23.35448886,111.0959909,2.702101223,40.60203183
38.0377945,1.538073018,53.15240217,149.0583393,2.076887904,39.30368837
22.20316424,1.625562571,10.64036663,148.259001,4.566377809,30.47454898
41.15795032,1.811807275,19.07613167,126.8914242,4.038582886,17.68382924
38.30751927,1.948094358,40.50854588,112.022533,6.178820904,37.90949405
35.27366314,1.624122568,50.85231272,134.7550221,7.859992593,27.56132685
40.50732402,0.669266443,27.91727543,121.7364043,3.240695718,27.2610411
30.10274619,2.197710194,42.67217293,147.4689195,3.458216842,44.92639998
25.53752627,1.857087521,37.85782098,141.786477,4.023815461,37.73206808
32.80058473,1.880489164,13.22700522,135.9837514,4.795625809,22.2366119
33.72104389,2.491736174,41.08750985,121.3801539,6.186192172,29.34785625
33.4581593,2.026063684,50.69517361,138.0507432,4.112189131,34.77306947
34.12684479,2.089963368,59.62241601,121.5667307,2.625203258,44.61620397
43.71762296,2.383373238,11.48200363,111.5052394,6.382049823,24.76307298
42.55614058,0.4627216,43.00290863,130.3373835,6.767850068,25.87376304
41.89292591,1.294545704,30.72747766,129.5473818,3.485891934,25.01342221
40.03542027,1.493360857,10.48939444,140.5202389,2.820537462,21.99409138
43.58570268,0.89026175,40.71804719,144.6269553,5.166806309,16.5111609
22.46236604,2.114568025,16.12136493,124.1787395,3.249885805,44.28452331
26.62808154,1.929807092,28.92834251,127.9789204,4.2449806,30.57712435
32.37639864,1.830119379,23.06835462,128.8160168,6.664167321,23.36924521
41.16336233,2.493158655,28.05817011,122.9689634,3.317642259,29.00129159
32.62914279,0.722515296,34.63477908,139.7354769,6.837555567,18.00796697
38.70086848,1.865097404,27.96047662,130.8840474,6.044119927,18.4073123
23.47399763,1.42337074,37.63659353,146.558231,3.318355182,33.7027888
26.31034532,0.851174038,21.93248451,136.0124309,5.158427606,16.75345971
38.29440238,0.48540849,41.76808837,118.4758624,5.684424575,35.70409716
24.11835022,2.250121209,52.68815021,116.5923459,3.201656227,60.08788623
28.78389837,1.529093158,21.20335235,124.8953735,2.869696015,39.62849923
26.62165645,2.07984121,35.39386079,123.8770616,5.187007607,34.65179402
28.74654236,1.408827962,42.43448923,126.285273,6.163046997,31.43992323
37.70810123,0.627944994,38.23130656,117.3436428,4.79041304,38.66529467
29.19617953,0.910117151,28.28247231,149.1289068,2.420235491,29.30322293
33.88158307,1.015693222,42.1099854,115.8283909,7.55127624,49.53323052
22.49829693,2.43504355,11.41231031,136.105951,6.169792675,32.72043048
40.12544233,0.113519868,28.4953116,110.5227694,5.727177715,48.93827049
29.24721564,2.465598455,36.63061073,126.2784415,5.861762072,31.64934325
36.21335398,2.453107924,11.03065794,122.367336,4.391633605,25.51768737
38.13474004,2.490761897,35.38244148,125.2809855,7.906402996,28.09958571
25.24152305,1.243811629,42.71272304,129.9230938,2.79607527,40.15646179
42.11687462,2.413141527,47.96038489,134.0150001,6.434848265,21.9899591
35.40560629,1.049438036,15.66870407,133.3404538,4.525255762,13.37399714
30.71812854,0.163106658,59.52824374,135.2285468,7.286576286,28.59053467
24.55837959,0.638433247,40.30838507,143.7819073,6.303567645,17.67201472
43.55752345,2.368710988,28.15968963,145.4686862,5.37351334,24.688237
38.8767051,0.133035264,22.45464272,139.490012,7.626161806,23.70237059
25.20061407,1.410385925,38.64484308,113.1576897,7.474660166,53.29474508
28.44276937,0.281443813,54.08558236,148.4516957,2.314003976,25.54705475
40.24185645,0.787351788,36.02826981,147.8959235,3.15552828,18.49460468
37.39194158,0.311422842,43.07360278,138.4681518,6.056279509,20.66824528
39.14460732,2.162868691,27.88482198,130.6975629,7.531036559,22.717453
31.03002756,1.518569703,29.4076144,120.0247343,4.581980015,33.7915357
37.91190657,2.265055518,24.30875529,140.2540456,2.229831472,33.31321861
29.66234307,1.752047679,45.28186472,145.1144071,5.85978356,30.713141
25.28157292,2.430469915,27.95937767,136.607504,3.168121983,44.85979123
35.81692587,1.323706371,19.5358202,135.1629053,5.3139304,17.3400888
44.40034814,1.632905396,28.47002856,117.7201882,4.308099552,23.06846166
27.76502428,1.483141168,52.69136039,124.3118609,5.348162235,32.96379075
31.52423981,1.262225031,46.91260218,138.9254489,7.594617917,28.31002588
36.85003428,2.130302477,26.73204222,110.6759496,4.914803543,38.25693393
33.53765705,1.646860326,55.34044824,135.6505711,2.207172943,38.23724078
41.08569489,2.023149436,13.74163176,140.666812,5.485507918,17.17630937
39.04356766,1.987273448,12.48768957,123.3881795,3.954473181,26.94918671
21.4574301,0.558508386,16.37351774,113.0467108,6.668809306,50.57145401
44.96053085,1.660392478,15.82273779,142.7647752,4.819570822,16.10927971
38.81006134,0.579155246,14.39171575,115.6734732,6.448224427,34.02965169
41.59758291,1.499969148,43.0671306,124.8320442,7.452925972,29.56315161
36.2799428,1.725843243,40.04211898,138.2901642,4.173643948,22.11249067
41.4071282,2.493364172,42.38027553,142.6794395,7.936267474,27.43179421
22.80957437,0.173300748,44.41830271,144.4952767,2.898877196,21.88067116
28.69344589,0.318981746,47.84398762,131.2166877,5.863590091,21.8064097
41.91052359,0.284864071,20.35884637,129.0348679,2.208605619,23.19807093
25.04138028,1.056067087,41.11517566,143.9326911,3.278339995,28.14672624
21.95605246,2.071812068,39.00243297,132.5230838,5.802671549,36.44146388
39.7029735,2.125735199,57.18300129,133.1460291,2.277150437,38.74942126
40.88715389,1.86875103,21.61838621,127.3589347,2.610722512,27.62529994
24.06630545,2.25250778,12.93614672,124.9125589,3.746063569,43.892455
41.35864957,0.874863866,42.67475349,129.2216343,5.453822816,24.52267497
37.16919489,0.311571146,47.00864201,124.5938997,2.095895332,33.52011721
33.00206708,0.239567267,24.15980029,123.741858,4.894125545,25.53465457
40.75625482,2.145118527,38.54242155,149.7465737,5.754462492,30.2498753
30.48123123,1.853047106,12.97680328,123.4485398,4.415136733,32.09999545
24.84984891,1.776676734,58.00224206,120.2553499,2.405838845,63.00814048
27.12131692,0.915223213,15.49624866,124.1569636,5.665247811,26.32731294
32.62910046,1.011772453,13.37852681,133.6312536,5.635012381,14.53035333
33.28326982,2.399472469,12.20550797,146.4396195,5.03625413,32.9400479
40.13952066,0.253131386,31.36359533,141.51457,6.158872854,14.80326689
39.78381809,1.956956169,14.85798717,143.6896456,3.246810399,26.3682468
34.53416393,0.843119977,47.23241205,144.3603444,6.071244454,22.07222448
39.51963708,0.193731084,54.94370803,146.8211359,2.968728438,20.55417296
24.79433646,1.882168266,23.01094662,119.4028493,4.356161786,42.26876681
21.25161318,0.894188526,41.43865596,128.3346412,2.405399878,37.44805611
41.84084557,1.833154045,12.11692235,125.4079067,6.914763992,15.29233699
21.88886234,1.798370519,29.32822358,125.2750798,5.229400526,38.33755752
26.16721074,1.383488501,24.64710567,136.0913461,7.826295214,22.99525999
37.38297374,1.96569551,21.43095482,126.0721224,7.653959606,23.36682821
30.23619844,1.494491978,42.23617448,134.6532122,7.991366817,28.91216993
41.90784925,0.787928447,16.51139732,125.2911745,2.607597022,18.61651968
27.44949487,1.861876723,53.03552616,122.4451273,5.639482271,40.53042043
20.29678367,1.513935558,43.24179532,124.1230871,4.44545127,39.45720163
27.51639101,0.130545476,45.53675893,142.1502822,5.195987524,17.3086799
34.45187623,2.263946027,56.76721543,134.0420414,3.852604196,32.34412498
29.39845939,1.409544684,57.11864358,148.9599093,2.288413028,42.19592754
33.37181889,2.184705437,37.58261619,143.3062491,6.246501618,27.54830078
41.91495297,2.218568414,34.76899086,129.4312243,7.794902443,20.2187932
42.81212636,1.167919976,26.76908041,119.6950534,5.194290957,23.2900038
26.64935162,1.318383991,45.77858051,136.9563645,3.977479703,27.05541539
31.55351183,1.09781053,36.91044435,139.0658411,7.629669492,23.5554591
33.72860038,1.178648261,56.64375399,128.5670392,4.187999177,29.20635416
43.72781142,2.248353182,21.93129744,119.1968853,7.487175156,21.56789615
44.96543298,1.991545634,25.51263431,132.2895327,7.134145129,15.08143948
25.88518122,0.403661623,25.80452237,120.1531701,5.172266034,32.01446997
38.17449678,1.564738676,50.29992273,147.5999327,6.061236,29.82881062
29.45077656,2.490175937,14.95201659,135.1553699,6.201904662,26.44222228
20.20270492,1.529321683,32.78245605,121.6772385,5.84655023,36.00565461
20.23131306,1.986091901,31.37903685,118.6292275,2.96449973,60.60819143
31.51415019,1.945747536,13.65698105,138.6689313,6.15665727,19.93811634
32.20837283,0.940762062,30.53984993,138.3117312,2.019308505,30.93789537
20.56424241,0.992438326,35.66889916,133.8852893,6.26022091,27.58249788
37.17318542,1.837783412,13.25523463,134.572041,5.329016808,18.24377334
27.35008471,1.299960476,35.49310642,134.1547601,3.558562533,27.82235268
33.99732754,1.469369702,57.96189523,124.4041379,6.822586068,30.91997085
27.52297683,1.810973897,58.94571616,147.4965764,4.431673633,38.61911693
24.17835787,1.966180065,36.58398893,129.1711386,4.914663108,36.594543
30.17934346,0.751639787,35.75484663,110.813116,2.166047329,58.36167924
25.80683412,0.452305023,24.27540832,123.9344537,4.407918115,28.50877993
33.37002442,0.800307152,59.85577359,115.2113031,3.004176755,51.70685713
24.97071326,1.31809198,23.71145855,124.5353516,3.656859871,34.24047396
32.71014942,0.921139162,32.64506502,134.3304994,3.512836992,21.67944723
23.93446287,1.464070621,10.14670289,110.906579,2.276124762,71.07435543
36.77436774,0.228317738,27.46161455,144.8080212,4.762967271,13.38268806
38.84844211,1.323400988,13.57201503,134.4123647,5.135554479,10.75947086
22.75985586,0.983163777,47.19123852,121.8148751,5.426375772,37.53500477
31.6950603,1.383200212,38.05072265,122.448207,4.773318623,33.9973845
21.77179252,1.114080052,38.60859386,128.6267271,7.217161364,34.0348194
34.95456114,0.782142042,24.32556429,119.9236722,2.226078471,35.44141213
26.61010745,2.269858973,50.74481451,110.1736771,5.682851635,57.241867
33.19061142,0.543435972,10.16354627,111.0622979,7.196790078,50.54619168
32.93652523,1.735277381,26.68005896,124.3096269,2.246241445,41.68415008
43.10885865,2.31914731,42.97487452,114.9688671,4.977841997,26.58696142
33.72708056,1.392807903,55.39612687,110.894547,5.534163157,49.62287193
34.57496199,2.203380373,21.73079785,144.3707708,3.145434497,39.5759636
30.04132814,0.399643548,37.05500259,120.9654925,3.515000653,29.13541954
43.72699008,1.285093049,36.89957103,130.1249031,6.713560025,20.24671566
39.42964774,1.196860673,53.70871845,117.1763634,5.40438669,36.32302665
27.13513226,0.119485137,12.52584448,111.8689989,3.894672183,45.7133749
41.10523964,1.163817619,31.22377805,139.794652,6.588531334,16.78335073
30.809909,0.985671415,19.12328374,114.9982742,6.480293445,39.31178767
40.71667859,1.707516947,11.07663001,111.0286761,4.072410712,33.94105422
40.57220171,2.351991469,17.35154703,133.4892131,4.931885783,15.2658793
24.72175467,0.305898612,58.82353364,110.5387029,5.987113601,59.92085825
37.52852828,0.885943328,20.74242548,127.4514378,4.059495307,21.10577014
27.26607423,1.16575537,56.75153867,121.5534419,5.774056466,39.9188454
27.43731675,1.192444907,20.26271713,122.7767194,3.506442384,36.99372409
27.40870192,1.95954333,56.56476137,110.1559617,3.752124965,64.62195992
38.13920619,1.164149598,42.73104676,148.5738432,3.86403586,28.88996008
25.74565104,0.165187123,15.66092888,130.6785241,7.616328622,30.39282348
20.02264588,1.804249827,39.09575776,132.9004853,7.002032853,34.03649686
37.88092134,2.223591268,25.92570188,136.6448994,5.390995854,22.81924856
24.2796186,1.33337131,29.1576578,141.9008716,5.383233256,25.12483606
22.61205988,1.494660452,32.00854789,134.3163647,2.336879132,42.19142426
25.93790301,0.491047454,31.13535113,140.4879242,5.89704838,17.22243084
29.49751306,0.629550267,43.20544452,127.9494118,3.968719144,28.36868419
31.89765819,0.664408574,48.41840343,124.8510056,5.673796173,31.58624695
21.11425102,1.13378074,26.45888446,142.9253563,7.041402487,25.97502289
44.26433332,2.32754853,56.21819808,144.612421,2.272989835,38.87412172
37.90157634,1.35228344,56.9233157,115.5122668,5.64238102,36.39497112
28.07985163,0.561034348,12.03452186,131.7064075,5.385203687,13.55576612
27.96743143,0.738610566,10.74543944,137.3456972,3.240599331,20.13150389
31.21356373,1.021636071,31.25331651,113.3439495,5.878597694,44.1523995
35.65612057,1.595821542,39.53226255,147.1838727,5.329011404,23.55439327
23.65932666,1.156079567,23.89523737,130.8043909,6.603920744,26.48194554
24.72324534,1.041867626,22.97068755,135.8182967,2.663711409,31.19635429
41.48586457,1.455348641,43.91669149,117.1297099,4.661644122,26.90510626
26.4063731,0.680403988,40.08521423,120.5773876,7.987597603,43.23593901
29.50487495,0.289367854,18.35734375,114.8400487,6.135685089,45.72459315
41.78179627,0.158594356,54.22504816,120.5599489,6.105789336,34.77970629
36.57869573,0.703021992,43.99880351,129.6958706,3.907226602,21.92361109
28.54279698,0.319820882,28.12881246,143.345184,2.563328625,20.53072948
37.09248864,0.907217532,44.1812345,131.3489366,7.696966251,27.9933711
20.49208038,1.955040497,15.63265434,119.7785439,2.632828418,59.40937478
38.3910665,1.819106393,33.41280623,111.784843,7.956237864,44.79433527
32.17540101,1.566226295,18.44922048,134.8787934,2.754685835,31.67731133
40.32955368,2.146000585,12.07156231,126.8063959,3.025444091,23.99214269
43.8659413,0.776962299,26.91631351,149.3741547,3.85020173,20.08606936
43.14471374,2.224129007,17.53677417,141.1903954,5.074251161,18.6929579
42.73162609,1.058174007,41.67589785,142.3345128,6.742409913,20.8465873
32.8042489,1.062143964,43.7033947,110.4894009,7.826049812,55.26758569
29.00355285,1.072843873,17.43461531,141.1118133,4.152949286,19.97671469
31.62588312,0.335426479,11.23065028,117.7845324,2.122478559,39.29581586
37.24740008,2.441177196,49.64052808,133.4318349,5.700077138,22.94671124
42.09994442,0.432416267,10.10285104,127.8968629,6.264739167,19.53775903
25.17465758,0.918125739,27.19565446,132.864154,4.384665293,22.67204014
42.95482896,0.866320769,34.7291649,115.3377412,3.100856294,35.82485216
40.3795058,0.279230639,50.93210943,128.2756673,3.836093568,19.37923076
44.47140038,0.465424312,51.92793214,111.4777874,5.934798256,46.86608486
42.00629433,0.207660007,46.24697203,111.6399739,4.965097219,42.52884768
26.99843324,0.801770785,22.35988113,136.3095252,6.460544172,17.34942299
22.64889778,2.179976618,46.00934672,148.0679349,3.309021467,52.82968148
22.8060268,0.914661294,22.32695989,141.0957167,7.05191371,24.38337109
27.28058296,0.396860397,20.73040959,128.7662312,2.935309509,26.39559256
35.3545931,1.649665284,37.35639771,112.2348296,3.979492573,44.23700571
40.10800815,2.491842189,43.94272219,111.800806,5.547245779,33.85083452
42.48125767,0.657577095,12.6525883,116.3156904,6.42117915,32.2626163
35.59383461,0.770970413,13.00113006,149.0324202,3.597088827,21.42176042
20.14078282,2.43243293,49.20853434,125.9464427,7.688718413,42.0943291
24.65791941,0.52906309,52.97486255,143.7362917,6.236667699,20.40231363
22.4931551,1.326913762,40.22204582,138.2056976,3.306050191,36.13501107
29.08311189,0.675165119,31.44140049,134.2171464,6.354593214,19.88045258
32.53377484,2.337644555,52.26582398,147.9130445,6.178002168,40.45298848
21.08492946,2.455650435,46.44085164,119.2164628,6.516104431,50.16994711
28.71194939,2.055274831,38.97970992,128.1955865,7.495284348,33.64821717
24.47949187,0.855481158,25.9878561,144.5889186,6.270303112,17.00813918
36.17675416,1.068369941,19.89975308,132.0704523,4.111461757,19.68529994
31.60680923,0.681533641,30.93365196,119.8578056,6.743104866,33.79613962
32.38294117,2.237819121,24.3411288,118.3566567,6.175170547,33.71014356
30.6922947,2.294939866,26.96292939,140.11524,5.445555115,27.62275923
43.90049276,1.105289589,35.78155277,110.5115558,4.12299736,40.09278075
25.36837813,1.675679368,18.45469785,146.5676831,7.526295058,27.47336335
32.9166065,0.497327631,50.308834,110.7367195,5.076528457,48.89000224
38.40043421,1.143846161,17.27647309,135.2395619,5.768620262,14.89579658
33.92111033,1.615597856,34.04968197,134.1899185,4.492178528,22.00390781
43.22552214,1.024967484,47.2985669,133.136446,6.684891853,19.06303355
29.44920889,0.958238862,34.25103538,128.973722,4.046237038,22.11098002
31.59189514,0.102397581,28.05110318,144.0972133,6.863806349,13.63642553
22.21305788,2.030304313,33.74456529,136.3733148,2.647648572,49.83616895
35.22497778,2.234410269,52.43353494,141.2744913,6.253771365,27.50980557
27.20529921,2.426712471,59.52158491,114.6208722,4.861292895,51.4114639
24.00772599,1.826251324,41.55716446,111.9959455,6.192521378,54.0379443
33.61328232,1.41710155,49.67220213,111.1411404,5.188373858,49.44185701
33.30775658,0.746282848,10.72443431,115.8882394,2.805837966,40.34888099
21.89679103,2.498318742,54.01822048,136.6803156,4.861949255,44.12035971
37.45538634,1.515406851,57.702488,129.7608702,7.787353824,33.53921636
35.59430477,1.734769774,38.75846709,140.0900902,6.529043607,21.37611314
24.72543207,1.737774789,47.6902431,117.6692135,3.801135692,47.66189431
31.73587155,2.12860431,35.63723715,124.6785217,7.664684887,31.2286192
38.00807291,0.123214093,24.31018702,145.5399019,6.673677663,18.78528214
33.23589351,0.628592657,52.6123986,147.4285818,4.186682726,23.87267633
29.8872269,1.6972816,39.8418356,146.8691662,5.621443795,28.02573808
28.05846145,2.248349768,38.96915419,142.7322018,4.560113624,36.09466399
35.25984667,1.744813077,42.95661019,137.5294351,2.580142363,31.67613374
43.47771746,1.0923791,52.80015829,146.5471158,6.836176438,27.3489657
36.79362101,0.96773319,46.59530629,138.5672637,3.146468751,23.15226367
21.86864759,1.87107522,20.55620971,148.1574499,4.748229777,35.70817029
31.51712434,1.878970473,33.34117722,110.9915333,6.215828725,45.60046638
42.27060329,1.556939182,59.0149166,146.8656834,7.593282133,30.93912376
22.36156065,0.799520858,37.72803569,132.2296214,2.376356543,32.22332729
44.7218928,2.320371564,56.91226767,114.4719101,4.359401341,32.59818496
43.72673484,1.424511861,50.66847432,118.5964508,5.687886349,29.50160062
21.95686202,1.997181655,43.30117209,144.0863714,6.675855833,35.70217483
43.33533301,0.614339829,27.46826013,130.2446782,7.525587057,25.59009366
29.07831476,0.925697893,25.21596738,149.3127089,2.00298389,31.61411934
41.11772918,2.198990839,42.17105326,114.7012444,5.766580296,33.28008592
30.45958344,0.220256872,31.62806204,126.5001386,2.041621551,34.39377789
31.02137782,1.329556747,49.93768114,123.2749777,6.723531725,33.55706441
35.85607727,1.256093152,48.02283698,130.6454174,2.897999582,30.2156105
39.36193548,1.902952453,25.60652434,135.3375128,7.367723836,22.29221447
20.84472877,0.776545049,45.13643915,136.4651788,2.930745414,33.1466059
34.82889989,0.625760372,34.7275095,110.0518352,6.585973891,51.12300459
24.66832485,2.322718813,26.16460504,113.5584174,3.735823567,57.25895811
28.64873795,1.472103165,30.64832964,111.4025533,5.343523291,49.46176076
28.69921665,0.351254964,54.76759336,144.5839659,5.650605411,20.17877767
31.72650851,0.563286789,27.97588461,122.5316901,3.240563892,32.47874166
28.3534103,2.497182543,24.36996367,124.6825377,3.792181301,42.18568983
22.68402796,0.569461591,27.59036104,128.01485,2.645046695,33.28658061
23.64071846,1.565141227,20.73092181,143.9721759,2.031734032,38.9798408
20.83594964,1.10830739,37.23174937,110.5666504,3.436808231,66.99193612
31.75622713,2.225437828,17.37182182,114.744731,5.096014135,39.80545641
43.86119237,1.912404622,50.87218932,137.4065249,6.281583557,22.96225998
22.89188059,1.532683351,21.27901236,148.5557009,6.761357751,28.39373393
43.65661233,0.125773556,39.90275138,135.7114569,2.418595764,14.90490546
38.33403787,2.211508498,16.25127495,120.4449387,3.634477319,28.34165012
35.93747007,1.16720193,58.92265741,130.7945772,6.621343872,26.47404594
36.13194388,2.335786367,32.72877294,148.999219,4.88521325,33.24778801
40.66819121,1.289293631,51.10856704,131.1230619,3.093121924,27.09384387
22.67299661,1.766138774,48.43239178,124.9403052,4.353284047,40.39741557
32.61885809,0.266302359,45.68465236,125.3370222,3.620205145,27.65029722
37.42727846,1.888363968,51.36824356,148.6813403,2.303921032,43.31127731
34.67051113,0.911190475,15.02318043,138.7566611,6.581762874,22.31921078
40.81947678,0.943261634,43.92485987,137.4869142,3.750161966,16.47892309
21.80679273,0.384774027,23.29136176,119.2821729,7.670787968,44.9294257
37.26752599,0.452457157,49.2935832,132.3793855,7.328750243,25.49781595
33.35069326,0.545821735,57.84343799,124.2698079,6.297664881,32.71834702
29.4790216,0.887694805,55.07447649,119.608061,3.959806323,37.64840372
28.50687456,2.240727791,15.74761112,145.8220914,3.679541316,41.23066479
35.52081582,0.983824572,28.47762103,125.3262324,4.851628881,24.56876369
42.27488437,1.838470496,28.21613786,121.3114865,4.127615002,23.09499382
32.40439815,0.298594009,16.11481332,147.2688159,7.406949944,18.73155557
40.6180791,1.518637118,14.90630267,117.8938559,2.740970836,31.80442172
30.05390955,1.256538955,29.24450675,139.8201914,6.346805454,20.46032259
22.55986157,2.447099073,59.60357752,136.1098858,5.665380766,43.18505224
21.53764341,2.130898648,38.44713255,146.8193771,6.837807148,36.85290206
21.28335928,1.191591454,41.08908143,143.2818855,5.254923961,28.83328338
29.50375355,1.960342634,33.5509455,138.2118087,5.777244066,28.19383464
28.43094377,0.563292979,43.11652762,122.5828664,7.776443792,37.26956928
37.94842559,1.449607186,57.83310404,129.8227605,2.551769316,31.56986178
38.57053754,0.279085733,39.43489768,147.7798305,2.629193953,20.56186997
21.27134922,0.935413677,13.25192299,110.9281052,4.361646108,57.13471279
25.52808157,0.642069236,34.64452846,141.773273,4.83639676,17.14082568
26.85654625,1.825383557,59.63756366,120.072414,3.199232252,51.20997982
33.6902996,1.276217659,29.37013603,117.4006777,2.496006782,45.36226533
23.6128806,1.902569149,39.69406186,119.2889846,2.133057539,62.60196649
23.34853049,1.33670905,15.33183817,112.3900397,6.587553503,45.73422126
43.59472223,0.307562661,17.05902494,149.679193,4.910344362,14.72730584
40.10507268,1.864882359,53.73407266,144.7947657,7.060420579,29.24267105
24.51637255,2.099750234,25.01723141,130.8422387,4.16502341,37.92208316
30.1641952,2.268474942,25.27256367,138.6041271,6.22067678,22.2040009
28.89054998,1.472780669,29.3606498,132.2638145,4.931123134,24.55909986
39.77510185,1.908604862,58.32393365,142.4631578,5.672419992,26.56992233
32.75532291,1.904906409,14.2195248,143.7906077,4.221181047,27.39826126
23.19624342,0.473799424,50.93820513,119.3116171,2.487018623,50.02762935
38.47480158,0.49412965,27.07789382,128.3899108,7.684241493,33.33605413
29.92219946,0.270125214,52.4734013,135.3939094,7.016539118,25.30343987
26.57310619,0.867792724,59.58778248,149.1376332,3.871350639,29.76390118
29.38746555,1.236420611,27.43337051,137.3075752,7.752217613,23.63057646
32.44391409,2.494954847,16.46781831,145.9054004,3.802932388,37.07242157
28.57788791,1.134384021,17.2187749,143.844482,4.657940121,19.28181576
26.04764431,1.842982212,47.93704455,133.2825225,6.530813964,32.04233409
29.96255072,1.764152863,17.24607762,145.7462144,3.85402549,28.66083106
20.47932277,0.590756681,23.02107843,125.0968691,3.947047872,33.71086037
39.31244615,0.240417163,20.21991718,125.1713412,4.460492953,18.66824354
24.27362234,1.410416204,27.7839282,141.2386257,4.810336158,27.05668559
21.09761534,1.780733422,13.71832876,115.3817466,2.741697451,61.7670963
36.34246732,2.495804296,52.83712412,122.2330087,2.104949948,49.36196879
39.34840322,0.960666525,53.00731559,134.342898,7.514943157,28.60973271
40.34572829,2.251274949,30.64664492,126.802624,4.119131792,20.83358172
32.33772957,1.016637894,40.60437845,147.6289484,2.610131609,29.6446253
25.13420462,1.7545881,42.09757855,148.3402428,6.555028413,31.82194287
38.43069193,1.535807033,47.46290577,130.1032524,3.770364026,24.1365453
37.49282693,0.227149104,36.03450438,131.5624756,3.089984445,19.56837132
26.15676835,0.288132225,35.51680227,138.9850837,7.775666197,26.99386248
42.5851939,0.149833815,41.56518887,128.290597,7.523257349,33.9928457
22.60928645,0.990001803,45.15241978,117.6039387,2.634475148,55.44992642
44.56720599,1.889922517,27.33451885,139.8787667,7.395711259,18.62881605
41.50619527,0.514612946,26.51852366,139.5114356,7.345205156,23.15690757
37.19746614,1.554047124,23.4859202,119.7992441,5.806247318,29.84563567
43.46874721,0.793186672,37.44232777,143.3166608,5.178428005,13.77017819
38.05777921,2.012782298,28.00778448,134.5459679,3.304631107,22.1055232
24.76142493,2.016150758,37.01566339,119.4520644,2.728305652,57.13379298
31.05390345,1.960994836,30.29923829,136.0815658,5.638214306,22.65178992
21.78757561,1.359600433,51.83670913,119.3443811,6.93174354,42.19816389
29.74143556,0.782960104,13.65651199,120.6093182,6.131863127,31.4039506
38.54007549,2.042665705,38.61052968,143.9203723,3.084802542,30.77399223
29.66108377,0.546641349,38.78118753,147.1796628,3.740111842,23.59954653
28.25735439,0.795423045,29.18586553,120.2753063,5.278505523,33.49956948
34.88389306,0.541474495,31.05104473,147.1220415,5.749955105,17.69052882
41.80511322,1.718104385,50.00656804,119.5519539,2.433515675,34.91523791
21.18957981,1.746966467,24.03368551,114.6906946,5.684309829,49.67098336
29.63676087,1.666023983,53.57018957,112.3289551,6.417916369,46.08527966
23.95601855,1.09744352,54.81716521,119.6845296,3.088147092,43.96117162
37.38385627,0.340410417,42.53096522,125.4098616,3.47731229,22.59660802
22.64311401,2.286807003,48.64288569,147.1019352,3.553379541,55.11651635
36.62019396,1.318554314,40.64737642,119.68632,7.638861515,33.85365864
27.15452177,1.076733268,36.26295569,124.6186138,4.442096725,28.20920588
24.97292034,1.513179744,58.33388771,139.366235,5.183428738,30.10955626
43.40881395,0.562697046,24.13274821,122.0829635,6.345886098,30.98677842
20.46311442,0.41811707,17.70754733,137.3747261,4.22876158,19.26520835
30.9444318,1.073260531,24.37426816,127.2831128,2.633333282,29.67619116
20.54067481,0.645329666,40.73128042,117.8577981,5.925931224,42.10103809
32.0898262,0.686296707,19.25917191,139.362356,6.003638999,14.17413059
32.52618444,2.242027571,55.44070216,111.0815533,3.56328689,53.77190505
28.04156178,1.373822025,30.55122003,121.693393,2.211373459,47.28473875
23.30404444,1.260325754,52.49814391,124.2472616,5.992118925,35.37401203
29.40968844,1.754751025,22.46182723,128.3287302,6.220553315,22.90674865
36.8065735,2.383715473,25.65841775,137.1947693,2.156389355,37.03944039
39.55989522,0.369276555,12.96116986,128.3761998,6.159099611,23.99941663
33.26876506,2.100482961,22.88838461,133.7729645,7.633571414,25.81099817
34.74585986,1.501646032,34.51569095,133.8311631,3.072711698,25.3862563
25.01540928,0.450796849,57.30684589,124.930866,5.127942528,34.53813425
27.18325833,0.813158365,29.44514869,147.3588506,6.180658728,18.66603659
24.04739025,1.2576674,41.98719397,148.2341532,3.380476413,34.41877152
26.23238375,1.758825147,31.38550587,133.2740354,6.50929335,26.53490287
25.62216951,0.682256841,12.33959254,112.8676352,7.208530578,50.29200636
32.98621966,1.383709157,35.17663129,129.6451026,6.887305765,22.61457503
34.06721889,1.743211906,13.29568234,117.3767731,3.553393494,36.01116498
43.62368552,1.176977802,54.18499623,129.3285809,6.825298645,19.65197326
24.88926618,2.171262307,47.6518481,117.5393262,4.480059466,49.25005597
36.04189275,2.186701847,28.93257356,138.1542098,3.598780549,31.38334841
40.43148172,1.229658922,42.01093331,113.2171648,3.007828803,44.11876115
34.00603659,2.435021705,15.60140777,148.1321631,7.453888655,30.66794947
26.37509131,0.281404222,45.12774935,117.8150356,4.561385249,37.82818427
26.56375575,0.108069708,51.13662045,136.4262534,7.194387121,20.90696985
20.98132633,1.013603833,51.08728243,146.678494,2.957269934,36.65605684
27.63610566,1.542632947,24.21387738,119.9154526,6.601960797,35.3662632
38.61509198,1.610080378,23.18730976,147.371876,2.660080087,31.70107422
21.18794393,1.243469767,36.0698844,125.5469866,2.105389676,52.77299137
25.48238206,0.399719952,58.3886081,148.4212327,7.970295846,31.33523188
37.65581246,0.509194052,56.02614888,148.8545543,2.441224,27.51777424
39.56628907,2.145155161,27.98192409,117.5231962,4.769242712,24.67315377
31.38296025,2.182986716,48.99147531,143.2434935,7.270312298,35.56691503
37.45185846,1.717356491,56.0658882,117.7368405,6.916277288,34.79234943
29.69880422,1.694123133,23.04632329,119.0576248,4.827054278,33.29638717
23.99783113,1.534437107,51.51478248,113.3650602,5.66509104,52.93614261
29.95373734,0.587022126,23.39478135,116.2614779,5.77823691,42.76944573
34.49919551,1.127801681,27.16410629,135.2887587,2.658949898,29.36650568
43.70133205,1.770147164,19.94103454,127.9701092,3.709424566,14.96114745
21.7187738,1.389405453,35.35398995,141.6377695,3.805898967,34.500148
32.68485235,0.144592802,52.16554471,123.2798726,4.268768903,31.25618741
28.22299446,2.388536336,36.40260687,148.7449827,3.643505211,50.12026311
32.70779236,2.127558526,16.17200048,111.9949016,3.508990769,48.03582044
20.59938618,0.725308034,22.58879661,112.5174382,4.128713076,54.88800383
27.82563387,1.579501444,38.14309336,138.054996,4.275359047,30.76087764
40.49670369,2.315774521,39.15937278,145.5015554,4.923344341,23.85321789
33.84854335,0.330426429,38.84529518,141.8200077,3.041212413,19.25131332
31.26456232,1.307270754,13.85017463,129.5926835,6.730019981,19.19421284
27.13812679,1.194983262,47.68479463,120.7856545,7.164006202,38.33141041
27.45106307,1.084492013,55.47140995,110.5380612,3.488989301,60.32474232
29.57753584,2.105412661,35.52594739,130.3780582,2.739804363,39.65424012
40.88926775,1.013550752,45.94146434,129.0254479,6.333871888,20.74994701
44.18033017,0.252792,55.7007746,123.769836,7.545470736,36.60808616
30.96638453,0.258010581,42.13113775,133.1229115,2.210890035,24.77857785
29.83382097,0.202587056,43.71628622,139.1525879,2.086615874,25.05679498
41.1637694,1.081949012,46.07022067,138.0355294,3.100552768,23.03142995
30.67263302,1.824175066,23.02512257,120.5301137,6.108754912,29.45755648
33.80045431,0.588933909,39.13389374,133.4121475,7.788686047,30.88779312
25.77354161,1.651524449,52.10875573,115.9509791,6.502285731,47.75794936
38.58756339,1.749012333,24.80813651,114.8640738,5.438195602,34.01212645
33.29970796,0.712485098,54.85852498,141.4342335,6.203296357,18.39040683
40.22586376,1.541338375,41.01909749,137.7498361,3.384189868,23.22640864
39.51831825,1.743684016,31.15874257,140.717156,6.131311688,20.25837322
25.37511921,1.219872695,41.15914807,116.098491,3.928669721,44.37905072
37.89088876,0.908119833,30.09299528,146.5847436,3.334532797,26.09348567
40.0013602,1.585963724,51.90178009,115.3244645,3.419335991,37.29058989
28.65268102,2.44683301,34.115929,144.8014787,6.006726511,36.1325331
24.31522782,1.124419382,55.06066799,124.0951717,6.603354333,38.16739389
20.06580389,1.040164231,35.49040404,114.2173637,5.490812663,51.18076314
31.27259133,1.214240566,43.01841948,121.4707584,2.383131568,45.44114364
28.81081829,0.282924144,59.88722105,117.2579206,2.228056002,54.4037277
33.87274585,1.427591871,17.34829205,129.6267887,3.3030011,22.6016316
24.70102731,0.888873729,46.83645744,147.9898139,3.718812215,28.15641561
41.49163869,0.391413094,16.9436114,123.1148465,4.428919357,23.42298066
26.44388039,1.219016179,51.94331829,134.4839594,2.456168464,34.38849249
25.66074013,0.108121568,39.82266906,145.668835,6.350952596,19.83278515
32.01785141,1.064284588,56.90797803,135.2029572,6.268988952,27.55631877
32.47127559,0.353764643,53.2978301,124.4879656,4.080065562,32.05183995
25.37713072,0.158302488,13.74360187,149.6335651,5.378015146,13.61044914
26.79651817,2.078740111,16.86512708,117.4965441,2.605495666,57.00569372
24.24263098,2.298997128,40.05854643,130.9302406,4.491311857,40.40019037
37.96150446,0.598419156,35.915732,141.8682199,7.145388545,19.87169257
39.25222578,1.394315833,18.42825653,110.0259548,5.963734779,38.70894718
31.55821244,0.767099577,16.46796141,138.0817301,2.623662654,21.16342574
37.85217557,1.284585853,38.19953917,120.6599559,7.085468187,30.96343955
38.3983848,1.14791517,12.4460774,116.7890689,6.084177377,29.3299555
23.45688819,0.745722532,53.68676515,120.9677785,4.718337765,38.61696867
44.15445062,1.780944591,50.35414599,148.672657,6.152546234,27.07734788
40.52579868,0.403578302,49.26849859,145.6774104,3.036921533,23.39116696
25.11208653,0.227374677,10.79985735,118.5501783,5.302918822,35.03477471
24.65412589,1.942421039,12.38204717,114.6810709,5.707562021,45.39186293
23.14152864,1.698232075,37.49195606,124.5661042,7.566468938,33.10394482
23.45946406,1.296462698,59.72128444,133.6934592,2.401350265,43.41546041
38.70404498,1.222695449,27.11581005,144.6857851,4.248696286,21.29959598
31.74135642,1.293787311,27.21874082,148.643605,7.62088826,31.23322994
39.57335432,1.148857783,16.71389834,140.0461347,3.303326331,19.70341491
38.65637236,1.04294151,43.71679019,133.9602885,6.87920197,22.68260168
35.11531784,1.299257447,42.33383445,115.693281,2.00963321,50.66515921
37.15916516,1.368436411,15.06612082,112.9611351,2.155304419,45.49302734
20.45889311,1.760565554,33.37061435,133.8410751,3.965737312,39.45310524
27.79444117,1.806897186,43.35374544,131.5625642,6.611022265,27.36870813
35.94555448,1.006309792,34.67580682,143.8435243,2.624860815,26.89778188
20.23362384,1.092497255,43.71817909,122.904234,4.297121862,40.32270921
20.82442359,0.996873207,50.81351987,111.5876343,2.788809012,67.76222668
41.29719956,1.387685857,44.29077166,126.9483308,3.341561417,26.06418097
37.10062154,1.188048491,40.80571179,148.7672922,5.017965153,24.83088129
26.63424333,2.235031512,52.67951285,141.8229962,3.914832452,43.09893872
37.199071,1.771267041,55.02942839,111.3508869,3.271475876,48.48383658
39.81141673,2.256775321,29.44432186,144.9871562,4.360981887,30.25630876
27.66985708,1.80192878,18.66249439,128.8675796,6.206329786,26.46472648
20.90093444,2.430381156,50.8930202,124.5907213,2.71650864,65.08869466
43.31947812,1.625768268,20.68765536,123.8695816,4.877566672,17.00886702
28.62949596,2.412520332,56.44753349,133.8057701,3.648318252,41.38123659
22.66204408,0.479607737,11.14389726,131.2239767,4.271725241,20.50399795
32.29642178,0.225946434,56.06355913,136.2650898,6.929331073,24.04653908
39.21169489,1.489900444,39.45914963,132.9456586,7.578379878,24.4830998
25.54118287,2.460383694,48.73710583,115.757783,3.457867431,53.3703177
26.73725125,1.102252594,29.92462935,120.2894404,5.779825741,33.86923529
26.06787467,0.608904069,59.5858146,143.6411829,6.060063679,22.92365462
44.79182632,1.351699478,21.37757138,136.5303406,7.054915994,14.58906784
24.93509334,1.657116699,23.21718313,127.936025,7.394254811,31.16912123
34.38800542,0.856428869,12.5716222,117.3040573,4.807950785,30.58339678
43.13161604,1.81544646,57.02366815,110.3076414,7.895453871,44.89736629
23.67241422,2.440274817,32.80146518,122.4754961,7.824973842,39.93678989
44.27135495,2.252711492,43.74262074,112.1938783,5.038807825,32.19179523
43.68693086,0.799804896,44.37203637,129.2913653,5.252192724,19.8299946
42.11429968,0.88413684,53.72510461,142.8720581,6.006499037,21.39671662
25.36391303,0.991698939,43.24626253,121.4159465,4.242896865,37.82365208
35.8513764,1.046926668,38.10105912,143.9101665,5.972263483,25.27080126
39.02228682,0.340766798,45.51592621,138.1825758,5.085712362,16.58251315
44.6506982,1.928710813,47.54853995,115.0104932,2.212620595,38.57164271
24.51059555,0.976814233,19.29639731,135.7824757,7.11637362,20.16717818
39.15064749,2.211567944,15.48335195,116.0671923,7.642674807,30.82483145
28.47002925,2.324657495,13.74244252,136.1916368,2.157374471,50.45724216
24.39066164,0.158635142,28.70267473,115.7085794,6.735570913,45.40940404
30.53442353,2.472407368,34.90001199,125.7004546,4.314879566,35.29487313
39.8458978,1.804054556,40.78249491,132.6637708,5.5137908,17.94009215
31.62124509,1.348941342,57.90172598,112.0149669,4.999969682,49.04882081
33.43807751,1.03486626,26.53939101,116.1323338,5.307863905,32.24225435
44.87898526,1.344443518,48.0437026,122.816353,4.971117829,23.18917733
29.97773249,0.879099338,36.56788098,128.4928034,7.120252229,30.1529577
35.38501887,1.594450753,21.0044966,144.3394918,6.101040108,16.98684688
29.13110504,0.323152663,40.76527146,117.4909235,4.475823533,43.02273632
29.81964116,1.590694247,58.35880891,123.898838,6.131411487,36.75524232
37.39101884,0.76082764,16.21541496,129.0310495,7.790286915,20.07833372
43.4471744,0.14232359,35.36398823,121.8311422,2.481849572,25.20152208
33.55897376,1.426493839,12.58041771,135.0299111,4.328539829,18.27628003
39.20999822,1.488274614,26.06081494,120.2640974,7.222724194,30.85029358
22.23016397,1.123765611,41.03013388,140.8940168,6.434330665,25.77040108
25.27895094,0.273486958,52.0528468,130.2061638,7.609573337,32.50668231
32.55329102,2.244023087,46.51642109,113.4521953,2.238859326,61.45138508
20.50029309,1.567433937,33.14283891,135.0799558,7.176653655,28.63515284
26.32137447,0.377711919,55.46113786,132.7697402,6.75079262,29.08761741
32.93503225,1.326233384,25.13573325,123.5438942,6.890234096,27.61253667
20.37402996,1.293410358,47.69917051,110.4462831,5.583576369,57.83386076
26.61365716,0.244964485,33.70045109,118.0280617,2.311502211,44.02930097
32.85077049,1.556463289,54.93178773,126.2283812,5.234779574,29.39044992
34.3287312,2.039983357,49.87164108,117.9965614,4.446506822,36.92517351
43.14379233,1.89761933,55.07348307,133.0996448,5.162250516,18.00412407
36.13364058,0.587126594,20.71239245,138.4929958,6.441775842,17.1185131
30.36839506,2.169502071,43.40752161,144.2407063,5.575763807,32.98106345
43.25877943,0.922101198,46.9231704,135.8793047,3.755377339,15.19390131
39.62207458,2.371620108,47.12071326,137.5603689,5.597044058,25.09431993
25.00022303,0.272195114,35.20002252,134.3376746,2.498830658,24.84544137
23.27105903,1.266900852,10.56252612,149.4194423,2.032195947,41.31988053
36.89529089,1.533098505,23.07153919,120.4400228,4.409168164,27.16796018
33.99707914,0.694360236,26.16504375,120.6503472,6.543118167,31.00571774
39.74184034,1.951312453,52.60183086,115.0533457,6.935805386,36.78695756
38.47012625,1.604549632,52.04429086,129.427373,5.29903588,22.21484516
35.63028835,0.143462649,15.2340052,113.8464681,7.208041318,48.92470444
44.65955429,1.560084618,57.49179409,120.8058639,2.755489103,26.14669986
33.33974325,1.279547763,19.12287433,129.3072372,7.784635132,27.35621991
22.82764391,0.570470084,30.71797257,148.3038246,7.530562019,24.22771602
40.70683912,2.489795745,20.75784831,148.5525198,5.595423503,29.54815296
26.29633406,2.253189268,53.01662344,139.7496094,2.352332744,57.39107083
39.4325537,0.802018468,47.47010159,125.5700065,4.725217177,25.24893829
43.9276774,1.39857021,27.67644034,144.6064509,3.075637767,21.78691499
37.41988785,0.859605136,44.0939313,145.0182321,5.77055161,19.7217209
34.90075402,1.961189804,19.21834421,146.4078952,3.139791168,38.69353289
31.50965439,2.33279544,29.11485462,135.6010019,4.890785963,29.28990801
29.11024665,0.961188657,28.85537942,118.0717118,3.233761561,41.49251044
28.82511877,2.033402198,21.89683409,113.6432309,3.091070782,53.1051353
35.90931764,1.296178103,53.81560248,146.5910202,3.487541456,27.21569069
38.78182792,1.051788547,43.94228677,112.2218443,2.175178733,46.6691221
36.96292674,2.352212445,23.99696553,121.8356024,6.296689564,26.88111144
24.96025253,1.324971253,22.10603803,129.4784707,3.840358258,28.30301989
32.3496795,1.221785201,10.89767355,110.8790677,6.188648324,43.58797718
39.7910018,1.713842565,27.32911269,146.2764903,5.920869311,21.57662218
31.89260195,0.726962082,36.33856417,121.4848398,2.396675952,41.17589533
33.41558199,0.87950289,23.8855471,111.140192,3.872208549,45.4127551
39.2784012,2.336910007,45.02291382,149.7435999,5.4011632,34.02479654
36.53163266,1.728471629,30.58747645,122.4557272,7.510407164,29.53811765
30.23362302,2.083929155,25.81589185,145.0705963,4.407918263,29.75684885
42.38531778,0.750668229,56.95288294,128.1389782,5.028749271,18.9351338
24.06417672,1.405096456,23.14004386,136.525036,6.500952821,22.61114525
44.88791121,2.431351041,29.912881,119.643606,6.819772843,18.89333024
22.97131446,0.864889358,29.11453943,130.1150131,7.540043022,29.47583676
20.37374928,0.485143543,22.05991728,120.3060477,4.983136624,35.62159361
42.25047253,1.32612642,20.87383699,148.0433553,3.163027577,24.71149764
26.12383771,1.030770613,25.11900094,112.4378165,6.586527379,47.53998215
38.24249069,0.482985359,53.2118085,120.9869571,2.753451588,34.60660335
40.27538437,2.232523318,48.35414436,145.7243551,4.510053873,29.46563762
41.47465978,2.477737385,44.04997571,129.2014383,5.769278299,17.51522523
44.78985589,1.464597234,32.85514963,134.0033645,6.151137119,19.50788335
27.35099275,1.959224244,35.38769923,136.0677349,6.398166303,23.43914561
37.75608355,2.161692087,23.35694227,112.8371005,3.161194349,44.87696683
22.88499646,1.782356814,13.71579569,110.7095496,7.889895208,57.2938384
30.17023228,0.205974518,26.55202784,147.5136421,3.07051146,18.73685535
41.19929233,0.478322156,34.7791878,120.8601138,2.576440432,31.31899044
29.19145115,0.270374059,12.86565233,125.2125244,5.984302412,27.01937363
34.77738451,0.123711056,14.4116651,137.2837268,7.459999999,20.9351757
32.59433609,0.834391381,23.15126164,119.4521551,5.356302299,31.70710876
36.14878828,1.041654305,28.35401868,139.3228548,5.572894607,16.84699907
44.32235973,0.678471358,29.66584056,128.3296873,5.230908488,16.73439584
21.39338816,0.255051155,15.89430331,144.2643922,2.256489165,21.53034421
34.34903794,1.371671418,21.29106773,121.1416254,6.087869435,25.18694415
41.57571948,0.755966368,23.0823626,118.1528992,4.149194723,26.71803179
32.03456779,2.010489172,13.38174381,143.2675342,7.614042772,29.32985923
21.96317965,0.119326292,26.30498503,123.0530426,3.120740285,39.51731172
34.01348381,2.122064923,13.61107864,126.4747458,3.81269469,28.80935683
28.30184727,2.391408829,45.17289216,141.7483133,5.029128493,38.27481441
23.87354463,1.818724152,29.30238833,135.4230615,4.864130262,31.0418407
41.22586283,1.860745757,26.33761947,127.6690356,4.40182845,19.17666573
33.03998782,2.340549548,16.32610858,119.9956204,3.886417626,36.38117792
43.33191031,0.601771085,21.32518277,140.5680388,2.88310842,17.28506763
40.15041262,2.486957364,21.63526045,117.2172414,6.925531237,27.51996682
37.32429484,1.956354888,59.26021074,147.131184,4.692618724,30.21265732
20.12563758,1.8437697,51.76746898,116.0126428,5.437739355,59.19838101
30.69558642,0.96661739,10.76311458,142.1973477,5.279317182,15.88983888
24.93715704,1.409865965,40.84182954,126.9699547,5.45293368,31.41077378
42.76994778,1.669402692,22.79550482,117.4402493,6.229042231,23.61694276
24.36459962,1.588822867,15.21884644,126.0951575,5.77628597,28.15794804
27.15150129,1.791963132,45.27998816,118.8620726,3.643417504,47.98934103
32.92091919,0.297716174,16.58027747,115.439746,5.322259556,39.47526531
26.58409047,0.953556239,32.18703898,119.566216,3.467077433,41.442232
25.24661693,1.14160004,41.60825824,144.6959389,5.533018759,23.70775812
34.97748313,0.725510315,37.72473781,114.2376955,4.591607721,35.50658949
22.22323807,0.514305449,58.88145492,148.9015835,2.23651027,29.67721425
21.45419397,0.433425952,49.28713066,110.1999381,6.403914124,62.27680248
29.30613238,0.979320141,48.70966881,136.3295262,3.647998506,26.24488751
38.01661136,1.284260081,27.7797697,144.2604794,7.521166131,23.38148792
33.87016896,0.251143456,10.4197746,147.3583059,3.68334345,11.50311641
30.57191171,2.371499427,46.72054648,115.7594237,7.979736459,44.35415322
34.14378911,1.936583975,59.98660421,137.9283399,4.777707007,28.09176595
29.13628712,1.854044256,30.29395539,114.2939686,2.158443918,58.56517728
43.40365839,0.51486526,59.27592495,124.1044598,2.457613891,27.03196016
21.37262227,1.549121843,17.08540548,139.2770543,2.492528094,38.61043087
36.83478698,1.371339872,24.82561758,123.838929,2.337286526,34.74682512
42.28206662,2.45792523,18.53634659,122.5349891,3.606736398,21.38432353
40.09711772,1.894412248,33.75879865,114.6421848,3.947532975,35.51476349
24.60102587,1.481828521,49.84907008,112.6575238,2.667715185,67.69219559
27.39815872,2.1419504,27.03308458,114.6111197,4.628788909,45.2349879
37.92619847,0.47222625,55.31144686,145.018991,4.19210493,18.63292246
22.10676398,0.136519671,37.24152067,110.447941,5.817943975,60.82144311
40.2965425,1.75656,33.27122069,137.7146348,3.175187357,26.30729689
37.97267362,0.335947505,49.35179211,140.7449692,7.483912941,25.74282306
38.24016623,0.377040736,15.07217485,132.7155322,5.095944673,10.84146521
22.50603426,1.887233743,48.68762356,139.2310144,5.742398237,36.09337282
37.94401362,0.749283626,22.14760001,136.0907868,2.23712203,22.70818226
36.99545313,1.608714917,24.04062736,128.2223396,5.354532193,20.02113321
40.77306227,2.301776623,39.97268867,125.3084171,4.208601227,25.60406579
21.03989891,0.859538876,55.09672125,147.6532795,7.545032293,28.03070559
20.57776671,0.621145979,38.92034749,148.8775197,7.313859893,26.16028961
29.3251775,0.355750921,42.44746744,136.0508561,5.8258922,18.72946624
23.7197071,0.413109667,48.82972948,117.8919536,6.607108105,46.22697285
33.95961194,0.249334469,22.96623795,127.9159665,5.867558943,23.24921041
42.93372254,0.310341709,51.36168364,129.8614996,2.10180867,27.42794856
29.78699326,1.136811013,30.89800745,140.3188021,6.218759268,21.82717415
41.12375943,0.870076108,18.78278467,136.7110853,3.062544583,16.51955458
20.00602186,1.795745954,27.50590397,130.5925772,6.09542573,33.16168152
24.21286609,2.18857998,22.30655559,137.2145823,2.063040705,53.49787912
20.76058849,1.983455688,21.43568026,110.9622739,3.86544085,62.97031222
28.20367951,1.373529416,24.12815994,141.0654129,5.101567874,21.21577531
42.70473989,0.345861079,19.04654074,118.4652894,3.999023602,29.0749526
22.42380309,1.803441481,43.38508785,136.2563656,6.163923512,32.74495415
35.16024442,0.970788939,38.99958785,114.5589301,5.136257233,38.1155395
31.28739848,0.305560945,42.42209465,114.5784334,7.758004286,52.42894835
43.46170531,2.121919377,27.18623619,111.4263058,4.146874541,29.23100314
23.06297856,0.911719641,48.48667013,146.4093124,6.331155989,22.82103801
25.30069626,0.623797198,16.48043705,134.1823503,7.015049987,19.97131053
20.73854922,2.191484955,38.55683547,124.4784774,3.521706723,51.23478655
30.84838124,2.265121284,23.77264861,141.5111096,6.524788855,26.65571443
26.94582249,0.913530009,36.38049503,135.043288,4.359884,20.13835503
41.74764835,0.951523406,26.18185876,134.8032207,2.77236291,15.06493907
35.12352033,1.491108466,49.52558825,129.4817118,2.021882465,37.84847087
35.35226845,1.860259585,54.56359194,110.3170711,6.462545316,46.97667577
33.29776742,0.251558085,47.12906117,120.3385003,3.117464473,37.47208886
22.29625843,1.524024777,18.77918564,114.3630678,2.307161805,64.48827988
31.12546709,2.386768148,23.74334492,136.4963941,4.983254525,29.02472792
44.98762974,0.729025353,55.96790328,119.9448329,4.080188208,29.20841694
40.88073227,2.281185314,31.86100638,128.0066666,6.150840227,19.54642114
42.33647635,2.380404018,57.05902047,124.1372119,2.644185772,37.25463713
40.58065898,0.745968738,29.62258444,115.7279495,2.795919018,35.99248535
22.57604234,1.910084478,57.58873303,148.3348093,4.42464625,45.29275291
25.68620635,0.67306002,56.28694939,147.3367725,5.122449029,22.07582588
20.07804128,1.870266788,43.0263445,113.3843274,6.945163512,56.35864834
27.58775312,2.013807931,10.44135242,143.0946141,5.513751146,28.92461347
22.71518506,0.693293689,30.0167341,129.5349473,7.415584671,28.55461887
31.81983363,1.818086905,55.56175648,140.9494354,3.306607017,33.76045777
36.92818721,2.049050893,54.25551446,116.0462852,5.577317096,34.28449129
41.86263238,0.960589293,19.36939,115.2909655,5.931430459,29.77616967
38.73042913,0.502486662,29.9591248,145.6303,6.35483031,16.94626222
43.46463989,0.320714962,51.77549639,145.9127797,7.931904189,35.93599428
21.34745726,1.480916089,38.89389266,128.6364865,4.808202934,35.15166572
20.30449589,2.447435486,52.36496167,144.8063119,4.215917479,51.25416892
36.53345285,2.075080768,51.32836922,136.6983581,7.113240051,23.41909969
27.23381026,1.146015133,55.37410035,117.4003897,3.060745431,48.04954106
26.3375254,1.387890167,15.86102941,123.1581706,2.222168584,42.56682326
28.27217719,0.770866925,17.26075707,115.442426,4.661534321,42.13985311
26.74490145,0.491358082,14.14045145,140.9579468,3.483235127,16.21100885
32.78591016,1.25699478,56.76344205,149.410029,4.379152408,34.12508974
31.00371118,1.212403759,33.75811922,131.8551331,7.916499869,28.26088871
32.81071378,1.352631887,13.21626417,136.2345766,4.090929381,18.06718101
36.81784029,2.386731005,26.07649513,139.8437027,6.24779425,24.46784073
29.67826272,1.54934872,27.57063206,118.9703641,3.502412059,36.91956152
26.28269218,1.553852408,50.47799117,123.4400499,3.820537663,40.88904479
24.15501342,0.407259431,46.77384461,126.4928485,3.458931161,29.16453704
28.73685299,2.491573279,44.46935248,133.7835325,5.432965221,28.99432493
38.54516188,1.954827866,11.09317763,144.0197031,3.356651517,25.68331105
38.91762275,2.205288026,55.53478982,120.1681418,6.310184616,30.05062858
36.67263467,1.094320988,20.77776335,128.835552,6.081645191,19.37251139
25.85070438,1.30510743,41.45307023,140.0613564,4.527618056,26.60985973
34.70215615,1.353001142,13.09095215,113.4954,2.153462126,43.22670878
34.26724154,0.565826894,14.07630459,130.5157383,2.135906793,23.93639133
32.10665495,1.754773975,10.47886481,115.7751881,5.196840903,34.08039799
33.74947466,2.267144137,38.29638223,131.5659559,7.035192971,26.70619007
32.29476582,0.492893964,41.46898348,140.7129105,5.593242028,15.63783052
34.13640915,0.307163856,12.52311516,119.4778964,4.61390277,30.87405379
37.88764887,1.871725373,24.52424424,143.9791378,7.292713001,22.86693789
22.74070486,0.755684396,52.57272071,123.3921644,3.181972694,40.5397449
38.7406438,1.5972701,15.06541834,117.6313945,4.156546576,29.10088958
23.39715375,1.769820011,20.82735823,128.6129358,5.391856711,28.08401881
21.66569996,0.872585833,31.21956042,145.0430033,3.750016815,26.74935086
44.40199216,2.056347034,52.11370513,112.7573224,7.986274891,34.39878677
43.92479422,1.419973557,22.74245272,123.1028586,4.713925502,19.20174292
21.51091362,2.185598579,59.85685077,136.1265268,2.31033334,59.11056067
31.08133604,1.931904526,27.76309066,124.3032347,3.056500513,37.75087955
24.65612346,2.184581517,29.32243292,112.8329598,5.19488521,45.74355465
32.13362243,0.148387317,16.10531021,123.2799588,5.300337198,24.34051835
40.75443107,0.684415026,44.00989504,142.8383754,7.904865603,28.51090074
43.76529437,0.316019057,22.17325914,148.7215009,5.599798511,20.5383934
35.85631634,1.160999241,41.44337976,111.5911679,5.999763922,44.62001934
28.84764168,2.235904292,21.15788642,132.7713527,3.28233662,35.92627385
35.08313914,1.222096629,29.39361336,114.2121373,2.64118929,47.45347417
27.80003265,2.139311307,52.8336046,137.2158612,5.612060049,31.31981963
42.74559102,0.885227771,46.94529557,110.315689,7.18927986,52.41574701
41.76001158,0.914968175,17.729545,110.589665,5.524237711,40.08704625
33.95579376,2.249348153,40.38540837,141.0751931,4.656699309,28.00811546
28.11997288,1.121961152,41.43203258,112.9774129,5.469239848,49.72090757
27.33474189,1.995437171,14.52842368,122.207267,4.812629471,35.05231718
20.83544987,0.667944515,33.29028272,148.321617,2.851289456,29.96711769
40.39552128,2.377121991,23.03341978,149.4098847,6.447106552,28.35710618
31.25958033,1.478987792,33.35650714,116.4561145,5.198228981,38.94310004
28.12832321,1.922376565,48.85354957,132.4360769,4.395937256,36.87851503
31.77775887,0.31483768,17.91297799,132.3659531,5.357831012,16.56355503
40.46844976,1.282394142,16.16521028,128.0952276,3.447361727,18.03700986
23.11535519,2.262492395,23.46582476,146.9880063,4.567746293,44.97149673
41.44139971,2.20489271,57.61377252,140.1613564,5.734671206,24.63635053
42.43772088,0.212353497,47.39121056,140.5810774,3.357161442,15.9944301
43.66769788,0.828876326,10.97279314,120.7827773,6.493970508,27.90839578
29.93719981,1.163968016,30.05024212,127.3727909,5.126065471,22.33484491
25.4285101,0.513435554,22.86989895,129.4969479,7.170240263,27.16925563
